seed,before_promise,before_water,before_mouths,before_straight,before_bank_run,before_canal,after_promise,after_water,after_mouths,after_straight,after_bank_run,after_canal
1,True,True,4,True,25,16.72,True,True,4,True,25,13.93
2,True,True,3,True,18,13,True,True,5,True,19,13
3,True,True,3,True,25,12.17,True,True,4,True,25,7.17
4,True,True,5,True,23,14.13,True,True,5,True,22,17.26
5,True,True,6,True,23,11.84,True,True,6,True,22,9
6,True,True,3,True,23,17,True,True,3,True,17,10.04
7,False,True,2,True,29,17.69,True,True,4,True,19,12.37
8,True,True,6,True,28,20.89,True,True,6,True,27,20.72
9,False,True,2,True,22,12.65,True,True,5,True,21,12.65
10,True,True,4,True,22,16.72,True,True,4,True,21,10.51
11,True,True,4,True,22,12.21,True,True,4,True,21,11.18
12,True,True,3,True,37,14.87,True,True,4,True,20,11.01
13,True,True,6,True,24,15.75,True,True,5,True,20,14.14
14,True,True,4,True,26,16.12,True,True,5,True,26,12
15,True,True,4,True,29,14.56,True,True,4,True,19,10.52
16,True,True,3,True,25,13.45,True,True,3,True,19,10.95
17,True,True,5,True,28,20.22,True,True,5,True,19,15.13
18,True,True,3,True,33,13.9,True,True,5,True,18,13.9
19,True,True,6,True,23,14.74,True,True,5,True,23,13.87
20,True,True,6,True,30,15.78,True,True,6,True,30,15.78
21,True,True,5,True,19,10.98,True,True,5,True,13,7.6
22,True,True,4,True,28,18.11,True,True,6,True,17,13.15
23,True,True,6,True,20,11.69,True,True,5,True,20,11.69
24,True,True,3,True,26,12.16,True,True,4,True,26,10.25
25,True,True,4,True,24,13.93,True,True,4,True,18,12.17
26,False,True,2,True,17,8.85,True,True,3,True,17,10
27,False,False,2,True,23,14.93,True,True,5,True,24,15.07
28,True,True,5,True,27,14.73,True,True,5,True,27,11.98
29,False,True,2,True,25,11.97,True,True,4,True,25,11.97
30,True,True,3,True,21,10.76,True,True,3,True,18,11
