function,variant,repetition,ns_per_call,cpu_mean_percent,cpu_peak_percent,cpu_samples,provisional
exp,native,0,15.463317705831745,85.32172933719814,91.64736252286959,3,true
exp,typescript,0,47.9832960052082,66.90701312461391,78.6417032421235,3,true
exp,rust,0,54.25268858272457,69.77358764662911,73.12998441449544,3,true
exp,typescript,1,45.61882633448496,62.82441873288618,64.96409483066614,3,true
exp,rust,1,52.42197477516167,67.94725215122988,72.2589641347509,3,true
exp,native,1,12.932997893777278,77.91300881641347,81.31444274984435,3,true
exp,rust,2,61.25306751272081,80.53276113299994,86.33401296058264,3,true
exp,native,2,14.775741125532397,81.08319294587886,88.93623673379174,3,true
exp,typescript,2,58.597607624400226,80.24034397130264,85.9516232013148,3,true
hypot,native,0,14.80090638752821,61.59525024296628,67.08333014329709,3,true
hypot,typescript,0,37.225023069433796,51.633317583523386,58.47696844682295,3,true
hypot,rust,0,218.5486465317079,47.33313702516863,48.81399532243286,3,true
hypot,typescript,1,34.22699887991748,46.91087814837517,50.599936043852026,3,true
hypot,rust,1,223.06366764059308,58.20756041040525,58.21488015779484,2,true
hypot,native,1,16.133810577994023,66.83951145708151,76.26769443724851,3,true
hypot,rust,2,216.32973519285977,49.71783057751733,55.68951194433917,3,true
hypot,native,2,12.990904132701395,49.05947020552671,51.21093869711224,3,true
hypot,typescript,2,35.84978333491386,52.67816061290906,58.51004777260691,3,true
pow,native,0,15.17219687892247,60.34381982210086,66.83018674919587,3,true
pow,typescript,0,99.01111655591654,55.94041541338897,63.675854815539815,3,true
pow,rust,0,107.35679081335859,73.89749028005735,86.13708423288996,3,true
pow,typescript,1,116.25765730016624,79.03714849707329,86.6216471132734,3,true
pow,rust,1,109.42380236515643,70.33336228763436,86.73498384512979,3,true
pow,native,1,14.802635734017757,57.45585596517526,71.40185985539256,3,true
pow,rust,2,95.50337177084167,48.82116066850386,52.08896509481943,3,true
pow,native,2,14.464526511002122,46.527455309985385,48.12480795768078,3,true
pow,typescript,2,103.26437751410964,61.36139304394609,68.42075256386262,3,true
