size,seed,absolutes,all_three,promise,standout,readable_water,central_feeders,first_land_ms,first_water_ms,final_ms,settle_days,settles,shown,changed_tiles,lake_share,largest_lake_share,lake_fill,centre_offset,feeding_heads,linked_heads,river_roots,dry_course_in_lake,dry_course_outside_lake,thin_water_outside_lakes,failures,composition_misses,cause
96,1,True,True,True,True,True,True,4919,6045,9542,1.8333333333333333,1,1,0,0.639,0.129,1,0.06589845032524963,4,3,1,0,16,232,,,
96,2,True,False,False,True,True,False,6025,8492,10286,1.8333333333333333,1,1,0,0.547,0.067,0.7680798004987531,0.19369359446692647,4,3,1,5,22,235,"lake area: 6.7% largest, 54.7% wet in lakes",largest lake off-centre (>18% side),river/floodplain water outweighs scattered lakes; thin outside water=235 (known floodplain fix); theme composition: largest lake off-centre (>18% side)
96,3,True,True,True,True,True,False,3177,5579,8714,2.1666666666666665,1,1,0,0.632,0.114,1,0.18767050685480066,4,3,1,0,34,260,,largest lake off-centre (>18% side),theme composition: largest lake off-centre (>18% side)
96,4,True,True,True,True,True,True,4482,9814,12698,4.333333333333333,1,1,0,0.565,0.182,1,0.10649766539427262,4,3,1,0,3,857,,,
96,5,True,True,True,True,True,True,1736,3527,6023,2.0,1,1,0,0.663,0.096,0.33320825515947466,0.13878855158838957,4,3,1,90,39,151,,,
96,6,True,False,False,True,True,True,1131,2980,5415,3.0,1,1,0,0.512,0.082,0.9182926829268293,0.06077688135698563,4,4,1,0,2,100,"lake area: 8.2% largest, 51.2% wet in lakes",,river/floodplain water outweighs scattered lakes; thin outside water=100 (known floodplain fix)
96,7,True,False,False,True,False,False,1953,3395,5483,1.6666666666666667,1,1,0,0.389,0.047,0.21411073003429693,0.05850739392292122,4,1,1,88,50,152,"lake area: 4.7% largest, 38.9% wet in lakes; water: 2 rivers never join it; water: the main river holds water on 81% of its course",fewer than three visibly connected wet heads,"underfilled planned lake (known M9b fix); fixed-size/off-centre basins amplify the miss; dry samples inside planned lakes=88; underfill/channel-in-lake gap (known M9b fixes); dry outside-course samples=50; compare course and water in local map, including thin flow and blocked courses; theme composition: fewer than three visibly connected wet heads"
96,8,True,False,False,True,True,True,1856,3641,5225,0.8333333333333334,1,1,0,0.531,0.155,1,0.09088293691440662,4,4,1,0,0,959,"lake area: 15.5% largest, 53.1% wet in lakes",,river/floodplain water outweighs scattered lakes; thin outside water=959 (known floodplain fix)
96,9,True,True,True,True,True,False,1866,5047,5906,2.5,1,1,0,0.685,0.173,1,0.08065687285262718,4,2,1,0,8,305,,fewer than three visibly connected wet heads,theme composition: fewer than three visibly connected wet heads
96,10,True,False,False,True,False,False,1116,2282,3666,2.0,1,1,0,0.472,0.07,0.5542271562766866,0.07805893858911167,4,1,1,37,79,190,"lake area: 7.0% largest, 47.2% wet in lakes; water: a river holds water on 51% of its course",fewer than three visibly connected wet heads,"underfilled planned lake (known M9b fix); fixed-size/off-centre basins amplify the miss; dry samples inside planned lakes=37; underfill/channel-in-lake gap (known M9b fixes); dry outside-course samples=79; compare course and water in local map, including thin flow and blocked courses; theme composition: fewer than three visibly connected wet heads"
96,11,True,True,True,True,True,True,2197,4089,5253,1.6666666666666667,1,1,0,0.852,0.201,0.8631921824104235,0.13027335098698256,4,3,1,6,9,69,,,
96,12,True,True,True,True,True,True,1038,2566,5069,2.1666666666666665,2,1,0,0.63,0.116,1,0.012972135346879665,4,4,1,0,4,285,,,
96,13,False,False,False,False,False,False,2399,-1,3274,1.1666666666666667,1,1,0,,,0.7034261241970021,0.06186470909823178,4,3,1,2,29,259,"absolute: start.count, water.source_in_flow, resources.mine_site, water.source_in_flow; no playable first map; outcomes unavailable",,fixed badwater hollow reached by another source; shared generator stops on the shown land
96,14,True,False,False,True,False,False,2047,3162,5076,0.8333333333333334,1,1,0,0.498,0.055,0.17435008665511265,0.08349171226967264,4,1,1,89,71,202,"lake area: 5.5% largest, 49.8% wet in lakes; water: 2 rivers never join it; water: a river holds water on 43% of its course",fewer than three visibly connected wet heads,"underfilled planned lake (known M9b fix); fixed-size/off-centre basins amplify the miss; dry samples inside planned lakes=89; underfill/channel-in-lake gap (known M9b fixes); dry outside-course samples=71; compare course and water in local map, including thin flow and blocked courses; theme composition: fewer than three visibly connected wet heads"
96,15,True,False,True,True,False,False,2079,4146,7233,2.5,1,1,0,0.702,0.096,0.6307142857142857,0.08703777000399973,4,2,1,87,26,142,water: 2 rivers never join it; water: a river holds water on 39% of its course,fewer than three visibly connected wet heads,"dry samples inside planned lakes=87; underfill/channel-in-lake gap (known M9b fixes); dry outside-course samples=26; compare course and water in local map, including thin flow and blocked courses; theme composition: fewer than three visibly connected wet heads"
96,16,True,True,True,True,True,True,3941,8737,11070,3.5,1,1,0,0.76,0.188,1,0.054450880496292896,3,3,1,0,0,82,,,
96,17,True,True,True,True,True,True,3014,5956,9388,3.3333333333333335,1,1,0,0.647,0.139,0.8419672131147541,0.0942584039936783,4,4,1,12,30,224,,,
96,18,True,False,False,True,True,True,5521,6919,8325,1.8333333333333333,1,1,0,0.49,0.09,0.6778413736713,0.026485172965794765,4,4,1,25,2,146,"lake area: 9.0% largest, 49.0% wet in lakes",,underfilled planned lake (known M9b fix); fixed-size/off-centre basins amplify the miss
96,19,True,True,True,True,True,True,2016,5882,7105,4.333333333333333,1,1,0,0.757,0.229,0.9976348155156102,0.10050552554194578,3,3,1,0,16,87,,,
96,20,True,False,False,True,True,False,1259,2375,3359,1.1666666666666667,1,1,0,0.445,0.052,0.5288248337028825,0.20933105144886482,4,4,1,13,11,202,"lake area: 5.2% largest, 44.5% wet in lakes",largest lake off-centre (>18% side),underfilled planned lake (known M9b fix); fixed-size/off-centre basins amplify the miss; theme composition: largest lake off-centre (>18% side)
128,1,True,True,True,True,True,True,3516,8036,10505,4.0,1,1,0,0.713,0.117,1,0.020575556561169845,5,4,1,0,9,221,,,
128,2,True,False,False,True,True,False,2101,3746,5864,1.3333333333333333,1,1,0,0.128,0.016,0.1512455516014235,0.08586830621988473,5,4,1,70,11,1361,"lake area: 1.6% largest, 12.8% wet in lakes",no substantial lake (4% area information line),underfilled planned lake (known M9b fix); fixed-size/off-centre basins amplify the miss; theme composition: no substantial lake (4% area information line)
128,3,True,True,True,True,True,True,5728,9264,11214,2.8333333333333335,1,1,0,0.725,0.115,1,0.17406299280018644,5,5,1,0,6,299,,,
128,4,True,True,True,True,True,True,4655,8133,9872,1.8333333333333333,1,1,0,0.772,0.209,1,0.05625636858200508,5,5,1,0,41,333,,,
128,5,True,False,True,True,False,True,1800,4794,8669,3.3333333333333335,1,1,0,0.62,0.076,0.292912644219449,0.0802867934058618,5,3,1,182,68,334,water: 2 rivers never join it; water: a river holds water on 29% of its course,,"dry samples inside planned lakes=182; underfill/channel-in-lake gap (known M9b fixes); dry outside-course samples=68; compare course and water in local map, including thin flow and blocked courses"
128,6,True,False,False,True,False,True,1769,3873,7505,3.0,1,1,0,0.454,0.046,0.3735830458353869,0.09397230781657534,5,4,1,27,27,305,"lake area: 4.6% largest, 45.4% wet in lakes; water: a river holds water on 50% of its course",,"underfilled planned lake (known M9b fix); fixed-size/off-centre basins amplify the miss; dry samples inside planned lakes=27; underfill/channel-in-lake gap (known M9b fixes); dry outside-course samples=27; compare course and water in local map, including thin flow and blocked courses"
128,7,True,True,True,True,True,True,3106,8710,12137,5.0,1,1,0,0.716,0.13,1,0.1285438014075297,5,5,1,0,4,278,,,
128,8,True,True,True,True,True,True,1899,5223,7478,1.5,1,1,0,0.724,0.183,1,0.06617385263820795,5,5,1,0,2,517,,,
128,9,True,False,False,True,True,False,3679,8183,13720,3.0,1,1,0,0.383,0.05,0.9951749095295537,0.2111230924345312,5,4,1,0,0,213,"lake area: 5.0% largest, 38.3% wet in lakes",largest lake off-centre (>18% side),river/floodplain water outweighs scattered lakes; thin outside water=213 (known floodplain fix); theme composition: largest lake off-centre (>18% side)
128,10,True,False,False,True,True,False,5098,8021,11355,2.8333333333333335,1,1,0,0.486,0.06,0.39521686258613703,0.037816672583174005,5,1,1,38,36,227,"lake area: 6.0% largest, 48.6% wet in lakes",fewer than three visibly connected wet heads,underfilled planned lake (known M9b fix); fixed-size/off-centre basins amplify the miss; theme composition: fewer than three visibly connected wet heads
128,11,True,False,False,True,True,True,3875,7824,10654,3.3333333333333335,1,1,0,0.415,0.079,0.9930609097918273,0.10584620758655393,5,5,1,0,5,1186,"lake area: 7.9% largest, 41.5% wet in lakes",,river/floodplain water outweighs scattered lakes; thin outside water=1186 (known floodplain fix)
128,12,True,True,True,True,True,True,4867,11311,21176,3.5,3,1,0,0.731,0.146,1,0.05670059477377939,5,5,1,0,2,248,,,
128,13,True,False,False,True,True,True,5925,11971,15998,3.5,1,1,0,0.418,0.09,1,0.04053661147768274,5,3,1,7,8,1477,"lake area: 9.0% largest, 41.8% wet in lakes",,river/floodplain water outweighs scattered lakes; thin outside water=1477 (known floodplain fix)
128,14,True,False,True,True,False,False,4392,8188,11447,2.3333333333333335,1,1,0,0.576,0.051,0.15910808767951626,0.02838299699627239,5,1,1,287,75,212,water: 5 other water systems; water: 3 rivers never join it; water: the main river holds water on 82% of its course,fewer than three visibly connected wet heads,"dry samples inside planned lakes=287; underfill/channel-in-lake gap (known M9b fixes); dry outside-course samples=75; compare course and water in local map, including thin flow and blocked courses; theme composition: fewer than three visibly connected wet heads"
128,15,True,False,False,True,True,True,4336,5734,7865,1.1666666666666667,1,1,0,0.513,0.065,0.4023422742727616,0.023479213120951036,5,4,1,89,41,423,"lake area: 6.5% largest, 51.3% wet in lakes",,underfilled planned lake (known M9b fix); fixed-size/off-centre basins amplify the miss
128,16,True,True,True,True,True,True,2496,4885,7986,1.0,1,1,0,0.783,0.201,1,0.023566075600039378,5,4,1,0,0,442,,,
128,17,True,True,True,True,True,True,2839,8229,11112,5.333333333333333,1,1,0,0.762,0.174,0.9954640614096302,0.10561462116207068,5,5,1,0,8,222,,,
128,18,True,True,True,True,True,True,1484,4380,7279,1.8333333333333333,2,1,0,0.633,0.07,0.3949175824175824,0.09337481291324953,5,5,1,11,1,97,,,
128,19,False,False,False,False,False,False,5866,-1,8353,2.6666666666666665,1,1,0,,,0.3512919186366135,0.024323666610977002,5,0,1,62,98,656,"absolute: start.count, water.source_in_flow, resources.mine_site, water.source_in_flow; no playable first map; outcomes unavailable",no substantial lake (4% area information line); fewer than three visibly connected wet heads,fixed badwater hollow reached by another source; shared generator stops on the shown land; theme composition: no substantial lake (4% area information line); fewer than three visibly connected wet heads
128,20,True,True,True,True,True,True,3232,7788,9813,4.0,1,1,0,0.585,0.117,1,0.13983369380179528,5,5,1,0,19,507,,,
256,1,False,False,False,False,False,False,5373,-1,120326,6.0,4,1,0,,,0.939305916526525,0.04749048936432758,6,6,1,24,112,490,"absolute: start.count, water.settles, resources.mine_site, water.settles; no playable first map; outcomes unavailable",,lake still moving at six days; shared repair cannot settle within its cut cap
256,2,True,False,False,True,True,False,7745,18727,26649,4.166666666666667,1,1,0,0.514,0.04,1,0.18151887167439829,5,5,1,0,0,2424,"lake area: 4.0% largest, 51.4% wet in lakes",no substantial lake (4% area information line); largest lake off-centre (>18% side),river/floodplain water outweighs scattered lakes; thin outside water=2424 (known floodplain fix); theme composition: no substantial lake (4% area information line); largest lake off-centre (>18% side)
256,3,False,False,False,False,False,False,10092,-1,258424,6.0,6,1,0,,,0.9303050979627644,0.02698413624590361,7,7,1,15,87,1379,"absolute: start.count, water.settles, resources.mine_site, water.settles; no playable first map; outcomes unavailable",,lake still moving at six days; shared repair cannot settle within its cut cap
256,4,True,True,True,True,True,True,8000,18937,24715,2.1666666666666665,1,1,0,0.606,0.055,0.9684466019417476,0.037251863829512843,6,6,1,14,5,803,,,
256,5,True,True,True,True,True,True,6327,23219,32257,3.6666666666666665,1,1,0,0.63,0.063,0.9990317114500121,0.08745230973566002,4,4,1,4,2,665,,,
256,6,True,False,False,True,False,True,14838,29417,37681,2.6666666666666665,1,1,0,0.454,0.043,0.250224054490052,0.05862310475907091,6,4,1,221,76,1482,"lake area: 4.3% largest, 45.4% wet in lakes; water: 2 rivers never join it; water: a river holds water on 36% of its course",,"underfilled planned lake (known M9b fix); fixed-size/off-centre basins amplify the miss; dry samples inside planned lakes=221; underfill/channel-in-lake gap (known M9b fixes); dry outside-course samples=76; compare course and water in local map, including thin flow and blocked courses"
256,7,True,True,True,True,True,True,18358,31431,38932,1.6666666666666667,1,1,0,0.842,0.158,0.9955709609089158,0.09874898586972086,5,5,1,5,7,679,,,
256,8,True,True,True,True,True,True,7131,17641,32326,1.8333333333333333,2,1,0,0.691,0.123,0.9995051954477981,0.02153982932392666,6,6,1,0,0,426,,,
256,9,True,True,True,True,True,True,11838,30406,36496,4.166666666666667,1,1,0,0.763,0.137,0.835364152171891,0.02626938879933293,5,4,1,19,7,367,,,
256,10,True,True,True,True,True,True,9650,19453,26894,1.6666666666666667,1,1,0,0.752,0.122,0.9957526545908807,0.07153490405942664,6,6,1,0,36,813,,,
256,11,False,False,False,False,False,False,7219,-1,22794,3.6666666666666665,1,1,0,,,0.9958454507685917,0.08597960035480266,6,6,1,0,13,1622,"absolute: start.count, water.source_in_flow, resources.mine_site, water.source_in_flow; no playable first map; outcomes unavailable",,fixed badwater hollow reached by another source; shared generator stops on the shown land
256,12,True,False,True,True,False,True,5547,16486,22076,2.6666666666666665,1,1,0,0.78,0.097,0.9857452742485281,0.029464596365983725,4,3,1,0,36,910,water: the main system holds 71% of the water; water: 2 rivers never join it,,"dry outside-course samples=36; compare course and water in local map, including thin flow and blocked courses"
256,13,True,True,True,True,True,True,8527,23422,30696,4.833333333333333,1,1,0,0.735,0.073,0.30897203521491456,0.022480964087867976,6,5,1,60,80,119,,,
256,14,True,True,True,True,True,True,5377,16996,30159,1.6666666666666667,2,1,0,0.828,0.192,0.9428806707590957,0.045710944157778266,5,5,1,44,164,1749,,,
256,15,True,False,False,True,False,False,5331,12727,20422,2.1666666666666665,1,1,0,0.401,0.04,0.3846492515409451,0.09873578346435562,5,5,1,171,155,323,"lake area: 4.0% largest, 40.1% wet in lakes; water: a river holds water on 57% of its course",no substantial lake (4% area information line),"underfilled planned lake (known M9b fix); fixed-size/off-centre basins amplify the miss; dry samples inside planned lakes=171; underfill/channel-in-lake gap (known M9b fixes); dry outside-course samples=155; compare course and water in local map, including thin flow and blocked courses; theme composition: no substantial lake (4% area information line)"
256,16,False,False,False,False,False,False,6701,-1,113122,6.0,4,1,0,,,0.9989913253984265,0.06462136099178169,5,5,1,0,5,408,"absolute: start.count, water.settles, resources.mine_site, water.settles; no playable first map; outcomes unavailable",,lake still moving at six days; shared repair cannot settle within its cut cap
256,17,True,False,True,True,False,False,6900,13359,18538,1.6666666666666667,1,1,0,0.592,0.041,0.2874545843128874,0.07003337150996587,6,0,1,193,197,870,water: the main system holds 66% of the water; water: 5 other water systems; water: 3 rivers never join it; water: a river holds water on 55% of its course,fewer than three visibly connected wet heads,"dry samples inside planned lakes=193; underfill/channel-in-lake gap (known M9b fixes); dry outside-course samples=197; compare course and water in local map, including thin flow and blocked courses; theme composition: fewer than three visibly connected wet heads"
256,18,True,False,False,True,False,True,3527,12448,16566,3.1666666666666665,1,1,0,0.452,0.05,0.290640831926051,0.03639019450392132,6,5,1,284,133,398,"lake area: 5.0% largest, 45.2% wet in lakes; water: a river holds water on 45% of its course",,"underfilled planned lake (known M9b fix); fixed-size/off-centre basins amplify the miss; dry samples inside planned lakes=284; underfill/channel-in-lake gap (known M9b fixes); dry outside-course samples=133; compare course and water in local map, including thin flow and blocked courses"
256,19,True,True,True,True,True,True,3719,11864,15409,1.8333333333333333,1,1,0,0.817,0.182,0.9355419799498746,0.1028712054072156,6,6,1,24,83,814,,,
256,20,True,False,True,True,False,True,5495,17778,22282,4.833333333333333,1,1,0,0.715,0.071,0.3630776412011825,0.09094427401734763,7,7,1,377,102,733,water: a river holds water on 54% of its course,,"dry samples inside planned lakes=377; underfill/channel-in-lake gap (known M9b fixes); dry outside-course samples=102; compare course and water in local map, including thin flow and blocked courses"
