size,seed,absolutes,all_three,promise,standout,readable_water,central_feeders,first_land_ms,first_water_ms,final_ms,settle_days,settles,shown,changed_tiles,lake_share,largest_lake_share,lake_fill,centre_offset,feeding_heads,linked_heads,river_roots,dry_course_in_lake,dry_course_outside_lake,thin_water_outside_lakes,failures,composition_misses,cause,shallow_shore,beach_tiles,land_cpu_ms_direct,water_cpu_ms_direct,start_logs,start_level_land,start_farmland
96,1,True,True,True,True,True,False,534,1718,2223,1.5,3,1,0,0.665,0.11,1,0.24781663631365985,2,1,1,40,22,209,,largest lake off-centre (>18% side); fewer than three feeding river heads; fewer than three visibly connected wet heads,theme composition: largest lake off-centre (>18% side); fewer than three feeding river heads; fewer than three visibly connected wet heads,28,98,,,282,122,174
96,2,True,False,False,True,True,False,1273,2282,2692,4.666666666666667,1,1,0,0.498,0.038,0.9641873278236914,0.08611071622779042,2,2,1,9,4,242,"lake area: 3.8% largest, 49.8% wet in lakes",no substantial lake (4% area information line); competing lakes (>60% of largest); fewer than three feeding river heads; fewer than three visibly connected wet heads,basin scale: largest wet lake is below the promise area threshold; theme composition: no substantial lake (4% area information line); competing lakes (>60% of largest); fewer than three feeding river heads; fewer than three visibly connected wet heads,22,65,,,294,258,309
96,3,True,True,True,True,True,True,1602,2028,2588,1.6666666666666667,1,1,0,0.766,0.176,0.9409722222222222,0.05478519551692957,3,3,1,0,8,84,,,,121,121,,,274,289,211
96,4,True,True,True,True,True,True,618,1045,1523,1.8333333333333333,1,1,0,0.803,0.139,0.9823076923076923,0.16290502202854637,3,3,1,0,0,79,,,,29,157,,,270,359,276
96,5,True,True,True,True,True,False,790,1475,1774,1.1666666666666667,1,1,0,0.751,0.094,0.6515837104072398,0.2571058521919754,4,4,1,16,16,102,,largest lake off-centre (>18% side),theme composition: largest lake off-centre (>18% side),291,252,,,597,235,153
96,6,True,True,True,True,True,True,696,1442,1893,1.3333333333333333,1,1,0,0.748,0.063,1,0.1411805424288589,3,3,1,11,0,59,,,,13,17,,,416,397,199
96,7,True,True,True,True,True,True,915,1240,2107,1.5,1,1,0,0.607,0.073,0.7165605095541401,0.1202083132742778,3,3,1,6,1,103,,,,168,178,,,314,332,243
96,8,True,True,True,True,True,False,512,994,1457,1.8333333333333333,1,1,0,0.623,0.122,1,0.12775190244665935,3,2,1,0,2,248,,fewer than three visibly connected wet heads,theme composition: fewer than three visibly connected wet heads,58,65,,,276,181,206
96,9,True,False,False,True,False,False,743,1085,1453,1.1666666666666667,1,1,0,0.377,0.038,0.2615844544095665,0.0525876940093829,4,4,1,51,3,88,"lake area: 3.8% largest, 37.7% wet in lakes; water: a river holds water on 56% of its course",no substantial lake (4% area information line),"planned lake is less than 75% wet after settling; catchment/outlet lowers its effective area; dry samples inside planned lakes=51; settled water does not occupy the full planned lake; dry outside-course samples=3; compare course and water in local map, including thin flow and blocked courses; theme composition: no substantial lake (4% area information line)",192,44,,,289,413,358
96,10,True,False,False,True,True,False,1752,3774,4090,2.5,4,1,0,0.525,0.042,0.761252446183953,0.32452251192948417,3,3,1,10,11,84,"lake area: 4.2% largest, 52.5% wet in lakes",largest lake off-centre (>18% side); competing lakes (>60% of largest),water outside the lakes leaves their share below the promise threshold; thin outside water=84; theme composition: largest lake off-centre (>18% side); competing lakes (>60% of largest),92,71,,,352,478,222
96,11,True,False,False,True,True,False,1148,1395,1738,0.8333333333333334,1,1,0,0.486,0.032,0.8054054054054054,0.39469023034138534,3,2,1,0,9,125,"lake area: 3.2% largest, 48.6% wet in lakes",no substantial lake (4% area information line); largest lake off-centre (>18% side); fewer than three visibly connected wet heads,basin scale: largest wet lake is below the promise area threshold; theme composition: no substantial lake (4% area information line); largest lake off-centre (>18% side); fewer than three visibly connected wet heads,73,72,,,245,293,118
96,12,True,True,True,True,True,False,464,688,1089,0.6666666666666666,1,1,0,0.663,0.048,0.5045766590389016,0.33615869283861827,4,3,1,37,17,127,,largest lake off-centre (>18% side),theme composition: largest lake off-centre (>18% side),170,139,,,310,265,160
96,13,True,True,True,True,True,False,664,1760,2418,1.0,2,1,0,0.612,0.069,0.8410596026490066,0.21285093661687593,3,2,1,15,20,109,,largest lake off-centre (>18% side); fewer than three visibly connected wet heads,theme composition: largest lake off-centre (>18% side); fewer than three visibly connected wet heads,144,67,,,278,523,367
96,14,True,True,True,True,True,True,637,1430,2151,3.0,1,1,0,0.762,0.182,1,0.08103085942632365,3,3,1,0,1,104,,,,206,119,,,545,317,237
96,15,True,False,False,True,False,False,460,668,1072,0.8333333333333334,1,1,0,0.536,0.069,0.9906687402799378,0.18068976539498233,2,1,2,0,6,255,"lake area: 6.9% largest, 53.6% wet in lakes; water: the main system holds 71% of the water",largest lake off-centre (>18% side); fewer than three feeding river heads; fewer than three visibly connected wet heads,"water outside the lakes leaves their share below the promise threshold; thin outside water=255; separately draining river/lake branches (2 planned edge outlets); dry outside-course samples=6; compare course and water in local map, including thin flow and blocked courses; theme composition: largest lake off-centre (>18% side); fewer than three feeding river heads; fewer than three visibly connected wet heads",12,48,,,265,445,305
96,16,True,True,True,True,True,True,869,1655,2235,3.3333333333333335,1,1,0,0.653,0.104,1,0.02222795696957735,4,3,1,0,0,40,,,,106,70,,,292,323,335
96,17,True,True,True,True,True,False,666,5058,5306,1.6666666666666667,8,1,0,0.705,0.132,1,0.03351522477037262,2,2,1,9,4,27,,fewer than three feeding river heads; fewer than three visibly connected wet heads,theme composition: fewer than three feeding river heads; fewer than three visibly connected wet heads,58,31,,,289,390,388
96,18,True,False,False,True,False,False,975,1192,1541,1.1666666666666667,1,1,0,0.375,0.053,0.2489816700610998,0.11184732302232384,3,2,1,67,30,84,"lake area: 5.3% largest, 37.5% wet in lakes; water: a river holds water on 44% of its course",fewer than three visibly connected wet heads,"planned lake is less than 75% wet after settling; catchment/outlet lowers its effective area; dry samples inside planned lakes=67; settled water does not occupy the full planned lake; dry outside-course samples=30; compare course and water in local map, including thin flow and blocked courses; theme composition: fewer than three visibly connected wet heads",172,96,,,396,327,269
96,19,True,False,False,True,True,False,675,966,1350,1.5,1,1,0,0.279,0.03,0.3903133903133903,0.1290751008450525,4,4,1,2,7,129,"lake area: 3.0% largest, 27.9% wet in lakes",no substantial lake (4% area information line),planned lake is less than 75% wet after settling; catchment/outlet lowers its effective area; theme composition: no substantial lake (4% area information line),114,65,,,261,254,233
96,20,True,False,False,True,True,False,828,1079,1584,1.1666666666666667,1,1,0,0.466,0.051,0.8247787610619469,0.10704529320166216,2,1,1,5,24,99,"lake area: 5.1% largest, 46.6% wet in lakes",fewer than three feeding river heads; fewer than three visibly connected wet heads,water outside the lakes leaves their share below the promise threshold; thin outside water=99; theme composition: fewer than three feeding river heads; fewer than three visibly connected wet heads,120,65,,,272,355,185
128,1,True,True,True,True,True,False,1736,2480,3149,1.3333333333333333,1,1,0,0.587,0.083,0.6764413518886679,0.19647254796977767,2,2,1,13,33,86,,largest lake off-centre (>18% side); fewer than three feeding river heads; fewer than three visibly connected wet heads,theme composition: largest lake off-centre (>18% side); fewer than three feeding river heads; fewer than three visibly connected wet heads,201,185,,,341,645,241
128,2,True,True,True,True,True,False,2535,3478,4556,1.8333333333333333,1,1,0,0.781,0.093,0.9405572755417957,0.21232937758860224,5,5,1,2,41,245,,largest lake off-centre (>18% side),theme composition: largest lake off-centre (>18% side),49,66,,,299,416,335
128,3,True,False,False,True,False,True,1163,2156,2870,1.6666666666666667,1,1,0,0.523,0.057,0.5341757610568638,0.10731098182359931,4,4,2,96,62,239,"lake area: 5.7% largest, 52.3% wet in lakes; water: a river holds water on 50% of its course",,"planned lake is less than 75% wet after settling; catchment/outlet lowers its effective area; separately draining river/lake branches (2 planned edge outlets); dry samples inside planned lakes=96; settled water does not occupy the full planned lake; dry outside-course samples=62; compare course and water in local map, including thin flow and blocked courses",258,178,,,284,557,371
128,4,True,True,True,True,True,False,2522,3415,4316,1.6666666666666667,1,1,0,0.736,0.1,0.9831223628691983,0.20929736242701935,4,4,1,0,3,167,,largest lake off-centre (>18% side),theme composition: largest lake off-centre (>18% side),141,195,,,360,411,426
128,5,True,True,True,True,True,False,2816,3367,3974,1.1666666666666667,1,1,0,0.578,0.053,0.95,0.23795090472851527,2,2,1,0,12,151,,largest lake off-centre (>18% side); fewer than three feeding river heads; fewer than three visibly connected wet heads,theme composition: largest lake off-centre (>18% side); fewer than three feeding river heads; fewer than three visibly connected wet heads,39,40,,,351,306,208
128,6,True,True,True,True,True,False,990,1593,2217,1.3333333333333333,1,1,0,0.712,0.077,0.6043062200956938,0.30600778390514766,3,3,1,22,1,113,,largest lake off-centre (>18% side),theme composition: largest lake off-centre (>18% side),147,175,,,326,499,206
128,7,True,True,True,True,True,False,1568,2633,3934,2.3333333333333335,1,1,0,0.742,0.074,0.9909688013136289,0.24404168087137643,3,2,1,3,39,53,,largest lake off-centre (>18% side); competing lakes (>60% of largest); fewer than three visibly connected wet heads,theme composition: largest lake off-centre (>18% side); competing lakes (>60% of largest); fewer than three visibly connected wet heads,126,75,,,320,522,171
128,8,True,True,True,True,True,True,1384,2842,3553,3.1666666666666665,1,1,0,0.806,0.137,0.7743163724472135,0.12754813486946923,4,4,1,31,26,84,,,,360,299,,,299,481,390
128,9,True,False,True,True,False,False,1554,2123,3063,0.5,1,1,0,0.893,0.129,0.5263157894736842,0.1711840052455797,2,1,2,71,79,105,water: the main system holds 45% of the water; water: 2 rivers never join it,fewer than three feeding river heads; fewer than three visibly connected wet heads,"separately draining river/lake branches (2 planned edge outlets); dry samples inside planned lakes=71; settled water does not occupy the full planned lake; dry outside-course samples=79; compare course and water in local map, including thin flow and blocked courses; theme composition: fewer than three feeding river heads; fewer than three visibly connected wet heads",315,266,,,336,586,266
128,10,True,True,True,True,True,False,2400,8139,8786,1.5,2,1,0,0.71,0.056,1,0.21798125320372227,2,2,1,5,13,304,,largest lake off-centre (>18% side); competing lakes (>60% of largest); fewer than three feeding river heads; fewer than three visibly connected wet heads,theme composition: largest lake off-centre (>18% side); competing lakes (>60% of largest); fewer than three feeding river heads; fewer than three visibly connected wet heads,148,51,,,263,712,381
128,11,True,False,False,True,False,False,4972,5832,6568,1.1666666666666667,2,1,0,0.515,0.029,0.6090909090909091,0.038235798068336026,4,2,1,20,6,145,"lake area: 2.9% largest, 51.5% wet in lakes; water: 2 rivers never join it",no substantial lake (4% area information line); fewer than three visibly connected wet heads,"planned lake is less than 75% wet after settling; catchment/outlet lowers its effective area; dry samples inside planned lakes=20; settled water does not occupy the full planned lake; dry outside-course samples=6; compare course and water in local map, including thin flow and blocked courses; theme composition: no substantial lake (4% area information line); fewer than three visibly connected wet heads",124,126,,,240,213,240
128,12,True,False,False,True,False,False,1754,2532,3229,1.3333333333333333,1,1,0,0.575,0.037,0.8087071240105541,0.23180223902081032,4,3,2,44,9,265,"lake area: 3.7% largest, 57.5% wet in lakes; water: the main system holds 71% of the water; water: 2 rivers never join it",no substantial lake (4% area information line); largest lake off-centre (>18% side),"basin scale: largest wet lake is below the promise area threshold; separately draining river/lake branches (2 planned edge outlets); dry samples inside planned lakes=44; settled water does not occupy the full planned lake; dry outside-course samples=9; compare course and water in local map, including thin flow and blocked courses; theme composition: no substantial lake (4% area information line); largest lake off-centre (>18% side)",114,112,,,376,592,331
128,13,True,False,False,True,True,False,1546,2202,2824,1.1666666666666667,1,1,0,0.506,0.044,1,0.3331688456961515,4,3,1,0,5,213,"lake area: 4.4% largest, 50.6% wet in lakes",largest lake off-centre (>18% side),water outside the lakes leaves their share below the promise threshold; thin outside water=213; theme composition: largest lake off-centre (>18% side),16,48,,,392,631,380
128,14,True,True,True,True,True,True,1307,2487,3486,2.0,1,1,0,0.737,0.101,0.9958058717795086,0.07050221202268381,4,4,1,16,16,207,,,,176,86,,,437,360,347
128,15,True,False,True,True,False,False,904,1483,2088,2.1666666666666665,1,1,0,0.66,0.049,0.6256851996867658,0.18404620697526394,3,3,1,44,64,43,water: the main river holds water on 84% of its course,largest lake off-centre (>18% side),"dry samples inside planned lakes=44; settled water does not occupy the full planned lake; dry outside-course samples=64; compare course and water in local map, including thin flow and blocked courses; theme composition: largest lake off-centre (>18% side)",174,163,,,227,271,282
128,16,True,False,True,True,False,True,1860,2402,3093,1.1666666666666667,1,1,0,0.871,0.12,0.4346103038309115,0.06196694818735117,4,4,1,127,15,127,water: a river holds water on 40% of its course,,"dry samples inside planned lakes=127; settled water does not occupy the full planned lake; dry outside-course samples=15; compare course and water in local map, including thin flow and blocked courses",518,513,,,313,703,301
128,17,True,True,True,True,True,True,976,1864,2651,2.5,1,1,0,0.672,0.085,0.5142645424231197,0.12971313802997705,3,3,1,10,26,127,,,,244,265,,,333,516,300
128,18,True,True,True,True,True,False,1725,2296,3070,1.1666666666666667,1,1,0,0.607,0.046,0.8,0.32746496565499617,4,0,1,8,51,190,,largest lake off-centre (>18% side); fewer than three visibly connected wet heads,theme composition: largest lake off-centre (>18% side); fewer than three visibly connected wet heads,99,50,,,374,396,332
128,19,True,True,True,True,True,False,1726,2557,3375,1.8333333333333333,1,1,0,0.786,0.142,0.9974226804123711,0.1956409090368464,3,3,1,0,13,155,,largest lake off-centre (>18% side),theme composition: largest lake off-centre (>18% side),41,33,,,360,545,310
128,20,True,True,True,True,True,False,4700,12181,13048,3.1666666666666665,4,1,0,0.632,0.125,0.868276154171961,0.2268926454009491,4,4,1,14,2,260,,largest lake off-centre (>18% side),theme composition: largest lake off-centre (>18% side),238,218,,,403,496,518
256,1,True,True,True,True,True,False,5324,10256,13073,2.1666666666666665,1,1,0,0.918,0.086,0.4464002537266096,0.1602465534321512,6,5,1,158,57,506,,competing lakes (>60% of largest),theme composition: competing lakes (>60% of largest),1106,1026,,,399,691,517
256,2,True,False,False,True,False,False,7949,9531,10714,1.8333333333333333,1,1,0,0.442,0.017,0.7014742014742015,0.30402728934324935,3,3,1,0,15,24,"lake area: 1.7% largest, 44.2% wet in lakes; water: only 28% of the land lies near clean water",no substantial lake (4% area information line); largest lake off-centre (>18% side),"planned lake is less than 75% wet after settling; catchment/outlet lowers its effective area; water occupies too little of the catchment to bring enough land near it; dry outside-course samples=15; compare course and water in local map, including thin flow and blocked courses; theme composition: no substantial lake (4% area information line); largest lake off-centre (>18% side)",324,244,,,490,657,333
256,3,True,False,False,True,True,False,8996,16975,18431,5.166666666666667,1,1,0,0.385,0.03,0.2953662182361734,0.24363404501693942,7,7,1,0,47,2131,"lake area: 3.0% largest, 38.5% wet in lakes",no substantial lake (4% area information line); largest lake off-centre (>18% side); competing lakes (>60% of largest),planned lake is less than 75% wet after settling; catchment/outlet lowers its effective area; theme composition: no substantial lake (4% area information line); largest lake off-centre (>18% side); competing lakes (>60% of largest),242,292,,,311,672,637
256,4,True,False,True,True,False,True,2327,5123,6655,2.3333333333333335,1,1,0,0.772,0.117,0.6459301834164484,0.03510494492334845,6,3,1,252,175,847,water: 4 other water systems,,"dry samples inside planned lakes=252; settled water does not occupy the full planned lake; dry outside-course samples=175; compare course and water in local map, including thin flow and blocked courses",697,738,,,276,792,386
256,5,True,True,True,True,True,True,5841,11936,13192,5.0,1,1,0,0.934,0.104,0.6083213773314203,0.11265241389406727,5,5,1,17,16,110,,,,1331,973,,,291,753,236
256,6,True,True,True,True,True,False,9844,13663,14958,2.6666666666666665,1,1,0,0.728,0.078,0.9739862280030605,0.318255721645463,6,6,1,0,1,638,,largest lake off-centre (>18% side),theme composition: largest lake off-centre (>18% side),333,254,,,409,927,660
256,7,True,True,True,True,True,False,5141,10499,12134,3.1666666666666665,1,1,0,0.768,0.047,0.9320743222662199,0.18100801582146267,7,7,1,21,43,857,,largest lake off-centre (>18% side); competing lakes (>60% of largest),theme composition: largest lake off-centre (>18% side); competing lakes (>60% of largest),176,257,,,366,549,342
256,8,True,True,True,True,True,True,1718,5860,11114,3.5,2,1,0,0.729,0.071,0.9244946492271106,0.09080870134210632,6,6,1,0,24,138,,,,94,161,,,312,703,267
256,9,True,True,True,True,True,True,6101,13300,15636,5.333333333333333,2,1,0,0.746,0.054,0.8915,0.1650216488703274,6,6,1,13,43,413,,,,407,578,,,365,271,266
256,10,True,False,False,True,False,False,3157,7236,12640,4.0,2,1,0,0.453,0.031,0.6046443268665491,0.11161764302280285,5,0,1,123,21,1481,"lake area: 3.1% largest, 45.3% wet in lakes; water: 4 other water systems; water: 4 rivers never join it",no substantial lake (4% area information line); fewer than three visibly connected wet heads,"planned lake is less than 75% wet after settling; catchment/outlet lowers its effective area; dry samples inside planned lakes=123; settled water does not occupy the full planned lake; dry outside-course samples=21; compare course and water in local map, including thin flow and blocked courses; theme composition: no substantial lake (4% area information line); fewer than three visibly connected wet heads",337,285,,,296,580,395
256,11,True,True,True,True,True,False,2386,6839,9282,4.0,1,1,0,0.752,0.058,0.9579158316633266,0.247852029318137,6,5,1,17,80,216,,largest lake off-centre (>18% side),theme composition: largest lake off-centre (>18% side),267,218,,,275,678,606
256,12,True,False,False,True,False,False,10046,12357,13992,3.1666666666666665,1,1,0,0.518,0.033,0.5604225715021901,0.2545367505423139,6,3,1,52,34,913,"lake area: 3.3% largest, 51.8% wet in lakes; water: 4 other water systems; water: 2 rivers never join it",no substantial lake (4% area information line); largest lake off-centre (>18% side),"planned lake is less than 75% wet after settling; catchment/outlet lowers its effective area; dry samples inside planned lakes=52; settled water does not occupy the full planned lake; dry outside-course samples=34; compare course and water in local map, including thin flow and blocked courses; theme composition: no substantial lake (4% area information line); largest lake off-centre (>18% side)",469,375,,,492,229,268
256,13,True,True,True,True,True,False,4248,9138,10861,4.0,1,1,0,0.554,0.04,0.8634274458305975,0.2177569098648065,6,5,1,8,72,1121,,largest lake off-centre (>18% side),theme composition: largest lake off-centre (>18% side),429,399,,,295,621,541
256,14,True,True,True,True,True,False,1784,8991,17609,5.166666666666667,2,1,0,0.877,0.068,0.8783277460067048,0.26695996868105826,5,2,1,124,232,293,,largest lake off-centre (>18% side); fewer than three visibly connected wet heads,theme composition: largest lake off-centre (>18% side); fewer than three visibly connected wet heads,764,386,,,372,547,468
256,15,True,False,False,True,True,False,5659,8931,10553,2.8333333333333335,1,1,0,0.381,0.033,0.9976787372330548,0.20106646800441919,6,6,1,0,1,317,"lake area: 3.3% largest, 38.1% wet in lakes",no substantial lake (4% area information line); largest lake off-centre (>18% side),basin scale: largest wet lake is below the promise area threshold; theme composition: no substantial lake (4% area information line); largest lake off-centre (>18% side),190,252,,,359,859,588
256,16,True,True,True,True,True,True,6189,10917,13010,2.8333333333333335,1,1,0,0.84,0.174,0.9661117717003567,0.11758441549627859,6,6,1,2,23,882,,,,692,510,,,270,582,471
256,17,True,True,True,True,True,True,3819,6676,8068,2.8333333333333335,1,1,0,0.903,0.093,0.44308943089430897,0.06107605362066567,6,6,1,30,68,242,,,,1135,926,,,344,753,625
256,18,True,False,False,True,True,False,13319,17613,19036,2.0,2,1,0,0.246,0.008,0.9649122807017544,0.4881323577225896,1,1,2,1,34,916,"lake area: 0.8% largest, 24.6% wet in lakes",no substantial lake (4% area information line); largest lake off-centre (>18% side); competing lakes (>60% of largest); fewer than three feeding river heads; fewer than three visibly connected wet heads,basin scale: largest wet lake is below the promise area threshold; theme composition: no substantial lake (4% area information line); largest lake off-centre (>18% side); competing lakes (>60% of largest); fewer than three feeding river heads; fewer than three visibly connected wet heads,29,44,,,241,335,278
256,19,True,False,False,True,True,False,3847,7110,8789,2.1666666666666665,1,1,0,0.474,0.015,0.3294816771211621,0.13528320065258814,4,4,1,14,45,251,"lake area: 1.5% largest, 47.4% wet in lakes",no substantial lake (4% area information line); competing lakes (>60% of largest),planned lake is less than 75% wet after settling; catchment/outlet lowers its effective area; theme composition: no substantial lake (4% area information line); competing lakes (>60% of largest),207,180,,,512,455,344
256,20,True,True,True,True,True,True,2762,7374,9162,2.5,1,1,0,0.778,0.147,0.8571936688600391,0.16368252554216056,6,6,1,36,32,713,,,,783,579,,,453,622,331
