seed,round2_promise,round3_promise,round2_water,round3_water,round2_big_lake_share,round3_big_lake_share,round2_lake_share_of_water,round3_lake_share_of_water,round2_straight_pass,round3_straight_pass,round2_run,round3_run,round2_canal,round3_canal
1,True,True,True,True,0.228,0.224,0.807,0.722,True,True,19,22,11.17,11.64
2,True,True,True,True,0.148,0.181,0.671,0.742,True,True,23,23,15.45,14.82
3,True,True,True,True,0.261,0.217,0.782,0.705,True,True,18,21,13.19,14.55
4,True,True,True,True,0.197,0.112,0.704,0.609,True,True,24,20,12.52,14.47
5,True,True,True,True,0.193,0.232,0.627,0.698,True,True,21,20,11.17,16.28
6,True,True,True,True,0.194,0.208,0.747,0.657,True,True,20,25,13,10.91
7,True,True,True,True,0.263,0.235,0.706,0.723,True,True,20,24,12.64,15.85
8,True,True,True,True,0.106,0.231,0.593,0.789,True,True,24,19,14.56,9.72
9,True,True,True,True,0.298,0.271,0.84,0.827,True,True,22,20,14.26,11.66
10,True,True,True,True,0.324,0.332,0.862,0.83,True,True,22,17,13.75,12.14
11,True,True,True,True,0.105,0.105,0.584,0.697,True,True,19,26,11.17,12.21
12,True,True,True,True,0.242,0.24,0.793,0.847,True,True,16,19,10.96,11.03
13,True,True,True,True,0.254,0.332,0.783,0.871,True,True,19,18,12.72,13
14,True,True,True,True,0.262,0.139,0.812,0.671,True,True,23,23,15.65,12.5
15,True,True,True,True,0.203,0.141,0.827,0.692,True,True,20,23,13.6,13.99
16,True,True,True,True,0.213,0.184,0.676,0.745,True,True,24,27,13,17.69
17,True,True,True,True,0.266,0.303,0.842,0.839,True,True,18,19,11.97,8.2
18,True,True,True,True,0.323,0.168,0.874,0.67,True,True,22,23,13.4,15
19,True,True,True,True,0.29,0.29,0.858,0.862,True,True,21,20,14.25,13
20,True,True,True,True,0.275,0.252,0.819,0.817,True,True,17,24,12.57,13
21,True,True,True,True,0.32,0.206,0.878,0.764,True,True,27,26,7.17,13.34
22,True,True,True,True,0.179,0.176,0.741,0.737,True,True,19,21,9.85,13.3
23,True,True,True,True,0.249,0.294,0.79,0.795,True,True,19,23,10.87,13
24,True,True,True,True,0.219,0.214,0.786,0.768,True,True,21,24,12.65,14.42
25,True,True,True,True,0.269,0.198,0.742,0.696,True,True,24,20,13.44,14.14
26,True,True,True,True,0.271,0.097,0.802,0.722,True,True,23,20,12.97,10
27,True,True,True,True,0.196,0.145,0.764,0.717,True,True,21,24,13.99,19.01
28,True,True,True,True,0.137,0.116,0.664,0.632,True,True,22,20,12.78,13.03
29,True,True,True,True,0.243,0.249,0.812,0.766,True,True,23,18,11.75,11.66
30,True,True,True,True,0.257,0.176,0.797,0.729,True,True,19,21,9.03,11.88
