seed,before_promise,after_promise,before_water,after_water,before_big_lake_share,after_big_lake_share,before_lake_share_of_water,after_lake_share_of_water,before_straight_pass,after_straight_pass,before_run,after_run,before_canal,after_canal
1,True,True,True,True,0.169,0.228,0.782,0.807,True,True,25,19,8.94,11.17
2,True,True,True,True,0.187,0.148,0.807,0.671,True,True,18,23,10.77,15.45
3,True,True,True,True,0.199,0.261,0.838,0.782,True,True,17,18,9.06,13.19
4,True,True,True,True,0.275,0.197,0.831,0.704,True,True,22,24,13.79,12.52
5,True,True,True,True,0.184,0.193,0.711,0.627,True,True,23,21,12.04,11.17
6,True,True,True,True,0.224,0.194,0.769,0.747,True,True,19,20,13.23,13
7,True,True,True,True,0.151,0.263,0.628,0.706,True,True,21,20,14.42,12.64
8,True,True,True,True,0.15,0.106,0.708,0.593,True,True,20,24,12.13,14.56
9,True,True,True,True,0.111,0.298,0.708,0.84,True,True,20,22,13.31,14.26
10,True,True,True,True,0.285,0.324,0.835,0.862,True,True,19,22,10.55,13.75
11,True,True,True,True,0.146,0.105,0.76,0.584,True,True,23,19,15.2,11.17
12,False,True,False,True,0.017,0.242,0.412,0.793,True,True,19,16,13,10.96
13,True,True,True,True,0.104,0.254,0.721,0.783,True,True,22,19,12.58,12.72
14,True,True,True,True,0.182,0.262,0.868,0.812,True,True,25,23,15.65,15.65
15,False,True,True,True,0.046,0.203,0.536,0.827,True,True,27,20,16.03,13.6
16,True,True,True,True,0.176,0.213,0.723,0.676,True,True,20,24,11.05,13
17,True,True,False,True,0.244,0.266,0.853,0.842,True,True,24,18,14.11,11.97
18,True,True,True,True,0.143,0.323,0.68,0.874,True,True,25,22,12.06,13.4
19,True,True,True,True,0.175,0.29,0.752,0.858,True,True,23,21,16.17,14.25
20,True,True,True,True,0.196,0.275,0.772,0.819,True,True,19,17,14.32,12.57
21,True,True,True,True,0.278,0.32,0.826,0.878,True,True,21,27,14.09,7.17
22,True,True,True,True,0.182,0.179,0.813,0.741,True,True,22,19,13.24,9.85
23,True,True,True,True,0.314,0.249,0.816,0.79,True,True,19,19,11.88,10.87
24,True,True,True,True,0.212,0.219,0.784,0.786,True,True,21,21,14.85,12.65
25,True,True,True,True,0.301,0.269,0.786,0.742,True,True,18,24,11.79,13.44
26,True,True,True,True,0.331,0.271,0.88,0.802,True,True,21,23,13.9,12.97
27,True,True,True,True,0.302,0.196,0.827,0.764,True,True,24,21,16.94,13.99
28,True,True,True,True,0.14,0.137,0.747,0.664,True,True,26,22,20.93,12.78
29,False,True,True,True,0.054,0.243,0.523,0.812,True,True,19,23,16.12,11.75
30,True,True,True,True,0.288,0.257,0.835,0.797,True,True,16,19,10.8,9.03
