"variant","theme","seed","attempt_global_1based","passed","reason","ms_since_last_attempt","genomes_in_round","settles_in_round","failed_check_ids"
"baseline-profile","any",1,1,true,"built",6354.828,1,4,"plants.drought"
"baseline-profile","any",2,1,false,"a river's head under a lake",364.295,1,0,""
"baseline-profile","any",2,2,false,"source in a flow",1006.171,1,0,""
"baseline-profile","any",2,3,false,"start.badwater",2553.27,1,2,"start.count|resources.mine_site"
"baseline-profile","any",2,4,false,"start.badwater",1158.438,1,3,"start.count|resources.mine_site"
"baseline-profile","any",2,5,true,"built",1750.367,1,5,"plants.drought"
"baseline-profile","any",3,1,false,"one place for a start",807.298,1,0,""
"baseline-profile","any",3,2,false,"source in a flow",734.218,1,0,""
"baseline-profile","any",3,3,false,"no start",291.941,1,0,""
"baseline-profile","any",3,4,false,"water story (planned)",336.914,2,0,""
"baseline-profile","any",3,5,true,"built",3061.26,3,2,"plants.drought"
"baseline-profile","riverValley",1,1,true,"built",2701.791,1,1,"plants.drought"
"baseline-profile","riverValley",2,1,false,"water story (planned)",266.97,1,0,""
"baseline-profile","riverValley",2,2,false,"a river's water leaves its course",275.238,2,0,""
"baseline-profile","riverValley",2,3,false,"a river's water leaves its course",210.858,2,0,""
"baseline-profile","riverValley",2,4,false,"a river's head under a lake",196.888,2,0,""
"baseline-profile","riverValley",2,5,false,"one place for a start",369.164,3,0,""
"baseline-profile","riverValley",2,6,false,"no start",126.309,3,0,""
"baseline-profile","riverValley",2,7,false,"one place for a start",175.432,3,0,""
"baseline-profile","riverValley",2,8,false,"a river's water leaves its course",216.505,4,0,""
"baseline-profile","riverValley",2,9,false,"a river's head under a lake",102.021,4,0,""
"baseline-profile","riverValley",2,10,false,"a river's water leaves its course",109.649,4,0,""
"baseline-profile","riverValley",2,11,false,"water story (planned)",169.54,5,0,""
"baseline-profile","riverValley",2,12,false,"a river's water leaves its course",188.409,6,0,""
"baseline-profile","riverValley",2,13,false,"water story (planned)",158.836,6,0,""
"baseline-profile","riverValley",2,14,false,"a river's head under a lake",202.467,7,0,""
"baseline-profile","riverValley",2,15,true,"built",1753.416,7,1,"plants.drought"
"baseline-profile","riverValley",3,1,true,"built",1851.176,1,1,"plants.drought"
"baseline-profile","canyon",1,1,false,"promise (planned)",391.515,1,0,""
"baseline-profile","canyon",1,2,false,"promise (planned)",99.01,1,0,""
"baseline-profile","canyon",1,3,false,"promise (planned)",107.055,1,0,""
"baseline-profile","canyon",1,4,false,"no start",298.318,2,0,""
"baseline-profile","canyon",1,5,false,"no start",103.894,2,0,""
"baseline-profile","canyon",1,6,false,"water story (planned)",110.975,2,0,""
"baseline-profile","canyon",1,7,true,"built",1948.713,3,1,"plants.drought"
"baseline-profile","canyon",2,1,false,"promise (planned)",228.288,1,0,""
"baseline-profile","canyon",2,2,false,"no start",166.013,1,0,""
"baseline-profile","canyon",2,3,false,"no start",130.032,1,0,""
"baseline-profile","canyon",2,4,false,"promise (planned)",394.66,2,0,""
"baseline-profile","canyon",2,5,true,"built",1142.256,2,1,"plants.drought"
"baseline-profile","canyon",3,1,false,"no start",243.322,1,0,""
"baseline-profile","canyon",3,2,false,"no start",117.342,1,0,""
"baseline-profile","canyon",3,3,false,"checks",889.035,1,1,"start.food"
"baseline-profile","canyon",3,4,true,"built",686.12,1,1,"plants.drought"
"baseline-profile","highlands",1,1,false,"promise (planned)",402.284,1,0,""
"baseline-profile","highlands",1,2,false,"promise (planned)",202.606,2,0,""
"baseline-profile","highlands",1,3,false,"promise (planned)",192.785,3,0,""
"baseline-profile","highlands",1,4,false,"promise (planned)",179.314,4,0,""
"baseline-profile","highlands",1,5,false,"promise (planned)",220.93,5,0,""
"baseline-profile","highlands",1,6,false,"promise (planned)",248.448,6,0,""
"baseline-profile","highlands",1,7,false,"no start",211.772,7,0,""
"baseline-profile","highlands",1,8,false,"no start",136.046,7,0,""
"baseline-profile","highlands",1,9,false,"no start",105.439,7,0,""
"baseline-profile","highlands",1,10,false,"no start",228.656,8,0,""
"baseline-profile","highlands",1,11,false,"no start",124.888,8,0,""
"baseline-profile","highlands",1,12,false,"checks",1342.88,8,1,"start.reach|start.wood|plants.drought"
"baseline-profile","highlands",1,13,false,"checks",6230.385,8,4,"resources.mine_site|plants.drought"
"baseline-profile","highlands",1,14,true,"built",2976.904,8,5,"plants.drought"
"baseline-profile","highlands",2,1,false,"promise (planned)",285.286,1,0,""
"baseline-profile","highlands",2,2,false,"promise (planned)",254.696,2,0,""
"baseline-profile","highlands",2,3,false,"one place for a start",291.169,3,0,""
"baseline-profile","highlands",2,4,false,"one place for a start",168.076,3,0,""
"baseline-profile","highlands",2,5,false,"one place for a start",172.764,3,0,""
"baseline-profile","highlands",2,6,false,"one place for a start",200.702,4,0,""
"baseline-profile","highlands",2,7,false,"one place for a start",137.162,4,0,""
"baseline-profile","highlands",2,8,false,"no start",148.882,4,0,""
"baseline-profile","highlands",2,9,false,"promise (planned)",218.181,5,0,""
"baseline-profile","highlands",2,10,false,"a river's water leaves its course",175.249,6,0,""
"baseline-profile","highlands",2,11,false,"promise (planned)",150.345,6,0,""
"baseline-profile","highlands",2,12,false,"no start",240.757,7,0,""
"baseline-profile","highlands",2,13,false,"one place for a start",144.431,7,0,""
"baseline-profile","highlands",2,14,false,"no start",138.361,7,0,""
"baseline-profile","highlands",2,15,false,"promise (planned)",255.755,8,0,""
"baseline-profile","highlands",2,16,false,"promise (planned)",166.105,9,0,""
"baseline-profile","highlands",2,17,false,"no start",211.408,10,0,""
"baseline-profile","highlands",2,18,false,"no start",102.136,10,0,""
"baseline-profile","highlands",2,19,false,"no start",133.313,10,0,""
"baseline-profile","highlands",2,20,false,"a river's water leaves its course",229.973,11,0,""
"baseline-profile","highlands",2,21,false,"no start",147.441,11,0,""
"baseline-profile","highlands",2,22,false,"no start",133.779,11,0,""
"baseline-profile","highlands",2,23,false,"no start",316.35,12,0,""
"baseline-profile","highlands",2,24,false,"no start",153.817,12,0,""
"baseline-profile","highlands",2,25,false,"no start",144.18,12,0,""
"baseline-profile","highlands",2,26,false,"one place for a start",334.669,13,0,""
"baseline-profile","highlands",2,27,true,"built",1236.768,13,1,"plants.drought"
"baseline-profile","highlands",3,1,false,"promise (planned)",278.4,1,0,""
"baseline-profile","highlands",3,2,false,"promise (planned)",233.456,2,0,""
"baseline-profile","highlands",3,3,false,"water story (planned)",253.727,3,0,""
"baseline-profile","highlands",3,4,false,"no start",387.37,4,0,""
"baseline-profile","highlands",3,5,false,"a river's water leaves its course",140.886,4,0,""
"baseline-profile","highlands",3,6,false,"no start",200.152,4,0,""
"baseline-profile","highlands",3,7,false,"no start",322.82,5,0,""
"baseline-profile","highlands",3,8,false,"promise (planned)",118.536,5,0,""
"baseline-profile","highlands",3,9,false,"a river's head under a lake",281.337,6,0,""
"baseline-profile","highlands",3,10,false,"no start",205.24,6,0,""
"baseline-profile","highlands",3,11,false,"promise (planned)",161.478,6,0,""
"baseline-profile","highlands",3,12,false,"promise (planned)",241.668,7,0,""
"baseline-profile","highlands",3,13,false,"ruler-straight channel",209.108,8,0,""
"baseline-profile","highlands",3,14,false,"checks",1062.309,8,1,"start.food|plants.drought"
"baseline-profile","highlands",3,15,true,"built",1069.126,8,2,"plants.drought"
"baseline-profile","lakeBasin",1,1,true,"built",3934.198,1,1,"plants.drought"
"baseline-profile","lakeBasin",2,1,true,"built",2628.583,1,1,"plants.drought"
"baseline-profile","lakeBasin",3,1,false,"start water moved",2351.379,1,1,"start.count|resources.mine_site"
"baseline-profile","lakeBasin",3,2,false,"start water moved",1667.719,1,2,"start.count|resources.mine_site"
"baseline-profile","lakeBasin",3,3,true,"built",1152.894,1,2,"plants.drought"
"baseline-profile","delta",1,1,true,"built",2644.735,1,1,"start.reach|plants.drought"
"baseline-profile","delta",2,1,false,"start water moved",2000.58,1,2,"start.count|resources.mine_site"
"baseline-profile","delta",2,2,true,"built",2525.469,1,5,"start.reach|plants.drought"
"baseline-profile","delta",3,1,true,"built",1934.749,1,1,"start.reach|plants.drought"
"baseline-profile","islands",1,1,false,"promise (planned)",796.718,1,0,""
"baseline-profile","islands",1,2,true,"built",3652.821,2,1,"plants.drought"
"baseline-profile","islands",2,1,true,"built",2999.791,1,1,"plants.drought"
"baseline-profile","islands",3,1,false,"promise (planned)",598.917,1,0,""
"baseline-profile","islands",3,2,false,"promise (planned)",636.378,2,0,""
"baseline-profile","islands",3,3,false,"promise (planned)",418.759,3,0,""
"baseline-profile","islands",3,4,false,"promise (planned)",496.93,4,0,""
"baseline-profile","islands",3,5,false,"promise (planned)",645.999,5,0,""
"baseline-profile","islands",3,6,false,"promise (planned)",369.219,6,0,""
"baseline-profile","islands",3,7,false,"start water moved",4242.945,7,1,"start.count|resources.mine_site"
"baseline-profile","islands",3,8,false,"checks",6794.448,7,4,"start.food"
"baseline-profile","islands",3,9,true,"built",7452.641,7,7,"plants.drought"
"candidate-profile","any",1,1,true,"built",7522.309,1,4,"plants.drought"
"candidate-profile","any",2,1,false,"a river's head under a lake",475.584,1,0,""
"candidate-profile","any",2,2,false,"source in a flow",1317.614,1,0,""
"candidate-profile","any",2,3,false,"start.badwater",3375.757,1,2,"start.count|resources.mine_site"
"candidate-profile","any",2,4,false,"start.badwater",1320.468,1,3,"start.count|resources.mine_site"
"candidate-profile","any",2,5,true,"built",2133.722,1,5,"plants.drought"
"candidate-profile","any",3,1,false,"one place for a start",974.322,1,0,""
"candidate-profile","any",3,2,false,"source in a flow",576.963,1,0,""
"candidate-profile","any",3,3,false,"no start",220.256,1,0,""
"candidate-profile","any",3,4,false,"water story (planned)",359.756,2,0,""
"candidate-profile","any",3,5,true,"built",3400.235,3,2,"plants.drought"
"candidate-profile","riverValley",1,1,true,"built",2817.332,1,1,"plants.drought"
"candidate-profile","riverValley",2,1,false,"water story (planned)",289.762,1,0,""
"candidate-profile","riverValley",2,2,false,"a river's water leaves its course",360.706,2,0,""
"candidate-profile","riverValley",2,3,false,"a river's water leaves its course",128.265,2,0,""
"candidate-profile","riverValley",2,4,false,"a river's head under a lake",203.233,2,0,""
"candidate-profile","riverValley",2,5,false,"one place for a start",392.783,3,0,""
"candidate-profile","riverValley",2,6,false,"no start",155.178,3,0,""
"candidate-profile","riverValley",2,7,false,"one place for a start",175.528,3,0,""
"candidate-profile","riverValley",2,8,false,"a river's water leaves its course",289.921,4,0,""
"candidate-profile","riverValley",2,9,false,"a river's head under a lake",165.003,4,0,""
"candidate-profile","riverValley",2,10,false,"a river's water leaves its course",172.05,4,0,""
"candidate-profile","riverValley",2,11,false,"water story (planned)",343.717,5,0,""
"candidate-profile","riverValley",2,12,false,"a river's water leaves its course",247.25,6,0,""
"candidate-profile","riverValley",2,13,false,"water story (planned)",249.825,6,0,""
"candidate-profile","riverValley",2,14,false,"a river's head under a lake",258.833,7,0,""
"candidate-profile","riverValley",2,15,true,"built",2396.26,7,1,"plants.drought"
"candidate-profile","riverValley",3,1,true,"built",2254.521,1,1,"plants.drought"
"candidate-profile","canyon",1,1,false,"promise (planned)",476.971,1,0,""
"candidate-profile","canyon",1,2,false,"promise (planned)",108.776,1,0,""
"candidate-profile","canyon",1,3,false,"promise (planned)",130.266,1,0,""
"candidate-profile","canyon",1,4,false,"no start",373.635,2,0,""
"candidate-profile","canyon",1,5,false,"no start",150.871,2,0,""
"candidate-profile","canyon",1,6,false,"water story (planned)",132.243,2,0,""
"candidate-profile","canyon",1,7,true,"built",2731.169,3,1,"plants.drought"
"candidate-profile","canyon",2,1,false,"promise (planned)",298.654,1,0,""
"candidate-profile","canyon",2,2,false,"no start",200.183,1,0,""
"candidate-profile","canyon",2,3,false,"no start",152.561,1,0,""
"candidate-profile","canyon",2,4,false,"promise (planned)",447.983,2,0,""
"candidate-profile","canyon",2,5,true,"built",1199.901,2,1,"plants.drought"
"candidate-profile","canyon",3,1,false,"no start",502.706,1,0,""
"candidate-profile","canyon",3,2,false,"no start",192.022,1,0,""
"candidate-profile","canyon",3,3,false,"checks",1268.685,1,1,"start.food"
"candidate-profile","canyon",3,4,true,"built",695.176,1,1,"plants.drought"
"candidate-profile","highlands",1,1,false,"promise (planned)",452.788,1,0,""
"candidate-profile","highlands",1,2,false,"promise (planned)",246.326,2,0,""
"candidate-profile","highlands",1,3,false,"promise (planned)",220.035,3,0,""
"candidate-profile","highlands",1,4,false,"promise (planned)",223.442,4,0,""
"candidate-profile","highlands",1,5,false,"promise (planned)",256.017,5,0,""
"candidate-profile","highlands",1,6,false,"promise (planned)",269.342,6,0,""
"candidate-profile","highlands",1,7,false,"no start",245.103,7,0,""
"candidate-profile","highlands",1,8,false,"no start",180.289,7,0,""
"candidate-profile","highlands",1,9,false,"no start",124.271,7,0,""
"candidate-profile","highlands",1,10,false,"no start",263.548,8,0,""
"candidate-profile","highlands",1,11,false,"no start",135.438,8,0,""
"candidate-profile","highlands",1,12,false,"checks",1724.285,8,1,"start.reach|start.wood|plants.drought"
"candidate-profile","highlands",1,13,false,"checks",7376.202,8,4,"resources.mine_site|plants.drought"
"candidate-profile","highlands",1,14,true,"built",3678.925,8,5,"plants.drought"
"candidate-profile","highlands",2,1,false,"promise (planned)",411.377,1,0,""
"candidate-profile","highlands",2,2,false,"promise (planned)",276.74,2,0,""
"candidate-profile","highlands",2,3,false,"one place for a start",356.124,3,0,""
"candidate-profile","highlands",2,4,false,"one place for a start",186.856,3,0,""
"candidate-profile","highlands",2,5,false,"one place for a start",198.389,3,0,""
"candidate-profile","highlands",2,6,false,"one place for a start",270.761,4,0,""
"candidate-profile","highlands",2,7,false,"one place for a start",153.456,4,0,""
"candidate-profile","highlands",2,8,false,"no start",178.945,4,0,""
"candidate-profile","highlands",2,9,false,"promise (planned)",258.853,5,0,""
"candidate-profile","highlands",2,10,false,"a river's water leaves its course",219.476,6,0,""
"candidate-profile","highlands",2,11,false,"promise (planned)",131.903,6,0,""
"candidate-profile","highlands",2,12,false,"no start",290.871,7,0,""
"candidate-profile","highlands",2,13,false,"one place for a start",185.982,7,0,""
"candidate-profile","highlands",2,14,false,"no start",141.636,7,0,""
"candidate-profile","highlands",2,15,false,"promise (planned)",305.364,8,0,""
"candidate-profile","highlands",2,16,false,"promise (planned)",233.246,9,0,""
"candidate-profile","highlands",2,17,false,"no start",315.804,10,0,""
"candidate-profile","highlands",2,18,false,"no start",139.599,10,0,""
"candidate-profile","highlands",2,19,false,"no start",178.971,10,0,""
"candidate-profile","highlands",2,20,false,"a river's water leaves its course",312.528,11,0,""
"candidate-profile","highlands",2,21,false,"no start",194.455,11,0,""
"candidate-profile","highlands",2,22,false,"no start",162.535,11,0,""
"candidate-profile","highlands",2,23,false,"no start",766.352,12,0,""
"candidate-profile","highlands",2,24,false,"no start",198.92,12,0,""
"candidate-profile","highlands",2,25,false,"no start",204.884,12,0,""
"candidate-profile","highlands",2,26,false,"one place for a start",438.093,13,0,""
"candidate-profile","highlands",2,27,true,"built",1515.486,13,1,"plants.drought"
"candidate-profile","highlands",3,1,false,"promise (planned)",346.586,1,0,""
"candidate-profile","highlands",3,2,false,"promise (planned)",298.25,2,0,""
"candidate-profile","highlands",3,3,false,"water story (planned)",311.897,3,0,""
"candidate-profile","highlands",3,4,false,"no start",543.538,4,0,""
"candidate-profile","highlands",3,5,false,"a river's water leaves its course",191.709,4,0,""
"candidate-profile","highlands",3,6,false,"no start",243.933,4,0,""
"candidate-profile","highlands",3,7,false,"no start",494.939,5,0,""
"candidate-profile","highlands",3,8,false,"promise (planned)",177.275,5,0,""
"candidate-profile","highlands",3,9,false,"a river's head under a lake",411.806,6,0,""
"candidate-profile","highlands",3,10,false,"no start",273.602,6,0,""
"candidate-profile","highlands",3,11,false,"promise (planned)",236.26,6,0,""
"candidate-profile","highlands",3,12,false,"promise (planned)",251.001,7,0,""
"candidate-profile","highlands",3,13,false,"ruler-straight channel",187.06,8,0,""
"candidate-profile","highlands",3,14,false,"checks",1016.093,8,1,"start.food|plants.drought"
"candidate-profile","highlands",3,15,true,"built",834.691,8,2,"plants.drought"
"candidate-profile","lakeBasin",1,1,true,"built",2960.008,1,1,"plants.drought"
"candidate-profile","lakeBasin",2,1,true,"built",1583.109,1,1,"plants.drought"
"candidate-profile","lakeBasin",3,1,false,"start water moved",1524.293,1,1,"start.count|resources.mine_site"
"candidate-profile","lakeBasin",3,2,false,"start water moved",1112.677,1,2,"start.count|resources.mine_site"
"candidate-profile","lakeBasin",3,3,true,"built",632.876,1,2,"plants.drought"
"candidate-profile","delta",1,1,true,"built",2320.175,1,1,"start.reach|plants.drought"
"candidate-profile","delta",2,1,false,"start water moved",1496.864,1,2,"start.count|resources.mine_site"
"candidate-profile","delta",2,2,true,"built",1828.632,1,5,"start.reach|plants.drought"
"candidate-profile","delta",3,1,true,"built",1347.317,1,1,"start.reach|plants.drought"
"candidate-profile","islands",1,1,false,"promise (planned)",571.59,1,0,""
"candidate-profile","islands",1,2,true,"built",2813.689,2,1,"plants.drought"
"candidate-profile","islands",2,1,true,"built",2074.385,1,1,"plants.drought"
"candidate-profile","islands",3,1,false,"promise (planned)",533.159,1,0,""
"candidate-profile","islands",3,2,false,"promise (planned)",534.559,2,0,""
"candidate-profile","islands",3,3,false,"promise (planned)",362.806,3,0,""
"candidate-profile","islands",3,4,false,"promise (planned)",593.116,4,0,""
"candidate-profile","islands",3,5,false,"promise (planned)",688.743,5,0,""
"candidate-profile","islands",3,6,false,"promise (planned)",353.61,6,0,""
"candidate-profile","islands",3,7,false,"start water moved",2933.36,7,1,"start.count|resources.mine_site"
"candidate-profile","islands",3,8,false,"checks",4627.324,7,4,"start.food"
"candidate-profile","islands",3,9,true,"built",5537.119,7,7,"plants.drought"
