"variant","theme","seed","attempt_index_in_round","stage","ms"
"baseline-profile","any",1,0,"land",273.842
"baseline-profile","any",1,0,"water",1428.312
"baseline-profile","any",1,0,"start",3085.496
"baseline-profile","any",1,0,"objects",200.877
"baseline-profile","any",1,0,"resources",159.83
"baseline-profile","any",1,0,"check",1169.005
"baseline-profile","any",2,0,"land",162.646
"baseline-profile","any",2,0,"water",201.41
"baseline-profile","any",2,1,"water",1005.83
"baseline-profile","any",2,2,"water",881.444
"baseline-profile","any",2,2,"start",1671.473
"baseline-profile","any",2,3,"start",1074.068
"baseline-profile","any",2,4,"start",1242.343
"baseline-profile","any",2,4,"objects",99.315
"baseline-profile","any",2,4,"resources",115.176
"baseline-profile","any",2,4,"check",270.373
"baseline-profile","any",3,0,"land",223.391
"baseline-profile","any",3,0,"water",583.691
"baseline-profile","any",3,1,"water",733.96
"baseline-profile","any",3,2,"water",291.773
"baseline-profile","any",3,3,"land",150.815
"baseline-profile","any",3,3,"water",186.024
"baseline-profile","any",3,4,"land",144.35
"baseline-profile","any",3,4,"water",860.94
"baseline-profile","any",3,4,"start",714.45
"baseline-profile","any",3,4,"objects",885.835
"baseline-profile","any",3,4,"resources",123.825
"baseline-profile","any",3,4,"check",331.835
"baseline-profile","riverValley",1,0,"land",128.746
"baseline-profile","riverValley",1,0,"water",1075.748
"baseline-profile","riverValley",1,0,"start",757.71
"baseline-profile","riverValley",1,0,"objects",160.066
"baseline-profile","riverValley",1,0,"resources",174.758
"baseline-profile","riverValley",1,0,"check",308.171
"baseline-profile","riverValley",2,0,"land",133.114
"baseline-profile","riverValley",2,0,"water",133.594
"baseline-profile","riverValley",2,1,"land",164.36
"baseline-profile","riverValley",2,1,"water",110.843
"baseline-profile","riverValley",2,2,"water",210.749
"baseline-profile","riverValley",2,3,"water",196.783
"baseline-profile","riverValley",2,4,"land",133.028
"baseline-profile","riverValley",2,4,"water",236.124
"baseline-profile","riverValley",2,5,"water",126.206
"baseline-profile","riverValley",2,6,"water",175.332
"baseline-profile","riverValley",2,7,"land",93.743
"baseline-profile","riverValley",2,7,"water",122.749
"baseline-profile","riverValley",2,8,"water",101.895
"baseline-profile","riverValley",2,9,"water",109.52
"baseline-profile","riverValley",2,10,"land",71.546
"baseline-profile","riverValley",2,10,"water",97.977
"baseline-profile","riverValley",2,11,"land",110.142
"baseline-profile","riverValley",2,11,"water",78.252
"baseline-profile","riverValley",2,12,"water",158.74
"baseline-profile","riverValley",2,13,"land",111.22
"baseline-profile","riverValley",2,13,"water",91.229
"baseline-profile","riverValley",2,14,"water",555.189
"baseline-profile","riverValley",2,14,"start",630.657
"baseline-profile","riverValley",2,14,"objects",97.219
"baseline-profile","riverValley",2,14,"resources",164.207
"baseline-profile","riverValley",2,14,"check",306.025
"baseline-profile","riverValley",3,0,"land",121.19
"baseline-profile","riverValley",3,0,"water",448.461
"baseline-profile","riverValley",3,0,"start",537.931
"baseline-profile","riverValley",3,0,"objects",94.101
"baseline-profile","riverValley",3,0,"resources",125.949
"baseline-profile","riverValley",3,0,"check",523.281
"baseline-profile","canyon",1,0,"land",135.337
"baseline-profile","canyon",1,0,"water",143.345
"baseline-profile","canyon",1,1,"water",98.91
"baseline-profile","canyon",1,2,"water",106.945
"baseline-profile","canyon",1,3,"land",134.693
"baseline-profile","canyon",1,3,"water",163.617
"baseline-profile","canyon",1,4,"water",103.797
"baseline-profile","canyon",1,5,"water",110.875
"baseline-profile","canyon",1,6,"land",120.697
"baseline-profile","canyon",1,6,"water",450.264
"baseline-profile","canyon",1,6,"start",676.701
"baseline-profile","canyon",1,6,"objects",77.051
"baseline-profile","canyon",1,6,"resources",86.288
"baseline-profile","canyon",1,6,"check",537.7
"baseline-profile","canyon",2,0,"land",133.97
"baseline-profile","canyon",2,0,"water",94.183
"baseline-profile","canyon",2,1,"water",165.909
"baseline-profile","canyon",2,2,"water",129.932
"baseline-profile","canyon",2,3,"land",178.742
"baseline-profile","canyon",2,3,"water",215.903
"baseline-profile","canyon",2,4,"water",394.315
"baseline-profile","canyon",2,4,"start",296.314
"baseline-profile","canyon",2,4,"objects",179.206
"baseline-profile","canyon",2,4,"resources",67.779
"baseline-profile","canyon",2,4,"check",204.537
"baseline-profile","canyon",3,0,"land",137.166
"baseline-profile","canyon",3,0,"water",105.975
"baseline-profile","canyon",3,1,"water",117.238
"baseline-profile","canyon",3,2,"water",288.561
"baseline-profile","canyon",3,2,"start",293.791
"baseline-profile","canyon",3,2,"objects",65.119
"baseline-profile","canyon",3,2,"resources",53.252
"baseline-profile","canyon",3,2,"check",188.176
"baseline-profile","canyon",3,3,"start",103.022
"baseline-profile","canyon",3,3,"objects",100.667
"baseline-profile","canyon",3,3,"resources",150.08
"baseline-profile","canyon",3,3,"check",297.512
"baseline-profile","highlands",1,0,"land",100.523
"baseline-profile","highlands",1,0,"water",194.494
"baseline-profile","highlands",1,1,"land",104.377
"baseline-profile","highlands",1,1,"water",98.211
"baseline-profile","highlands",1,2,"land",104.269
"baseline-profile","highlands",1,2,"water",88.507
"baseline-profile","highlands",1,3,"land",87.206
"baseline-profile","highlands",1,3,"water",92.098
"baseline-profile","highlands",1,4,"land",124.433
"baseline-profile","highlands",1,4,"water",96.488
"baseline-profile","highlands",1,5,"land",115.047
"baseline-profile","highlands",1,5,"water",133.393
"baseline-profile","highlands",1,6,"land",97.384
"baseline-profile","highlands",1,6,"water",114.377
"baseline-profile","highlands",1,7,"water",135.951
"baseline-profile","highlands",1,8,"water",105.346
"baseline-profile","highlands",1,9,"land",87.427
"baseline-profile","highlands",1,9,"water",141.22
"baseline-profile","highlands",1,10,"water",124.79
"baseline-profile","highlands",1,11,"water",411.098
"baseline-profile","highlands",1,11,"start",669.902
"baseline-profile","highlands",1,11,"objects",37.749
"baseline-profile","highlands",1,11,"resources",59.485
"baseline-profile","highlands",1,11,"check",164.547
"baseline-profile","highlands",1,12,"start",5866.828
"baseline-profile","highlands",1,12,"objects",89.618
"baseline-profile","highlands",1,12,"resources",45.203
"baseline-profile","highlands",1,12,"check",199.013
"baseline-profile","highlands",1,13,"start",2619.589
"baseline-profile","highlands",1,13,"objects",33.477
"baseline-profile","highlands",1,13,"resources",58.049
"baseline-profile","highlands",1,13,"check",246.163
"baseline-profile","highlands",2,0,"land",130.234
"baseline-profile","highlands",2,0,"water",154.877
"baseline-profile","highlands",2,1,"land",116.49
"baseline-profile","highlands",2,1,"water",138.187
"baseline-profile","highlands",2,2,"land",140.057
"baseline-profile","highlands",2,2,"water",151.099
"baseline-profile","highlands",2,3,"water",167.962
"baseline-profile","highlands",2,4,"water",172.578
"baseline-profile","highlands",2,5,"land",100.535
"baseline-profile","highlands",2,5,"water",100.158
"baseline-profile","highlands",2,6,"water",137.034
"baseline-profile","highlands",2,7,"water",148.676
"baseline-profile","highlands",2,8,"land",93.428
"baseline-profile","highlands",2,8,"water",124.743
"baseline-profile","highlands",2,9,"land",95.582
"baseline-profile","highlands",2,9,"water",79.658
"baseline-profile","highlands",2,10,"water",150.247
"baseline-profile","highlands",2,11,"land",134.859
"baseline-profile","highlands",2,11,"water",105.883
"baseline-profile","highlands",2,12,"water",144.282
"baseline-profile","highlands",2,13,"water",138.261
"baseline-profile","highlands",2,14,"land",127.504
"baseline-profile","highlands",2,14,"water",128.236
"baseline-profile","highlands",2,15,"land",92.612
"baseline-profile","highlands",2,15,"water",73.485
"baseline-profile","highlands",2,16,"land",94.404
"baseline-profile","highlands",2,16,"water",116.996
"baseline-profile","highlands",2,17,"water",102.042
"baseline-profile","highlands",2,18,"water",133.22
"baseline-profile","highlands",2,19,"land",112.717
"baseline-profile","highlands",2,19,"water",117.238
"baseline-profile","highlands",2,20,"water",147.313
"baseline-profile","highlands",2,21,"water",133.563
"baseline-profile","highlands",2,22,"land",131.993
"baseline-profile","highlands",2,22,"water",184.339
"baseline-profile","highlands",2,23,"water",153.708
"baseline-profile","highlands",2,24,"water",144.055
"baseline-profile","highlands",2,25,"land",129.073
"baseline-profile","highlands",2,25,"water",205.585
"baseline-profile","highlands",2,26,"water",311.697
"baseline-profile","highlands",2,26,"start",318.844
"baseline-profile","highlands",2,26,"objects",85.56
"baseline-profile","highlands",2,26,"resources",178.855
"baseline-profile","highlands",2,26,"check",341.71
"baseline-profile","highlands",3,0,"land",113.165
"baseline-profile","highlands",3,0,"water",165.102
"baseline-profile","highlands",3,1,"land",117.568
"baseline-profile","highlands",3,1,"water",115.869
"baseline-profile","highlands",3,2,"land",120.284
"baseline-profile","highlands",3,2,"water",133.43
"baseline-profile","highlands",3,3,"land",179.047
"baseline-profile","highlands",3,3,"water",208.314
"baseline-profile","highlands",3,4,"water",140.785
"baseline-profile","highlands",3,5,"water",200.046
"baseline-profile","highlands",3,6,"land",158.008
"baseline-profile","highlands",3,6,"water",164.798
"baseline-profile","highlands",3,7,"water",118.432
"baseline-profile","highlands",3,8,"land",124.55
"baseline-profile","highlands",3,8,"water",156.777
"baseline-profile","highlands",3,9,"water",205.103
"baseline-profile","highlands",3,10,"water",161.344
"baseline-profile","highlands",3,11,"land",148.698
"baseline-profile","highlands",3,11,"water",92.959
"baseline-profile","highlands",3,12,"land",106.862
"baseline-profile","highlands",3,12,"water",102.235
"baseline-profile","highlands",3,13,"water",275.317
"baseline-profile","highlands",3,13,"start",448.455
"baseline-profile","highlands",3,13,"objects",62.266
"baseline-profile","highlands",3,13,"resources",51.955
"baseline-profile","highlands",3,13,"check",224.204
"baseline-profile","highlands",3,14,"start",569.638
"baseline-profile","highlands",3,14,"objects",75.669
"baseline-profile","highlands",3,14,"resources",57.784
"baseline-profile","highlands",3,14,"check",345.52
"baseline-profile","lakeBasin",1,0,"land",101.555
"baseline-profile","lakeBasin",1,0,"water",922.825
"baseline-profile","lakeBasin",1,0,"start",1954.293
"baseline-profile","lakeBasin",1,0,"objects",193.66
"baseline-profile","lakeBasin",1,0,"resources",106.135
"baseline-profile","lakeBasin",1,0,"check",477.079
"baseline-profile","lakeBasin",2,0,"land",120.45
"baseline-profile","lakeBasin",2,0,"water",472.326
"baseline-profile","lakeBasin",2,0,"start",1363.337
"baseline-profile","lakeBasin",2,0,"objects",92.837
"baseline-profile","lakeBasin",2,0,"resources",60.362
"baseline-profile","lakeBasin",2,0,"check",519.134
"baseline-profile","lakeBasin",3,0,"land",120.65
"baseline-profile","lakeBasin",3,0,"water",588.916
"baseline-profile","lakeBasin",3,0,"start",1641.689
"baseline-profile","lakeBasin",3,1,"start",1622.679
"baseline-profile","lakeBasin",3,2,"start",520.439
"baseline-profile","lakeBasin",3,2,"objects",160.088
"baseline-profile","lakeBasin",3,2,"resources",96.233
"baseline-profile","lakeBasin",3,2,"check",336.969
"baseline-profile","delta",1,0,"land",94.54
"baseline-profile","delta",1,0,"water",757.833
"baseline-profile","delta",1,0,"start",715.352
"baseline-profile","delta",1,0,"objects",63.396
"baseline-profile","delta",1,0,"resources",91.108
"baseline-profile","delta",1,0,"check",778.943
"baseline-profile","delta",2,0,"land",108.191
"baseline-profile","delta",2,0,"water",378.827
"baseline-profile","delta",2,0,"start",1513.371
"baseline-profile","delta",2,1,"start",1984.319
"baseline-profile","delta",2,1,"objects",88.779
"baseline-profile","delta",2,1,"resources",84.375
"baseline-profile","delta",2,1,"check",346.549
"baseline-profile","delta",3,0,"land",137.69
"baseline-profile","delta",3,0,"water",692.161
"baseline-profile","delta",3,0,"start",464.841
"baseline-profile","delta",3,0,"objects",160.735
"baseline-profile","delta",3,0,"resources",83.046
"baseline-profile","delta",3,0,"check",396.084
"baseline-profile","islands",1,0,"land",240.862
"baseline-profile","islands",1,0,"water",330.155
"baseline-profile","islands",1,1,"land",356.289
"baseline-profile","islands",1,1,"water",654.448
"baseline-profile","islands",1,1,"start",1731.434
"baseline-profile","islands",1,1,"objects",94.545
"baseline-profile","islands",1,1,"resources",81.361
"baseline-profile","islands",1,1,"check",734.715
"baseline-profile","islands",2,0,"land",351.377
"baseline-profile","islands",2,0,"water",968.585
"baseline-profile","islands",2,0,"start",1241.07
"baseline-profile","islands",2,0,"objects",62.703
"baseline-profile","islands",2,0,"resources",51.492
"baseline-profile","islands",2,0,"check",324.367
"baseline-profile","islands",3,0,"land",376.689
"baseline-profile","islands",3,0,"water",222.061
"baseline-profile","islands",3,1,"land",355.623
"baseline-profile","islands",3,1,"water",280.736
"baseline-profile","islands",3,2,"land",273.714
"baseline-profile","islands",3,2,"water",145.034
"baseline-profile","islands",3,3,"land",311.114
"baseline-profile","islands",3,3,"water",185.805
"baseline-profile","islands",3,4,"land",483.679
"baseline-profile","islands",3,4,"water",162.307
"baseline-profile","islands",3,5,"land",224.386
"baseline-profile","islands",3,5,"water",144.819
"baseline-profile","islands",3,6,"land",262.706
"baseline-profile","islands",3,6,"water",661.021
"baseline-profile","islands",3,6,"start",3319.206
"baseline-profile","islands",3,7,"start",6187.689
"baseline-profile","islands",3,7,"objects",97.98
"baseline-profile","islands",3,7,"resources",82.746
"baseline-profile","islands",3,7,"check",373.225
"baseline-profile","islands",3,8,"start",6765.822
"baseline-profile","islands",3,8,"objects",44.642
"baseline-profile","islands",3,8,"resources",69.114
"baseline-profile","islands",3,8,"check",516.751
"candidate-profile","any",1,0,"land",324.708
"candidate-profile","any",1,0,"water",1778.168
"candidate-profile","any",1,0,"start",3642.508
"candidate-profile","any",1,0,"objects",232.235
"candidate-profile","any",1,0,"resources",161.55
"candidate-profile","any",1,0,"check",1352.007
"candidate-profile","any",2,0,"land",226.161
"candidate-profile","any",2,0,"water",249.128
"candidate-profile","any",2,1,"water",1317.222
"candidate-profile","any",2,2,"water",1074.339
"candidate-profile","any",2,2,"start",2295.538
"candidate-profile","any",2,3,"start",1214.263
"candidate-profile","any",2,4,"start",1476.538
"candidate-profile","any",2,4,"objects",127.978
"candidate-profile","any",2,4,"resources",102.72
"candidate-profile","any",2,4,"check",394.092
"candidate-profile","any",3,0,"land",247.11
"candidate-profile","any",3,0,"water",726.943
"candidate-profile","any",3,1,"water",576.596
"candidate-profile","any",3,2,"water",220.105
"candidate-profile","any",3,3,"land",161.946
"candidate-profile","any",3,3,"water",197.708
"candidate-profile","any",3,4,"land",169.182
"candidate-profile","any",3,4,"water",1009.975
"candidate-profile","any",3,4,"start",835.289
"candidate-profile","any",3,4,"objects",948.524
"candidate-profile","any",3,4,"resources",108.107
"candidate-profile","any",3,4,"check",329.123
"candidate-profile","riverValley",1,0,"land",151.231
"candidate-profile","riverValley",1,0,"water",1059.219
"candidate-profile","riverValley",1,0,"start",870.033
"candidate-profile","riverValley",1,0,"objects",102.331
"candidate-profile","riverValley",1,0,"resources",160.124
"candidate-profile","riverValley",1,0,"check",336.182
"candidate-profile","riverValley",2,0,"land",167.71
"candidate-profile","riverValley",2,0,"water",121.766
"candidate-profile","riverValley",2,1,"land",209.709
"candidate-profile","riverValley",2,1,"water",150.963
"candidate-profile","riverValley",2,2,"water",128.057
"candidate-profile","riverValley",2,3,"water",203.077
"candidate-profile","riverValley",2,4,"land",175.6
"candidate-profile","riverValley",2,4,"water",217.169
"candidate-profile","riverValley",2,5,"water",155.008
"candidate-profile","riverValley",2,6,"water",175.384
"candidate-profile","riverValley",2,7,"land",125.496
"candidate-profile","riverValley",2,7,"water",164.408
"candidate-profile","riverValley",2,8,"water",164.852
"candidate-profile","riverValley",2,9,"water",171.931
"candidate-profile","riverValley",2,10,"land",151.644
"candidate-profile","riverValley",2,10,"water",192.003
"candidate-profile","riverValley",2,11,"land",161.117
"candidate-profile","riverValley",2,11,"water",86.115
"candidate-profile","riverValley",2,12,"water",249.724
"candidate-profile","riverValley",2,13,"land",152.944
"candidate-profile","riverValley",2,13,"water",105.867
"candidate-profile","riverValley",2,14,"water",758.766
"candidate-profile","riverValley",2,14,"start",916.837
"candidate-profile","riverValley",2,14,"objects",113.076
"candidate-profile","riverValley",2,14,"resources",90.267
"candidate-profile","riverValley",2,14,"check",517.202
"candidate-profile","riverValley",3,0,"land",161.546
"candidate-profile","riverValley",3,0,"water",625.64
"candidate-profile","riverValley",3,0,"start",733.204
"candidate-profile","riverValley",3,0,"objects",100.527
"candidate-profile","riverValley",3,0,"resources",108.229
"candidate-profile","riverValley",3,0,"check",525.14
"candidate-profile","canyon",1,0,"land",154.895
"candidate-profile","canyon",1,0,"water",133.266
"candidate-profile","canyon",1,1,"water",108.668
"candidate-profile","canyon",1,2,"water",130.167
"candidate-profile","canyon",1,3,"land",175.351
"candidate-profile","canyon",1,3,"water",198.275
"candidate-profile","canyon",1,4,"water",150.729
"candidate-profile","canyon",1,5,"water",132.146
"candidate-profile","canyon",1,6,"land",159.783
"candidate-profile","canyon",1,6,"water",619.282
"candidate-profile","canyon",1,6,"start",949.616
"candidate-profile","canyon",1,6,"objects",59.243
"candidate-profile","canyon",1,6,"resources",86.083
"candidate-profile","canyon",1,6,"check",857.147
"candidate-profile","canyon",2,0,"land",173.777
"candidate-profile","canyon",2,0,"water",124.648
"candidate-profile","canyon",2,1,"water",200.03
"candidate-profile","canyon",2,2,"water",152.336
"candidate-profile","canyon",2,3,"land",182.77
"candidate-profile","canyon",2,3,"water",265.198
"candidate-profile","canyon",2,4,"water",457.616
"candidate-profile","canyon",2,4,"start",383.086
"candidate-profile","canyon",2,4,"objects",55.616
"candidate-profile","canyon",2,4,"resources",43.241
"candidate-profile","canyon",2,4,"check",260.203
"candidate-profile","canyon",3,0,"land",220.675
"candidate-profile","canyon",3,0,"water",281.625
"candidate-profile","canyon",3,1,"water",191.866
"candidate-profile","canyon",3,2,"water",539.163
"candidate-profile","canyon",3,2,"start",395.971
"candidate-profile","canyon",3,2,"objects",60.914
"candidate-profile","canyon",3,2,"resources",57.325
"candidate-profile","canyon",3,2,"check",215.165
"candidate-profile","canyon",3,3,"start",98.944
"candidate-profile","canyon",3,3,"objects",52.997
"candidate-profile","canyon",3,3,"resources",162.288
"candidate-profile","canyon",3,3,"check",333.257
"candidate-profile","highlands",1,0,"land",135.351
"candidate-profile","highlands",1,0,"water",195.026
"candidate-profile","highlands",1,1,"land",133.818
"candidate-profile","highlands",1,1,"water",112.486
"candidate-profile","highlands",1,2,"land",126.011
"candidate-profile","highlands",1,2,"water",94.013
"candidate-profile","highlands",1,3,"land",109.219
"candidate-profile","highlands",1,3,"water",114.211
"candidate-profile","highlands",1,4,"land",148.237
"candidate-profile","highlands",1,4,"water",107.768
"candidate-profile","highlands",1,5,"land",132.126
"candidate-profile","highlands",1,5,"water",137.207
"candidate-profile","highlands",1,6,"land",112.835
"candidate-profile","highlands",1,6,"water",132.257
"candidate-profile","highlands",1,7,"water",180.185
"candidate-profile","highlands",1,8,"water",124.165
"candidate-profile","highlands",1,9,"land",102.678
"candidate-profile","highlands",1,9,"water",160.857
"candidate-profile","highlands",1,10,"water",135.337
"candidate-profile","highlands",1,11,"water",509.622
"candidate-profile","highlands",1,11,"start",776.142
"candidate-profile","highlands",1,11,"objects",89.548
"candidate-profile","highlands",1,11,"resources",70.776
"candidate-profile","highlands",1,11,"check",278.099
"candidate-profile","highlands",1,12,"start",6894.279
"candidate-profile","highlands",1,12,"objects",126.368
"candidate-profile","highlands",1,12,"resources",63.103
"candidate-profile","highlands",1,12,"check",264.891
"candidate-profile","highlands",1,13,"start",3227.482
"candidate-profile","highlands",1,13,"objects",53.288
"candidate-profile","highlands",1,13,"resources",78.452
"candidate-profile","highlands",1,13,"check",294.127
"candidate-profile","highlands",2,0,"land",201.624
"candidate-profile","highlands",2,0,"water",209.528
"candidate-profile","highlands",2,1,"land",137.662
"candidate-profile","highlands",2,1,"water",139.054
"candidate-profile","highlands",2,2,"land",165.062
"candidate-profile","highlands",2,2,"water",191.053
"candidate-profile","highlands",2,3,"water",186.66
"candidate-profile","highlands",2,4,"water",198.242
"candidate-profile","highlands",2,5,"land",130.098
"candidate-profile","highlands",2,5,"water",140.653
"candidate-profile","highlands",2,6,"water",153.352
"candidate-profile","highlands",2,7,"water",178.838
"candidate-profile","highlands",2,8,"land",126.362
"candidate-profile","highlands",2,8,"water",132.474
"candidate-profile","highlands",2,9,"land",118.037
"candidate-profile","highlands",2,9,"water",101.427
"candidate-profile","highlands",2,10,"water",131.762
"candidate-profile","highlands",2,11,"land",153.455
"candidate-profile","highlands",2,11,"water",137.403
"candidate-profile","highlands",2,12,"water",185.877
"candidate-profile","highlands",2,13,"water",141.491
"candidate-profile","highlands",2,14,"land",165.817
"candidate-profile","highlands",2,14,"water",139.533
"candidate-profile","highlands",2,15,"land",109.793
"candidate-profile","highlands",2,15,"water",123.442
"candidate-profile","highlands",2,16,"land",122.476
"candidate-profile","highlands",2,16,"water",193.309
"candidate-profile","highlands",2,17,"water",139.463
"candidate-profile","highlands",2,18,"water",178.835
"candidate-profile","highlands",2,19,"land",169.999
"candidate-profile","highlands",2,19,"water",142.511
"candidate-profile","highlands",2,20,"water",194.326
"candidate-profile","highlands",2,21,"water",162.402
"candidate-profile","highlands",2,22,"land",185.854
"candidate-profile","highlands",2,22,"water",580.472
"candidate-profile","highlands",2,23,"water",198.736
"candidate-profile","highlands",2,24,"water",204.788
"candidate-profile","highlands",2,25,"land",191.923
"candidate-profile","highlands",2,25,"water",246.151
"candidate-profile","highlands",2,26,"water",396.487
"candidate-profile","highlands",2,26,"start",372.777
"candidate-profile","highlands",2,26,"objects",102.321
"candidate-profile","highlands",2,26,"resources",190.862
"candidate-profile","highlands",2,26,"check",452.898
"candidate-profile","highlands",3,0,"land",134.537
"candidate-profile","highlands",3,0,"water",211.866
"candidate-profile","highlands",3,1,"land",153.387
"candidate-profile","highlands",3,1,"water",144.841
"candidate-profile","highlands",3,2,"land",151.331
"candidate-profile","highlands",3,2,"water",160.553
"candidate-profile","highlands",3,3,"land",258.893
"candidate-profile","highlands",3,3,"water",284.631
"candidate-profile","highlands",3,4,"water",191.396
"candidate-profile","highlands",3,5,"water",243.824
"candidate-profile","highlands",3,6,"land",237.657
"candidate-profile","highlands",3,6,"water",257.262
"candidate-profile","highlands",3,7,"water",177.125
"candidate-profile","highlands",3,8,"land",178.538
"candidate-profile","highlands",3,8,"water",233.255
"candidate-profile","highlands",3,9,"water",273.475
"candidate-profile","highlands",3,10,"water",236.116
"candidate-profile","highlands",3,11,"land",161.157
"candidate-profile","highlands",3,11,"water",89.827
"candidate-profile","highlands",3,12,"land",102.481
"candidate-profile","highlands",3,12,"water",84.569
"candidate-profile","highlands",3,13,"water",273.074
"candidate-profile","highlands",3,13,"start",414.16
"candidate-profile","highlands",3,13,"objects",86.674
"candidate-profile","highlands",3,13,"resources",32.854
"candidate-profile","highlands",3,13,"check",209.197
"candidate-profile","highlands",3,14,"start",472.247
"candidate-profile","highlands",3,14,"objects",64.795
"candidate-profile","highlands",3,14,"resources",25.077
"candidate-profile","highlands",3,14,"check",253.842
"candidate-profile","lakeBasin",1,0,"land",90.827
"candidate-profile","lakeBasin",1,0,"water",686.887
"candidate-profile","lakeBasin",1,0,"start",1519.435
"candidate-profile","lakeBasin",1,0,"objects",102.924
"candidate-profile","lakeBasin",1,0,"resources",88.185
"candidate-profile","lakeBasin",1,0,"check",347.07
"candidate-profile","lakeBasin",2,0,"land",70.903
"candidate-profile","lakeBasin",2,0,"water",278.16
"candidate-profile","lakeBasin",2,0,"start",908.116
"candidate-profile","lakeBasin",2,0,"objects",30.233
"candidate-profile","lakeBasin",2,0,"resources",22.243
"candidate-profile","lakeBasin",2,0,"check",273.276
"candidate-profile","lakeBasin",3,0,"land",62.268
"candidate-profile","lakeBasin",3,0,"water",342.439
"candidate-profile","lakeBasin",3,0,"start",1119.486
"candidate-profile","lakeBasin",3,1,"start",1077.407
"candidate-profile","lakeBasin",3,2,"start",303.996
"candidate-profile","lakeBasin",3,2,"objects",53.008
"candidate-profile","lakeBasin",3,2,"resources",46.806
"candidate-profile","lakeBasin",3,2,"check",201.316
"candidate-profile","delta",1,0,"land",88.921
"candidate-profile","delta",1,0,"water",677.672
"candidate-profile","delta",1,0,"start",640.07
"candidate-profile","delta",1,0,"objects",44.423
"candidate-profile","delta",1,0,"resources",57.755
"candidate-profile","delta",1,0,"check",669.988
"candidate-profile","delta",2,0,"land",89.702
"candidate-profile","delta",2,0,"water",377.263
"candidate-profile","delta",2,0,"start",1029.759
"candidate-profile","delta",2,1,"start",1499.51
"candidate-profile","delta",2,1,"objects",61.676
"candidate-profile","delta",2,1,"resources",31.89
"candidate-profile","delta",2,1,"check",214.579
"candidate-profile","delta",3,0,"land",88.267
"candidate-profile","delta",3,0,"water",524.236
"candidate-profile","delta",3,0,"start",286.002
"candidate-profile","delta",3,0,"objects",91.444
"candidate-profile","delta",3,0,"resources",61.103
"candidate-profile","delta",3,0,"check",296.083
"candidate-profile","islands",1,0,"land",205.551
"candidate-profile","islands",1,0,"water",251.662
"candidate-profile","islands",1,1,"land",313.152
"candidate-profile","islands",1,1,"water",584.045
"candidate-profile","islands",1,1,"start",1477.147
"candidate-profile","islands",1,1,"objects",36.817
"candidate-profile","islands",1,1,"resources",33.916
"candidate-profile","islands",1,1,"check",368.588
"candidate-profile","islands",2,0,"land",243.278
"candidate-profile","islands",2,0,"water",464.311
"candidate-profile","islands",2,0,"start",1076.288
"candidate-profile","islands",2,0,"objects",18.514
"candidate-profile","islands",2,0,"resources",22.528
"candidate-profile","islands",2,0,"check",249.32
"candidate-profile","islands",3,0,"land",389.547
"candidate-profile","islands",3,0,"water",143.492
"candidate-profile","islands",3,1,"land",345.5
"candidate-profile","islands",3,1,"water",189.048
"candidate-profile","islands",3,2,"land",230.486
"candidate-profile","islands",3,2,"water",132.308
"candidate-profile","islands",3,3,"land",349.837
"candidate-profile","islands",3,3,"water",243.261
"candidate-profile","islands",3,4,"land",519.789
"candidate-profile","islands",3,4,"water",168.937
"candidate-profile","islands",3,5,"land",234.834
"candidate-profile","islands",3,5,"water",118.763
"candidate-profile","islands",3,6,"land",209.951
"candidate-profile","islands",3,6,"water",569.118
"candidate-profile","islands",3,6,"start",2154.281
"candidate-profile","islands",3,7,"start",4310.262
"candidate-profile","islands",3,7,"objects",37.107
"candidate-profile","islands",3,7,"resources",36.319
"candidate-profile","islands",3,7,"check",203.428
"candidate-profile","islands",3,8,"start",4941.923
"candidate-profile","islands",3,8,"objects",23.348
"candidate-profile","islands",3,8,"resources",37.877
"candidate-profile","islands",3,8,"check",498.131
