theme,size,seed,input_sha256,node_pass,chromium_pass
riverValley,96,1,cfdfbaab453727aba991152965cfbaf7de9ee1c2bfb2a80615a6081bf80226c0,true,true
canyon,96,1,1596c64d050c062a17a26fc486e08b3230165182e713e31a42f0f0a88a1f66e0,true,true
highlands,96,1,92efe6b3c186dcf252ce380787c81cad597b8e0e34d9396bef5647db0222ed3b,true,true
lakeBasin,96,1,67f07d48f2ed43ce94a242e98ec79c2a5e3faa70793ca2e9f1c751daeb36f734,true,true
islands,96,1,74493576de9d947a1bd9bfdcb3b7f053cff01188443abf9deadac98197b68b48,true,true
delta,96,1,cb83a6a35332773f75adbc35f39d562f5c2df0aaec709657c6f4b9f8f3c266da,true,true
riverValley,128,1,b1f56a9b5de0abe477c09c3bc3f2b58c6449fe9566eb89411629a7f63d97455d,true,true
riverValley,128,2,64a402164d62e9434324f50badc4dc3d369d69a67ac87adeff2826592b7d2314,true,true
riverValley,128,3,768571cd17489359813712ada23d4600ee21e0a3145197e9d477440b63953065,true,true
riverValley,128,4,adb47141bfe28c3b3c64c28a7387a2455fd12cfabafd74c74a10e77e78737c3e,true,true
riverValley,128,5,e91ec560266b03adb5f90c073a54104770c37d46185fbff6ad1b86cce9d784f2,true,true
riverValley,128,6,2d551301d46f82723083a9487d2243b4bdf5e783cac054c3284e7f88b493cb28,true,true
riverValley,128,7,6a237f6dc13675c6c01b28129cd210ef3aa67d57745b750048e68b8a1f340edb,true,true
riverValley,128,8,46b3afa1f3643231a0e993bfb7190752df48d4271ebfe3f0ca6a9701572b9648,true,true
riverValley,128,9,fac68052b17efc6669a25641f46f7de0f1abce68df0f49115348d7b7efa999fd,true,true
riverValley,128,10,4722931a64b7d7e8c96aed4a1f4cc2cb331e8d29b2764464d1a9702ee89bd004,true,true
riverValley,128,11,3e9abb0cbdfdfc8e8e915a1ba22f8df9a0860c0aeae9dae8a200b564a0d3d729,true,true
riverValley,128,12,d9f4e802ae4d27215c8927bf559209ba136f22613b678d44a69c0b3130d60fae,true,true
riverValley,128,13,f06f97a6abf6d1d15ba52845fea3805b98204bdea67262a3f10c90d147fea6ab,true,true
riverValley,128,14,b2a2df71638407c5f655643b70ec5629ad995495f95dbe2b3b457ed980aedf16,true,true
riverValley,128,15,edf6385d032207a2127c10997e9e5059c575e9092edbc427184d33ed3aa33197,true,true
riverValley,128,16,0700213ff9baca66ed8aa09124b32ebf28aa298631104e7ae33dcb5ed57afce2,true,true
riverValley,128,17,56b469316fc6fa78a16c2facbbb740b3b62c1fb8eee92de59a119d1cc7c7c06b,true,true
riverValley,128,18,ad274d4801c2d0fc183c03ac17c9f055b3970da94cb2dc5b49a73cf2cc1299ca,true,true
riverValley,128,19,4b91c29584e668c05e70ddb623cce7d02f26e9b679b68d623e5d08c8e64ac9dd,true,true
riverValley,128,20,84932d3f21e0e39cf6a6a0382703da26ef2b444a04d165af0b58e824d0055b7b,true,true
riverValley,128,21,6bf5260d015894a430da9b02a9bb17e8dd9f9cc57bac14dd94b9be142560ec4c,true,true
riverValley,128,22,d67a6cb248d8402798a0150f6d750551b86c6b2193f883ca57e8e01d3ddc1a03,true,true
riverValley,128,23,c2451f78e24d9ac223c2eb19a11d7719708f329da2378a67024fecddccf89ad1,true,true
riverValley,128,24,2f2c6a77060cde3cd8ea9d3f0886d1ff53573c714631221c603d613baeeb2a50,true,true
riverValley,128,25,c29fe58c6cbb60534c7e5eac4e1c1f7e7249db0f30b091b00b16661819cea52f,true,true
riverValley,128,26,0e8cfcc7aa832dc373d133103add1789fddf609c2a15ba6eed2ff75f56ae5b22,true,true
riverValley,128,27,52ba5c4f4f3aa24c9153b36fcce0844870607e13cd801927b2c7057158090e8e,true,true
riverValley,128,28,ed93b54e9549e5f17b5ab10f11c4fc985f4fac2993e6edf0af7ed839c723e6fd,true,true
riverValley,128,29,5b0bc46907653560674139dfc6e4b61fa6bb8445110d48586fa4e77134d3622a,true,true
riverValley,128,30,91106c8d64fbcf3169d87a51ac5c3933e8346bff1faa41c9cd020eec38fc87ae,true,true
canyon,128,1,c85354187f803b6a321b0b9cdeeaa8dd4e1835230d860df227db30160fe947ce,true,true
canyon,128,2,9fce5c49e21e2becdf1e6fe30998b8ef0a2f8725787a67900468a3d5b804bf3d,true,true
canyon,128,3,2d8ec08e33395804799494558a0605dc89145fb6fc03fb18b007947f4644a10f,true,true
canyon,128,4,a3d1b67f4804d9259b760afac7a121b40402208b79f036cbe9db4125fc2c575b,true,true
canyon,128,5,5fd42a19a623036e5bae8d9d5c3b858ab7149a791d34722ceffe21bbab6652e2,true,true
canyon,128,6,9b4b02c2a270fd90622c32b432b8e3dbdd303207b7b05b9ca9569982511daade,true,true
canyon,128,7,6aeeb53a32e846b0a9893175b22618e5d5a32c5b3e134e830908aa0899d9eb14,true,true
canyon,128,8,9a34f4ebdea343199856d3c1742ab57c1f35e2b51d2079b1b85d773efb89746f,true,true
canyon,128,9,2f5b6f120b55148ca695943010d83df7d0b9744972a539157a66f654345a95b6,true,true
canyon,128,10,9576c44c0cc7ae017def4835308809d11b29b3c42e92ee5ba83b73b2b87422c6,true,true
canyon,128,11,0c96924221e3c54a2280edeea35304015675ec26803f7023e50a536d7bbe07c5,true,true
canyon,128,12,9c42e1a2c04186b49d52d88696ccc4a39ab03e27b3785a502e0faf19aee6cd87,true,true
canyon,128,13,f1c585644913bbd95587b7a5a8936ff6856f2fdbe7ed54dad0fcea14f5bd9971,true,true
canyon,128,14,9ce615bfed0f7bf385619651b8e88fcf15e63dc649f0ed4d0547cd538b6ae162,true,true
canyon,128,15,f2305e0d0c038554b146d50c24a605098b3625711563ced11e1f3435444c68a3,true,true
canyon,128,16,0fb8723448e288d1251ace2c2ab6118471fe270b59b6a5a91884313e4d4529c9,true,true
canyon,128,17,fca1ce414d2e88d0189169500af627551432cd1c92ff617eab9827f3461a261d,true,true
canyon,128,18,4d2a3a3fe29ad257e9db2b8df42d9ed930a3ed80de3a008fe3ff839a6801d9f4,true,true
canyon,128,19,a722817cd4dea3a6da874cb7c0d8dd9bda531e72b9d6caac89833ba7fd4fa4eb,true,true
canyon,128,20,d81a018cbbd29c7b8f8a763ea57ca72173ed36dfa04eb394bbe3552d32fe99a9,true,true
canyon,128,21,5f5fbfa1539bc5ced4a1ce3b2027b139f53885d6ca4b136fe234a5da2f106ec6,true,true
canyon,128,22,0e2b55b012e7f2945d40cec9b9773dbd93aaa46c1a2575498d5acc42e173b035,true,true
canyon,128,23,22f348d2c0c417147618b7bec2fb9d5af5acac096ccdfa54601ffaa0dbc60fc3,true,true
canyon,128,24,989ff3348339d90384e54e9a08e206228004d1aee096064a563eea11bfb33a25,true,true
canyon,128,25,a50cc1db209121495c60cf1374fac386756b00c895877eab9cef13cef431762c,true,true
canyon,128,26,399bb207562b1b3d71c5bb33f94eed2097075695aac77eb0ec20982d7ca25865,true,true
canyon,128,27,6db408a0c2b435ee8bee12a329a3f92a126e86a465aef14f3d8e9ff9e32cbd96,true,true
canyon,128,28,1cd9739a34428bc89f9397409752b9f52395b0a539b720fb15a0271bdce52b2b,true,true
canyon,128,29,28878b75e94add53807870ec88aae9d02ddb81bd5770e80ff3adc994459db59c,true,true
canyon,128,30,ad0bfcc7f17a0c6421087be95c44919f2addbae1c2c0a8f1acd7cd97ad8e5e84,true,true
highlands,128,1,8d9f8f956688b2c68917cf977e10be8945fb1bc222d820e276c0b746d4676d1e,true,true
highlands,128,2,5adb0dad9216961254d460df3a7b8f723181e35b94339700b5a34cf69fb3a210,true,true
highlands,128,3,1a3d460089b64216ed61d5a8e7969ede61f2fa5b3ff1acc88a19d1c385625988,true,true
highlands,128,4,e00db7f3955ddc1314c816c1b1cfa14bde1e4767e1266220fbeeeebb56f77aa4,true,true
highlands,128,5,dcac8880d4de799f5e3a4332e59e1233f03eb852970e7bcadef6e30d72b055e1,true,true
highlands,128,6,a32954a4519cf57e3f43bdf498331fe13251ca5feddbc257118370897ddb7ee5,true,true
highlands,128,7,40aa9618365d89b84a2c02132bd3ff4e05619a59256b168b33a28801f2d2e5d7,true,true
highlands,128,8,2ef46c3d02aa498b94329b758155ff8e23795a59305278d6a17426190bd9c2f9,true,true
highlands,128,9,fdd83681432fe967ef06feb6e41de4940d196de5c27481293a5fb2cf14f5e7aa,true,true
highlands,128,10,b6d1a376ee532d90d798656c268d27f97d74663bf57aaed4475747111393644d,true,true
highlands,128,11,d71d36fa9e7e963775023393951c9c1ff67cff3a5082a5ba9c3b409fa98f2e2b,true,true
highlands,128,12,d334485c0844f927c881d7fc455783ce0951353b3d25a18276b5e9f37b08c52f,true,true
highlands,128,13,8268befaefa071e51f5f6a2647fd221151f49ae86da056bd7b1cb5b8648993ec,true,true
highlands,128,14,33ff3e139965edf7158adef24ce1f9a31dde41c61243540042d4bea859d4c393,true,true
highlands,128,15,82ead8be0a55467752877dfffe9f13d6b9409aa55e26717a4005f1de24a7e3a3,true,true
highlands,128,16,d0ee9f4a175821b96c69c1af6231d33021a0a697a235dc2975e67bddf5d8d20d,true,true
highlands,128,17,ff74b8ae7c307a17576c413ede581c98bd48c7c2be618c2707eef9e6d7fe9563,true,true
highlands,128,18,c5ab7e3e7f10318c88302a77e9ec1c8e13680b1c1821374b057c351f797885fd,true,true
highlands,128,19,ffa1550808e297ba5109f6df2ab4825f4f604fbbb53aff52b4751a7cebe1e555,true,true
highlands,128,20,28738a0698ec4014edad764d06e5b617698f04fe2d79e551e8d57104148fc540,true,true
highlands,128,21,572d5b73368623cf882a3fd3dd0ea98b867e51ff7a08df00e924b244db131749,true,true
highlands,128,22,c82c993056c99e73572d06b916eaad051cec4ebcbda791c2a4469c456286dfad,true,true
highlands,128,23,c81de31e4a2b93b19c5d8cbfc19692f5c7ffb5040496674de059fbf19fe0e43e,true,true
highlands,128,24,b8742d0255fa120c19f0531143f76708560fc5998ed1b933a42f787a55166df4,true,true
highlands,128,25,134e5a81135009bb8f0592f05844913290cc2e193d50242bb6b8283327f982fa,true,true
highlands,128,26,771938c192b9d65b760068ba9512552b5f685f8c8b66bcd35b3896f22c8e33db,true,true
highlands,128,27,22708e6697da2bb6aaa14d13d5602cb35d2111958f2a1366c265dd9ec5eb9d04,true,true
highlands,128,28,e84fda05d1ae9ef9ac165cd3317b133118642c290aff204f4882019b452c679a,true,true
highlands,128,29,bbededdac10e018eaaeb137a04ed3da957600aec86d0807d27363940a72ac98f,true,true
highlands,128,30,256d2f6bf566db5a99df75fe8d82ac816e238777e9fe293975778a036bbc9916,true,true
lakeBasin,128,1,9345cd209b62b04b4cd822aa48c7bf8086bed4fb58cfbed92532a073062c3ef5,true,true
lakeBasin,128,2,fbfab655de3aeafc9fb40f19f54bf4aaa9adb65cbf8f4fbd711845aeabda0410,true,true
lakeBasin,128,3,9f4a5c74eaf5951bdc62c2e98aa5f717134b966e1b7441b11fef3e7fd63d4dfc,true,true
lakeBasin,128,4,79af5ddba22233c362668de6801c497631f0b39d86978cdc768a98de2d409e70,true,true
lakeBasin,128,5,952ade273f7548cf213c398a1aa5400c3d8fcd8c82bf63764e0826931d09966b,true,true
lakeBasin,128,6,9d747be4575a847788901b5dfa3c374d424ab496329296dd2f7ca4c59074fd5d,true,true
lakeBasin,128,7,f4c5547e49dcfa455604ece2e95dfe25c0005e774f7488dc1507e5555350b1c5,true,true
lakeBasin,128,8,02af68061529451bb3725aa355b5a4ba4075bdd0cbc324f459f3169ea79cba05,true,true
lakeBasin,128,9,5e1b393cfbd0dec303ede66148f39c83c6468f2cb4d0e3d9f234e6d9819796c3,true,true
lakeBasin,128,10,340fb4ae8bfdcb798a23f01700209b31a0cd58f48d5326ee0e549a7eae5f281b,true,true
lakeBasin,128,11,02cab28b20d3f3d586a3d9dd52f5e801f911619fc986de0804183e206256ddd6,true,true
lakeBasin,128,12,aff40088b8e41badbc73a211a28c7943228cd34b348a1ed1474337d2bccc80d9,true,true
lakeBasin,128,13,5dd0119e2f09e3baca0626c77a554e17c2752e84c22550bbbd7fbd1c8477012b,true,true
lakeBasin,128,14,d4237867aa932d868342ea1d7abaec070733a1362d849f196a64118c1e9208c4,true,true
lakeBasin,128,15,bf87a80ac3b08617e3dc50bc8f468dc52153340d9758b4a2aa6fa925b6cafb1f,true,true
lakeBasin,128,16,b2b02a55727451d7c3f2efb2178bc2511439ee1472cb8c6ea10cd38051c97b09,true,true
lakeBasin,128,17,5731b228a69d4f93d68f6bae4df4beeca9938f2e1707b330833d345c4066d023,true,true
lakeBasin,128,18,be8b31b1bc3e9e859ef4d2fe5051699b960fc8d43df6d56ff79fcb02eaca04f0,true,true
lakeBasin,128,19,4f5657696ad6022ea48eb8e315426d910a6f28da8d68e007c5e4e2db1683ba9c,true,true
lakeBasin,128,20,a573ccbd7b65af7b0a6daeba65db423df253eda02d21a8ba30ec9994ed963e54,true,true
lakeBasin,128,21,f49db49264aea6626e93005516528aafca8ddec745aced1520837619497e2c41,true,true
lakeBasin,128,22,37567010fe621bcadb36ed02e424d5f378a340d8a2725656f83b85d9a1762289,true,true
lakeBasin,128,23,6a29b6ff09c11f4b4c528dd4913fd058f5c27ae0be4939029048c9a889c3932d,true,true
lakeBasin,128,24,85be6e1d5cafa1157ccbf005f0f0b7eb1988cdd58e4afeaed47fbde4e93f04b7,true,true
lakeBasin,128,25,ca16289366ebce8592dad1ce3b4deda69a38c8bab0ed8edf68d8bf76b24f2844,true,true
lakeBasin,128,26,21b9acd3b101d12b03fc20b3e18080b5387931f5a1756ef66e90b4f0a893ae5e,true,true
lakeBasin,128,27,de8c9807d337b7aa5336a7e551744c0faff32b7a7383d0ce2a9712903dc302db,true,true
lakeBasin,128,28,b4a443f30d655e6ca7aab4e56da7be5b414d7c200f81aa61955f36067b500f24,true,true
lakeBasin,128,29,ab10cae829e6e9020d506b63998f587ddb056d74ea3b757d32cde9081094af23,true,true
lakeBasin,128,30,b754ce04a34f15f431221e4d5f29e7150f3395da24f9be149b6083eb77432bf2,true,true
islands,128,1,6babad8dcce4a25c92c7f4e6dcdcd329b3ee8d23d353ffd01535ec08695f99de,true,true
islands,128,2,16f03d320cad3935244247c196943581f8008cdba179d550698448d35fdc245d,true,true
islands,128,3,b13047bf22564a37e69abc516400a0bfadcb5501fcd13c333f061fe7f1ceab6c,true,true
islands,128,4,3be059029836f6982058166fe62740441535fdb2f0534c579948a2db1c61982b,true,true
islands,128,5,fd7a5facf2db4ffae191254e4618a8c290fe8e31df066b4eac4d9822ef871c36,true,true
islands,128,6,f6c3c4abdc9670913ff5b298acd80951ecdab8d21b3dabc1c6833ee6d4588be3,true,true
islands,128,7,4f6e08d7343075c62d770c1a93c95a4930569751531c982116a89c7c46875614,true,true
islands,128,8,72092c9a0e4cf8a8861db089195d9de2c57d83a0cebbca3af93449ca29f977b7,true,true
islands,128,9,0bb604be308dd609b5a1f29492ce522f6ec69521baac64d2dfc7156dbd8fe7e4,true,true
islands,128,10,0c261fb73b4f4d79a7005a0ede46b4d52d30f81453ee503393646f179f970817,true,true
islands,128,11,653ec4130509bded833fbec3a0fe1c8b8643a6234cb2a301ecfe44c8b699bd87,true,true
islands,128,12,c81314c10daaae5ccd4b31930ff129adb44fae2945294e4637b18a3d00d9129b,true,true
islands,128,13,b37f1d0c82eb9ece3a7c7d6fb613f90e85d8f5cececb4324ba7abd3e1e1bf8ec,true,true
islands,128,14,3f92d6d2e1dbf5de1d3a1e2ba5743d6dc608e253f49a031ee2849d3b4ea262a4,true,true
islands,128,15,778e4f2adc4587f3a6d6fd401bf9014b577ea5bf16d473730a23aed48aabaf67,true,true
islands,128,16,9cd9ac8a9911967512a927c3f28652185925822584d393f183a0e4251a7e05bc,true,true
islands,128,17,44e7d4663ffa8b1ad7df18f099b82ffdf2927eca611bef13771cfe21ad282f25,true,true
islands,128,18,e7f5635e25c90c3421dbee065a3eded118e14c8ac45e8ee087de81e8b4ccf9ba,true,true
islands,128,19,a570c1c33bfce583c0b65cf959bc0a56de97424665820460869777ce15f6aa56,true,true
islands,128,20,a7480d3fce8ab5a2e75d970714632d7f6e15be29db8e13349eabeeb159dce72b,true,true
islands,128,21,edb5214b3ff7139833c76cfe960d96c0607aa7b63aa468c3134469c0dadcc96b,true,true
islands,128,22,85c99beabe0a2aea879d8e28ed7a65a4c95f94acab6e33307a7439d905bd89ea,true,true
islands,128,23,9876cf9befdde8b1e852f5efa922367368fff1f763518dd10eef3e8672aa100b,true,true
islands,128,24,aa5f73d7cde6169787073343e1e45ee45b5e93dc94e89ea3d21029704ffb83ee,true,true
islands,128,25,836b1fe9a5d140b01a58ddfc098fa2858c4a1717265dd23170f8186e4492f883,true,true
islands,128,26,b50752088ff2f63e8db9ac5b998ec274cbed9fdee9b89da8fcb107f5176eae5e,true,true
islands,128,27,ccad47fef7c26cea3b90b85a4e6ff87a80a2a337864775a33d467124610d7cb7,true,true
islands,128,28,468bb78fbbbd4bebbce868ca87eddacf3fea7ef874c2c973cd14660f358c6570,true,true
islands,128,29,c86c2e01fc140a39bf738bcba2adad2e0021cdea36d4b8ae72d9ae7e1571bf5c,true,true
islands,128,30,ee04e1df2f820cf6e135120ac168ac2952716f68d3706d2969440188e434518a,true,true
delta,128,1,025da23b422829fed532efe4566eead65d5f7e0e8ae87dc0841f9615d549d811,true,true
delta,128,2,8e06f3066da1a294a642425c48ccf0851e29009cb6d86d97452dd727a361e76f,true,true
delta,128,3,16ae4cd32c74825c2dc40c52d3147e57078e8a598123075ac704007a9943b609,true,true
delta,128,4,e33843007388383d123379357327e6d147ad7c50eee733547cca73ac830adb2c,true,true
delta,128,5,e70db60425d90b64c7ed3f3cd9bf2d2fe3b96934a156e33a5e52eb3086421d46,true,true
delta,128,6,4c844683fc478514342db076d07e778eea3c09cc3959a6a0ec61b138cccf5fee,true,true
delta,128,7,8092ed659d116bd059e66470f9f8c8f02ea2f530118677693435fa6ccca8ed0b,true,true
delta,128,8,58cefcca93d0a950a30c9181d432b9b4fc2d2181da84d049d5c3dcc6e3fcc4c7,true,true
delta,128,9,36fa1455de1f7c87360856bd3d293d377805b2e7c5f59d67fed3507e2d56bc6a,true,true
delta,128,10,399c10e87854b9cc25db7256a1273ce37617185b35289724d302b40ac3e9f453,true,true
delta,128,11,a4cde311cd15dc76184934e31d62df604be630079786358f25b2d41932379de8,true,true
delta,128,12,7648f3380dc00eb6536b5ab8116aa3c1eaa8c69014e9b857a7f6b90fc36af6a8,true,true
delta,128,13,2bf4b2f09dbcfa3ed5205259bbadb542d278502b0973d02b1bd524681473462c,true,true
delta,128,14,35117b175dac23b6b1ec675f2c66079df9eb947a5ff05082146e6e626ebd1937,true,true
delta,128,15,b6bfc9a0006b67211d8820d0fa7fe2e193bd50026eb12b948777357a8ac0986d,true,true
delta,128,16,a3343607913a8dac9263e397c1db4da9c05b26d9b2730dd2be4dade2898868f1,true,true
delta,128,17,1debe47ad7b58960a5dd3b3fc5b7e1ccc1fede7edee249e531de77a7299ea60f,true,true
delta,128,18,e7d0222fd5d424e0827658677a536e606595f4bea6810624daf96b88c54af5c1,true,true
delta,128,19,1997028fe734874003ad88be9f42a107379ff05808e44b51b2f6ea95dd418277,true,true
delta,128,20,3a1d380ab1d527f9ccf07badd9e51d496b889b3cd9bdbca5c3b0ae65ae91a733,true,true
delta,128,21,6893f7c97d14568291d454c552fa55421ff856d9544b26ffdb1767065fe0920f,true,true
delta,128,22,594f3147961df357b152f15bfcbf424472c276e25c7c08ab8c507c7dab2e9193,true,true
delta,128,23,48d91355ecd71fd8a272419ba38cc55d6a848d051fa7a4ea9bbc32b8feb715f6,true,true
delta,128,24,57147a7db4c9a9f8036f018838061830bacab8618b25b52ef750a426732eed23,true,true
delta,128,25,1009d4f501df7098f3bcdb2ed8d70533021e62620373ed7a666df18857bba9ce,true,true
delta,128,26,87e05bbd386f7dc681905637469615ee50505650412e91cf4656a219d1a9786a,true,true
delta,128,27,f7a38c40a491a367b1a5f3706a031b524e8f9e903cc364ead879f26963dd562c,true,true
delta,128,28,bd02dfc78f88d616a6de32ae4eb04a16e29a46f63dfed770f710788569cfbd14,true,true
delta,128,29,3f98f5afb9d333562b3323e4104a23b5d6127bb0d312deccbbcc34489f6b3f94,true,true
delta,128,30,a41e2fee448e7bb426f43f2f4cd591498579cf7df2eec5119cfc16ea3d84420a,true,true
riverValley,256,1,aba3304aa3a8a36e0828dc405b50c21f4d254115189ef15613d4fbcd74901010,true,true
riverValley,256,2,871ef509bd1ee44da32c8b03013821109a05593faccebdaf6251235c73c1acb4,true,true
riverValley,256,3,ec98fd322dea5cc109d8598bfb9050c4ff2ed4c38aa5509e2effefc5301ce8b2,true,true
canyon,256,1,7f6d31646a6b77b90100917ec747042c5b899f5a06b3f2f61e419a449348af45,true,true
canyon,256,2,4546291786fc89b4bb3e785b8254d6dd83b4ac907895c3a9be925c08c4a45536,true,true
canyon,256,3,643a16d7d08c8eb907477571f7e2ad41078fb87b50f1f3ed8e069075ce245ec1,true,true
highlands,256,1,420207a3f1b7f11b9d6f0dd29f0a018d9dd5788f9abd1ec0a7ca327594c13820,true,true
highlands,256,2,1b7ea5033baacde79381b9481b09b23f4aa89a9afce767a5df4303707fa7341a,true,true
highlands,256,3,b48864a083b4d54f860221d87ef8e4a61ba60cd8a8dd8b1fe265d23600a2b2b5,true,true
lakeBasin,256,1,c4ac8176d5f3c661c7da0e38469f42026571b58409dabbcd49a53baa223fb0ca,true,true
lakeBasin,256,2,7625b8f53ed764f1c6a0446980d92f7f304260db311acdd2d661113bcca05a2c,true,true
lakeBasin,256,3,5679d418dcf58af0099250d22c9a160dbad5370f4fdbbcbbab4c53b17add505b,true,true
islands,256,1,0aa06bf08838187bd9dc1578d30ec49d6332fd6918bf67a050e2e035b606a216,true,true
islands,256,2,a149aa4bc66f068f1eda234c12d958bd5a51539cf3b0b20bdf09403b9a4315e5,true,true
islands,256,3,a52329f08bcb542f9b1bffc4a8d707a06a69afd6f03d4c48aac0b4dd2d1d43a0,true,true
delta,256,1,2acea123de0ab2632aa8c7a2b19919d0c841a0ca931240ac889c730cd63daf50,true,true
delta,256,2,384c2ad618354368ac3e917f511414bb23ce4f9db24ac868124ce1c0a12b03d4,true,true
delta,256,3,6a6026d6d975ebd8c1719dfbb63ab06e12b4d7144b5a918ccba692603e435c48,true,true
