target,scenario,visit,repeat,first_request_to_editable_ms,parse_cpu_ms,compile_cpu_ms,wasm_module_call_sum_ms,requests_begun_before_editable_gzip_bytes,total_capture_body_bytes,map_sha256
dev-before,generate,cold,0,7006.4,260.4,332.5,14.99,2342800,3530699,87fbdb6f531c991faa4c30f0131842cbf2990541065c307b1ab47732dcec1625
dev-before,generate,warm,0,2532.5,222.5,297.7,9.56,1635,1189534,87fbdb6f531c991faa4c30f0131842cbf2990541065c307b1ab47732dcec1625
dev-before,generate,cold,1,6945.1,259.1,344.4,12.29,2341837,3529736,87fbdb6f531c991faa4c30f0131842cbf2990541065c307b1ab47732dcec1625
dev-before,generate,warm,1,2969.5,216.1,302.1,9.41,1635,1188571,87fbdb6f531c991faa4c30f0131842cbf2990541065c307b1ab47732dcec1625
dev-adopted,generate,cold,0,6919.0,256.5,349.0,16.11,2343862,3532270,87fbdb6f531c991faa4c30f0131842cbf2990541065c307b1ab47732dcec1625
dev-adopted,generate,warm,0,2502.0,206.1,282.2,9.34,670,1189078,87fbdb6f531c991faa4c30f0131842cbf2990541065c307b1ab47732dcec1625
dev-adopted,generate,cold,1,6955.8,252.8,342.2,13.81,2345334,3533742,87fbdb6f531c991faa4c30f0131842cbf2990541065c307b1ab47732dcec1625
dev-adopted,generate,warm,1,2984.5,206.3,287.2,9.22,3614,1190550,87fbdb6f531c991faa4c30f0131842cbf2990541065c307b1ab47732dcec1625
dev-before-reopen,reopen,cold,0,4512.7,171.6,202.4,9.29,2339911,3526847,
dev-before-reopen,reopen,warm,0,720.0,144.5,175.9,7.88,672,1187608,
dev-before-reopen,reopen,cold,1,4556.0,173.2,203.2,8.64,2339911,3526847,
dev-before-reopen,reopen,warm,1,680.6,140.7,174.6,5.46,672,1187608,
dev-adopted-reopen,reopen,cold,0,4875.7,161.9,195.3,8.69,2340918,3527854,
dev-adopted-reopen,reopen,warm,0,725.2,151.0,188.2,10.55,670,1187606,
dev-adopted-reopen,reopen,cold,1,5114.3,178.4,205.8,11.73,2340918,3527854,
dev-adopted-reopen,reopen,warm,1,688.0,145.9,180.1,6.87,670,1187606,
page-before,generate,cold,0,4472.2,242.1,300.4,7.46,2349021,3535957,8dcdb07fb9723382aed2821410d4d59531386baeaa7a35ce5230e2f2b9c05c37
page-before,generate,warm,0,2324.5,186.4,201.4,9.40,615,1187551,8dcdb07fb9723382aed2821410d4d59531386baeaa7a35ce5230e2f2b9c05c37
page-before,generate,cold,1,4528.9,244.4,281.8,10.03,2349021,3535957,8dcdb07fb9723382aed2821410d4d59531386baeaa7a35ce5230e2f2b9c05c37
page-before,generate,warm,1,2340.6,197.9,214.4,8.09,1578,1189477,8dcdb07fb9723382aed2821410d4d59531386baeaa7a35ce5230e2f2b9c05c37
page-adopted,generate,cold,0,2984.4,249.2,312.6,7.93,1799057,3537101,8dcdb07fb9723382aed2821410d4d59531386baeaa7a35ce5230e2f2b9c05c37
page-adopted,generate,warm,0,2230.9,160.7,191.6,8.44,2130,1190582,8dcdb07fb9723382aed2821410d4d59531386baeaa7a35ce5230e2f2b9c05c37
page-adopted,generate,cold,1,2990.0,229.6,287.8,7.87,1799057,3537101,8dcdb07fb9723382aed2821410d4d59531386baeaa7a35ce5230e2f2b9c05c37
page-adopted,generate,warm,1,2211.1,161.8,196.2,8.88,2130,1190582,8dcdb07fb9723382aed2821410d4d59531386baeaa7a35ce5230e2f2b9c05c37
page-before-reopen,reopen,cold,0,2987.7,188.9,224.0,10.34,2349021,3535957,
page-before-reopen,reopen,warm,0,586.3,148.8,167.7,7.30,615,1187551,
page-before-reopen,reopen,cold,1,3009.3,188.3,210.1,9.16,2349021,3535957,
page-before-reopen,reopen,warm,1,605.3,150.3,186.7,9.16,615,1187551,
page-adopted-reopen,reopen,cold,0,2735.0,164.4,188.7,8.09,1799057,3537101,
page-adopted-reopen,reopen,warm,0,525.9,128.6,158.0,6.23,614,1187550,
page-adopted-reopen,reopen,cold,1,2759.6,162.3,191.5,6.67,1799057,3537101,
page-adopted-reopen,reopen,warm,1,515.1,127.9,156.4,7.32,614,1187550,
