"elapsed_seconds","phase","W","H","page_js_heap_MiB","chrome_performance_memory_used_MiB","geometries","three_textures","webgl_buffers","webgl_textures","programs","live_workers","history_steps","map_version","pending_terrain","water_mesh_jobs","DOM_nodes","JS_event_listeners","worker_measurement_source","worker_sample_offset_seconds"
"0.191","baseline","256","256","26.224","277.828","152","16","682","20","16","6","1","12","0","0","3679","1057","Playwright","0"
"7.884","round-1","96","96","37.212","127.094","66","16","373","20","18","6","1","23","0","0","3297","1124","Playwright","0"
"15.655","round-1","96","96","24.309","124.312","64","16","371","20","17","6","1","23","0","0","3234","999","Playwright","0"
"45.67","round-1","96","96","17.745","108.5","64","16","371","20","17","6","1","23","0","0","2064","592","Playwright","0"
"75.875","round-2","256","256","26.117","195.102","160","16","720","20","21","6","2","27","0","0","1801","706","Playwright","0"
"80.325","round-2","128","128","21.207","155.095","85","16","441","20","21","7","1","34","0","0","3310","975","Playwright","0"
"105.688","round-2","128","128","18.68","145.999","85","16","441","20","21","7","1","34","0","0","2064","594","Playwright","0"
"135.694","round-2","128","128","19.265","146.582","85","16","441","20","21","7","1","34","0","0","2064","594","Playwright","0"
"165.555","round-3","256","256","47.008","177.334","164","16","732","20","22","6","1","45","0","0","3327","948","Playwright","0"
"165.707","round-3","256","256","21.868","228.284","164","16","732","20","22","6","1","45","0","0","3247","904","Playwright","0"
"195.718","round-3","256","256","22.284","228.699","164","16","732","20","22","6","1","45","0","0","3247","904","Playwright","0"
"223.955","round-4","96","96","32.751","170.252","75","16","413","20","22","6","1","56","0","0","3544","2105","Playwright","0"
"225.719","round-4","96","96","30.801","125.791","75","16","413","20","22","6","1","56","0","0","2160","751","Playwright","0"
"255.726","round-4","96","96","18.725","104.692","75","16","413","20","22","6","1","56","0","0","2075","592","Playwright","0"
"285.741","round-4","96","96","18.866","104.832","75","16","413","20","22","6","1","56","0","0","2075","592","Playwright","0"
"294.761","round-5","128","128","28.959","218.905","80","16","417","20","23","6","1","67","0","0","3427","1419","Playwright","0"
"315.754","round-5","128","128","19.288","113.737","81","16","426","20","23","6","1","67","0","0","2062","591","Playwright","0"
"345.768","round-5","128","128","19.52","113.969","81","16","426","20","23","6","1","67","0","0","2062","591","Playwright","0"
"380.417","round-6","256","256","45.696","179.242","164","16","720","20","25","6","1","78","0","0","3326","959","Playwright","0"
"405.768","round-6","256","256","21.53","245.751","163","16","719","20","24","6","1","78","0","0","2061","590","Playwright","0"
"435.779","round-7","128","128","53.202","164.509","134","16","776","20","24","6","6","82","0","0","1807","1341","Playwright","0"
"439.297","round-7","96","96","39.448","143.234","77","16","417","20","24","7","1","89","0","0","3373","1323","Playwright","0"
"465.794","round-7","96","96","21.136","132.923","78","16","426","20","24","7","1","89","0","0","3285","907","Playwright","0"
"495.807","round-7","96","96","21.432","133.219","78","16","426","20","24","7","1","89","0","0","3285","907","Playwright","0"
"514.827","round-8","128","128","39.525","251.322","88","16","448","20","24","6","1","100","0","0","3471","1362","Playwright","0"
"525.815","round-8","128","128","19.693","94.985","95","16","499","20","24","6","1","100","0","0","2074","592","Playwright","0"
"555.825","round-8","128","128","20.251","95.543","95","16","499","20","24","6","1","100","0","0","2074","592","Playwright","0"
"601.359","round-9","256","256","21.696","111.03","148","16","656","20","24","7","1","108","0","0","2068","599","Playwright","0"
"615.842","round-9","256","256","22.257","191.916","148","16","656","20","24","6","1","108","0","0","2074","592","Playwright","0"
"645.852","round-9","256","256","22.42","192.078","148","16","656","20","24","6","1","108","0","0","2074","592","Playwright","0"
"658.384","round-10","96","96","21.898","98.632","74","16","406","20","24","6","1","116","0","0","3285","929","Playwright","0"
"675.869","round-10","96","96","19.983","105.344","74","16","406","20","24","6","1","116","0","0","2061","590","Playwright","0"
"705.88","round-10","96","96","20.252","105.612","74","16","406","20","24","6","1","116","0","0","2061","590","Playwright","0"
"727.403","round-11","128","128","32.861","160.594","87","16","453","20","25","6","1","124","0","0","3274","1124","Playwright","0"
"735.885","round-11","128","128","27.886","181.428","86","16","452","20","24","6","1","124","0","0","3293","1670","Playwright","0"
"765.97","round-11","128","128","21.951","152.58","86","16","452","20","24","6","1","124","0","0","3209","877","Playwright","0"
"797.274","round-12","96","96","30.747","185.025","114","16","676","20","24","6","7","128","0","0","4597","1708","Playwright","0"
"799.044","round-12","256","256","36.82","179.827","159","16","695","20","24","7","1","132","0","0","3366","1221","Playwright","0"
"825.906","round-12","256","256","22.226","201.992","159","16","695","20","24","7","1","132","0","0","2063","593","Playwright","0"
"855.911","round-12","256","256","22.18","201.945","159","16","695","20","24","7","1","132","0","0","2063","593","Playwright","0"
"872.474","round-13","96","96","54.124","185.926","111","16","647","20","24","6","1","140","0","0","3442","1837","Playwright","0"
"885.918","round-13","96","96","20.162","106.202","111","16","647","20","24","6","1","140","0","0","2074","593","Playwright","0"
"915.928","round-13","96","96","20.202","106.241","111","16","647","20","24","6","1","140","0","0","2074","593","Playwright","0"
"946.012","round-14","256","256","26.411","156.86","167","16","745","20","24","6","8","143","0","0","3021","965","Playwright","0"
"949.414","round-14","128","128","25.57","114.098","94","16","476","20","24","6","1","147","0","0","3349","943","Playwright","0"
"975.941","round-14","128","128","20.602","130.117","94","16","476","20","24","6","1","147","0","0","2074","592","Playwright","0"
"1005.951","round-14","128","128","21.29","130.804","94","16","476","20","24","6","1","147","0","0","2074","592","Playwright","0"
"1030.322","round-15","256","256","38.251","166.062","168","16","748","20","24","6","1","158","0","0","3432","990","Playwright","0"
"1035.965","round-15","256","256","22.907","312.782","169","16","763","20","24","6","1","158","0","0","2061","591","Playwright","0"
"1065.975","round-15","256","256","23.024","312.897","169","16","763","20","24","6","1","158","0","0","2061","592","Playwright","0"
"1086.767","round-16","96","96","25.33","117.915","78","16","412","20","25","6","1","166","0","0","3337","1234","Playwright","0"
"1095.99","round-16","96","96","21.832","125.731","77","16","419","20","24","6","1","166","0","0","2124","602","Playwright","0"
"1125.998","round-16","96","96","23.298","127.196","77","16","419","20","24","6","1","166","0","0","2124","602","Playwright","0"
"1157.067","round-17","256","256","25.43","209.476","168","16","748","20","24","6","9","170","0","0","2334","667","Playwright","0"
"1160.045","round-17","128","128","28.159","188.569","92","16","468","20","24","6","1","174","0","0","3351","959","Playwright","0"
"1186.004","round-17","128","128","39.086","273.884","92","16","468","20","24","6","1","174","0","0","3357","1014","Playwright","0"
"1216.014","round-17","128","128","40.819","275.616","92","16","468","20","24","6","1","174","0","0","3357","1014","Playwright","0"
"1246.019","round-18","96","96","25.606","250.322","116","16","686","20","24","6","9","175","0","0","4111","1129","Playwright","0"
"1276.034","round-18","96","96","28.362","253.078","116","16","686","20","24","6","9","175","0","0","4111","1129","Playwright","0"
"1306.041","round-18","96","96","24.536","249.225","116","16","686","20","24","6","9","175","0","0","4111","1129","Playwright","0"
"1502.137","resume-round-18","96","96","24.906","249.613","116","16","686","20","24","","9","175","0","0","4111","1129","measurement gap after reconnect","0"
"1516.61","round-18","256","256","37.42","153.128","167","16","757","20","24","","0","179","0","0","3369","1114","measurement gap after reconnect","0"
"1532.834","round-19","96","96","25.945","100.896","126","16","754","20","24","","0","184","0","0","3285","961","measurement gap after reconnect","0"
"1562.143","round-19","96","96","30.122","105.072","126","16","754","20","24","6","0","184","0","0","3285","961","CDP reconnect supplement","24.473"
"1592.159","round-19","96","96","32.825","107.775","126","16","754","20","24","6","0","184","0","0","3285","961","CDP reconnect supplement","5.543"
"1727.993","resume-round-20","96","96","42.694","117.658","126","16","754","20","24","6","0","184","0","0","3285","961","CDP reconnect supplement","8.741"
"1746.193","round-20","128","128","31.824","119.133","87","16","457","20","24","6","1","191","0","0","3353","1003","CDP reconnect supplement","9.459"
"1753.684","round-21","96","96","29.62","133.127","116","16","688","20","24","6","11","195","0","0","3080","980","CDP reconnect supplement","13.058"
"1757.988","round-22","128","128","26.348","164.458","134","16","770","20","25","6","11","196","0","0","2713","946","CDP reconnect supplement","8.754"
"1778.777","round-22","128","128","27.992","120.243","133","16","769","20","24","6","13","202","0","0","2045","816","CDP reconnect supplement","12.035"
"1783.274","round-23","256","256","43.505","160.841","167","16","745","20","24","6","9","205","0","0","2933","932","CDP reconnect supplement","13.476"
"1788.001","round-24","96","96","26.132","105.695","117","16","691","20","24","6","11","206","0","0","2726","872","CDP reconnect supplement","8.749"
"1788.384","round-24","96","96","47.32","133.867","117","16","691","20","24","6","12","209","0","0","2840","1029","CDP reconnect supplement","8.366"
"1790.621","round-25","128","128","28.112","131.607","125","16","753","20","24","6","14","213","0","0","2775","887","CDP reconnect supplement","6.129"
"1803.072","round-26","256","256","23.769","161.886","167","16","745","20","24","6","10","217","0","0","1852","659","CDP reconnect supplement","6.322"
"1818.009","round-26","256","256","24.535","328.296","167","16","745","20","24","6","10","217","0","0","1791","598","CDP reconnect supplement","10.42"
"1848.015","round-26","256","256","25.056","328.816","167","16","745","20","24","6","10","217","0","0","1791","598","CDP reconnect supplement","10.421"
"1876.179","round-27","96","96","33.916","355.659","118","16","700","20","24","6","13","221","0","0","2811","1062","CDP reconnect supplement","12.274"
"1878.021","round-27","96","96","27.613","131.436","119","16","697","20","24","6","13","221","0","0","1861","1351","CDP reconnect supplement","10.432"
"1908.03","round-27","96","96","49.09","147.393","120","16","706","20","24","6","13","221","0","0","1871","1273","CDP reconnect supplement","10.442"
"1938.036","round-27","96","96","26.08","122.874","120","16","706","20","24","6","13","221","0","0","1871","1273","CDP reconnect supplement","11.855"
"1956.927","round-28","128","128","35.636","127.796","131","16","751","20","24","6","15","225","0","0","1876","639","CDP reconnect supplement","7.036"
"1968.044","round-28","128","128","46.856","143.201","131","16","751","20","24","7","15","225","0","0","1876","657","CDP reconnect supplement","11.858"
"1998.047","round-28","128","128","23.602","116.971","131","16","751","20","24","7","15","225","0","0","1876","657","CDP reconnect supplement","11.876"
"2028.062","round-29","256","256","32.451","158.718","168","16","744","20","25","6","10","228","0","0","1955","627","CDP reconnect supplement","11.881"
"2028.783","round-29","256","256","44.471","168.965","124","16","446","20","25","6","11","231","0","0","2177","712","CDP reconnect supplement","11.16"
"2058.069","round-29","256","256","25.069","372.843","167","16","745","20","24","6","11","231","0","0","1907","636","CDP reconnect supplement","11.897"
"2088.14","round-30","256","256","24.884","372.66","167","16","745","20","24","6","11","231","0","0","1907","636","CDP reconnect supplement","11.838"
"2106.844","round-30","96","96","28.313","367.038","120","16","706","20","24","6","13","234","0","0","2956","1020","CDP reconnect supplement","6.866"
"2118.08","round-30","96","96","25.969","366.586","120","16","706","20","24","6","13","234","0","0","2867","895","CDP reconnect supplement","11.917"
"2148.081","round-30","96","96","29.175","369.79","120","16","706","20","24","6","13","234","0","0","2867","895","CDP reconnect supplement","11.954"
"2172.268","round-31","128","128","27.075","117.507","117","16","697","20","24","6","16","238","0","0","1872","693","CDP reconnect supplement","12.233"
"2178.086","round-31","128","128","25.716","113.606","132","16","758","20","24","6","16","238","0","0","1795","618","CDP reconnect supplement","11.965"
"2208.086","round-31","128","128","28.481","116.37","132","16","758","20","24","6","16","238","0","0","1795","618","CDP reconnect supplement","11.973"
"2235.231","round-32","256","256","25.065","148.758","168","16","746","20","25","6","12","242","0","0","2818","916","CDP reconnect supplement","14.848"
"2238.098","round-32","256","256","31.443","205.769","167","16","745","20","24","6","12","242","0","0","1864","766","CDP reconnect supplement","11.981"
"2268.099","round-32","256","256","31.19","255.589","167","16","745","20","24","6","12","242","0","0","1791","643","CDP reconnect supplement","11.999"
"2298.101","round-32","256","256","35.144","259.542","167","16","745","20","24","6","12","242","0","0","1791","643","CDP reconnect supplement","12.638"
"2315.488","round-33","96","96","29.452","239.27","118","16","700","20","24","6","14","246","0","0","2829","989","CDP reconnect supplement","4.749"
"2328.111","round-33","96","96","26.022","113.772","119","16","703","20","24","7","14","246","0","0","1889","662","CDP reconnect supplement","12.645"
"2358.113","round-33","96","96","28.463","116.212","119","16","703","20","24","7","14","246","0","0","1889","662","CDP reconnect supplement","12.978"
"2386.61","round-34","128","128","31.21","128.778","132","16","758","20","24","6","17","250","0","0","1895","1006","CDP reconnect supplement","14.495"
"2388.121","round-34","128","128","24.534","125.206","132","16","758","20","24","6","17","250","0","0","1808","600","CDP reconnect supplement","12.984"
"2418.133","round-34","128","128","26.517","127.188","132","16","758","20","24","6","17","250","0","0","1808","600","CDP reconnect supplement","12.981"
"2448.143","round-35","128","128","30.157","109.152","132","16","758","20","24","6","17","250","0","0","2033","668","CDP reconnect supplement","12.982"
"2453.353","round-35","256","256","30.89","144.206","167","16","745","20","24","6","13","254","0","0","1892","663","CDP reconnect supplement","7.772"
"2478.146","round-35","256","256","29.099","194.574","167","16","745","20","24","6","13","254","0","0","1805","601","CDP reconnect supplement","12.987"
"2508.16","round-35","256","256","33.823","199.297","167","16","745","20","24","6","13","254","0","0","1805","601","CDP reconnect supplement","14.048"
"2529.776","round-36","96","96","32.723","129.018","120","16","706","20","24","6","16","261","0","0","2176","797","CDP reconnect supplement","7.568"
"2538.167","round-36","96","96","27.276","121.057","121","16","709","20","24","6","16","261","0","0","2165","772","CDP reconnect supplement","14.051"
"2568.18","round-36","96","96","29.861","123.642","121","16","709","20","24","6","16","261","0","0","2165","772","CDP reconnect supplement","14.046"
"2598.193","round-37","128","128","31.289","121.16","130","16","743","20","25","6","17","262","0","0","1759","603","CDP reconnect supplement","14.046"
"2602.983","round-37","128","128","34.285","123.963","117","16","697","20","24","6","18","265","0","0","1864","707","CDP reconnect supplement","9.256"
"2628.203","round-37","128","128","41.272","129.567","91","16","473","20","24","6","18","265","0","0","1863","650","CDP reconnect supplement","14.047"
"2658.211","round-37","128","128","43.156","131.451","91","16","473","20","24","7","18","265","0","0","1863","650","CDP reconnect supplement","14.106"
"2668.712","round-38","256","256","27.069","132.813","167","16","745","20","24","7","14","269","0","0","1870","622","CDP reconnect supplement","3.605"
"2688.221","round-38","256","256","30.592","272.144","167","16","745","20","24","7","14","269","0","0","1793","614","CDP reconnect supplement","14.103"
"2718.223","round-38","256","256","34.519","276.07","167","16","745","20","24","7","14","269","0","0","1793","614","CDP reconnect supplement","14.121"
"2738.895","round-39","96","96","25.282","248.176","117","16","697","20","24","7","17","273","0","0","2842","925","CDP reconnect supplement","6.551"
"2748.231","round-39","96","96","40.369","288.324","121","16","709","20","24","6","17","273","0","0","2855","1403","CDP reconnect supplement","14.124"
"2778.242","round-39","96","96","41.651","289.606","121","16","709","20","24","6","17","273","0","0","2855","1403","CDP reconnect supplement","14.128"
"2808.251","round-40","128","128","23.922","105.643","91","16","473","20","24","6","18","274","0","0","2637","854","CDP reconnect supplement","14.129"
"2814.369","round-40","128","128","27.862","136.486","91","16","473","20","24","6","19","277","0","0","2862","961","CDP reconnect supplement","8.011"
"2838.261","round-40","128","128","30.405","141.917","91","16","473","20","24","6","19","277","0","0","2862","976","CDP reconnect supplement","14.138"
"2868.274","round-40","128","128","32.501","144.014","91","16","473","20","24","6","19","277","0","0","2862","976","CDP reconnect supplement","15.875"
"2883.367","round-41","256","256","24.279","148.737","167","16","745","20","24","6","15","281","0","0","2838","931","CDP reconnect supplement","1.947"
"2900.669","round-41","256","256","28.579","263.761","167","16","745","20","24","6","15","281","0","0","1791","604","CDP reconnect supplement","14.658"
"2928.3","round-41","256","256","31.921","267.103","167","16","745","20","24","6","15","281","0","0","1791","605","CDP reconnect supplement","12.973"
"2956.096","round-42","96","96","30.446","264.88","122","16","710","20","25","6","18","285","0","0","2809","1087","CDP reconnect supplement","10.75"
"2958.306","round-42","96","96","29.306","125.123","119","16","697","20","24","6","18","285","0","0","1792","1352","CDP reconnect supplement","12.96"
"2988.32","round-42","96","96","33.855","134.577","119","16","697","20","24","6","18","285","0","0","1803","2120","CDP reconnect supplement","12.956"
"3018.321","round-42","96","96","36.801","137.523","119","16","697","20","24","6","18","285","0","0","1803","2120","CDP reconnect supplement","12.945"
"3036.917","round-43","128","128","28.451","122.672","77","16","424","20","24","7","21","292","0","0","1982","1068","CDP reconnect supplement","1.359"
"3048.322","round-43","128","128","25.7","103.078","93","16","487","20","24","7","21","292","0","0","1976","658","CDP reconnect supplement","12.764"
"3078.328","round-43","128","128","27.174","104.552","93","16","487","20","24","7","21","292","0","0","1976","658","CDP reconnect supplement","12.755"
"3100.295","round-44","256","256","31.088","173.018","153","16","703","20","24","7","16","296","0","0","1891","681","CDP reconnect supplement","4.706"
"3108.33","round-44","256","256","29.133","165.638","167","16","745","20","24","7","16","296","0","0","1804","627","CDP reconnect supplement","12.741"
"3138.335","round-44","256","256","32.409","168.912","167","16","745","20","24","6","16","296","0","0","1804","627","CDP reconnect supplement","12.74"
"3168.338","round-45","256","256","35.612","173.222","167","16","745","20","24","6","16","296","0","0","2029","695","CDP reconnect supplement","12.727"
"3170.935","round-45","96","96","23.995","131.588","119","16","697","20","24","6","19","300","0","0","2854","917","CDP reconnect supplement","14.692"
"3198.341","round-45","96","96","26.165","144.312","120","16","706","20","24","6","19","300","0","0","1894","651","CDP reconnect supplement","12.714"
"3228.351","round-45","96","96","27.693","145.839","120","16","706","20","24","6","19","300","0","0","1894","651","CDP reconnect supplement","12.706"
"3246.939","round-46","128","128","30.068","118.078","93","16","481","20","24","6","22","304","0","0","1801","946","CDP reconnect supplement","1.134"
"3258.354","round-46","128","128","39.989","132.077","92","16","478","20","24","6","22","304","0","0","1801","958","CDP reconnect supplement","12.549"
"3288.36","round-46","128","128","23.001","111.828","92","16","478","20","24","6","22","304","0","0","1796","600","CDP reconnect supplement","12.538"
"3315.148","round-47","256","256","29.544","140.186","168","16","746","20","25","6","17","308","0","0","1862","667","CDP reconnect supplement","9.319"
"3318.365","round-47","256","256","30.031","297.295","166","16","742","20","24","6","17","308","0","0","1878","789","CDP reconnect supplement","12.536"
"3348.372","round-47","256","256","33.212","351.978","166","16","742","20","24","6","17","308","0","0","1792","671","CDP reconnect supplement","10.862"
"3378.375","round-47","256","256","40.83","359.595","166","16","742","20","24","6","17","308","0","0","1792","671","CDP reconnect supplement","10.798"
"3387.672","round-48","96","96","55.257","348.79","120","16","706","20","24","7","20","312","0","0","2828","946","CDP reconnect supplement","9.925"
"3408.381","round-48","96","96","46.552","151.146","120","16","706","20","24","7","20","312","0","0","1894","945","CDP reconnect supplement","10.784"
"3438.392","round-48","96","96","24.795","128.107","120","16","706","20","24","7","20","312","0","0","1795","601","CDP reconnect supplement","10.788"
"3458.389","round-49","128","128","28.499","136.205","78","16","424","20","24","6","22","315","0","0","2857","1051","CDP reconnect supplement","0.767"
"3468.406","round-49","128","128","26.106","101.539","92","16","478","20","24","6","22","315","0","0","1809","630","CDP reconnect supplement","10.784"
"3498.61","round-49","128","128","26.026","101.468","92","16","478","20","24","6","22","315","0","0","1809","630","CDP reconnect supplement","10.972"
"3528.419","round-50","128","128","24.596","101.339","92","16","478","20","24","6","22","315","0","0","2034","698","CDP reconnect supplement","10.769"
"3535.269","round-50","256","256","24.074","155.024","166","16","742","20","24","6","19","322","0","0","1988","648","CDP reconnect supplement","12.393"
"3558.433","round-50","256","256","35.649","383.41","166","16","742","20","24","6","19","322","0","0","1992","734","CDP reconnect supplement","10.771"
"3588.447","round-50","256","256","43.587","391.347","166","16","742","20","24","6","19","322","0","0","1992","734","CDP reconnect supplement","10.775"
"3600.018","end","256","256","46.59","394.35","166","16","742","20","24","6","19","322","0","0","1992","734","CDP reconnect supplement","7.666"
