"elapsed_seconds","phase","worker_id","worker_type","module","wasm_MiB","measurement_state"
"0.191","baseline","1","waterStrip","water","9.5","ok"
"0.191","baseline","2","generator","water","47.813","ok"
"0.191","baseline","3","checks","water","23.938","ok"
"0.191","baseline","4","waterStrip","water","13.25","ok"
"0.191","baseline","5","bake","","0","no exported Wasm memory"
"0.191","baseline","6","waterMesh","","0","no exported Wasm memory"
"7.884","round-1","1","waterStrip","water","9.5","ok"
"7.884","round-1","2","generator","water","47.813","ok"
"7.884","round-1","2","generator","forces","8.875","ok"
"7.884","round-1","3","checks","water","24.313","ok"
"7.884","round-1","4","waterStrip","water","13.25","ok"
"7.884","round-1","5","bake","","0","no exported Wasm memory"
"7.884","round-1","6","waterMesh","","0","no exported Wasm memory"
"15.655","round-1","1","waterStrip","water","9.5","ok"
"15.655","round-1","2","generator","water","47.813","ok"
"15.655","round-1","2","generator","forces","8.875","ok"
"15.655","round-1","3","checks","water","24.313","ok"
"15.655","round-1","4","waterStrip","water","13.25","ok"
"15.655","round-1","5","bake","","0","no exported Wasm memory"
"15.655","round-1","6","waterMesh","","0","no exported Wasm memory"
"45.67","round-1","1","waterStrip","water","9.5","ok"
"45.67","round-1","2","generator","water","47.813","ok"
"45.67","round-1","2","generator","forces","8.875","ok"
"45.67","round-1","3","checks","water","24.313","ok"
"45.67","round-1","4","waterStrip","water","13.25","ok"
"45.67","round-1","5","bake","","0","no exported Wasm memory"
"45.67","round-1","6","waterMesh","","0","no exported Wasm memory"
"75.875","round-2","1","waterStrip","water","9.5","ok"
"75.875","round-2","2","generator","water","47.813","ok"
"75.875","round-2","2","generator","forces","15.188","ok"
"75.875","round-2","3","checks","water","24.313","ok"
"75.875","round-2","4","waterStrip","water","13.25","ok"
"75.875","round-2","5","bake","","0","no exported Wasm memory"
"75.875","round-2","6","waterMesh","","0","no exported Wasm memory"
"80.325","round-2","1","waterStrip","water","9.5","ok"
"80.325","round-2","2","generator","water","52.25","ok"
"80.325","round-2","2","generator","forces","15.188","ok"
"80.325","round-2","3","checks","water","26.813","ok"
"80.325","round-2","4","waterStrip","water","13.25","ok"
"80.325","round-2","5","bake","","0","no exported Wasm memory"
"80.325","round-2","6","waterMesh","","0","no exported Wasm memory"
"80.325","round-2","8","generator","","","terminated during sample"
"80.325","round-2","9","startCheck","","","probe unavailable (optional worker)"
"105.688","round-2","1","waterStrip","water","9.5","ok"
"105.688","round-2","2","generator","water","52.25","ok"
"105.688","round-2","2","generator","forces","15.188","ok"
"105.688","round-2","3","checks","water","26.813","ok"
"105.688","round-2","4","waterStrip","water","13.25","ok"
"105.688","round-2","5","bake","","0","no exported Wasm memory"
"105.688","round-2","6","waterMesh","","0","no exported Wasm memory"
"105.688","round-2","9","startCheck","","","probe unavailable (optional worker)"
"135.694","round-2","1","waterStrip","water","9.5","ok"
"135.694","round-2","2","generator","water","52.25","ok"
"135.694","round-2","2","generator","forces","15.188","ok"
"135.694","round-2","3","checks","water","26.813","ok"
"135.694","round-2","4","waterStrip","water","13.25","ok"
"135.694","round-2","5","bake","","0","no exported Wasm memory"
"135.694","round-2","6","waterMesh","","0","no exported Wasm memory"
"135.694","round-2","9","startCheck","","","probe unavailable (optional worker)"
"165.555","round-3","1","waterStrip","water","9.5","ok"
"165.555","round-3","2","generator","water","52.25","ok"
"165.555","round-3","2","generator","forces","15.188","ok"
"165.555","round-3","3","checks","water","26.813","ok"
"165.555","round-3","4","waterStrip","water","16.688","ok"
"165.555","round-3","5","bake","","0","no exported Wasm memory"
"165.555","round-3","6","waterMesh","","0","no exported Wasm memory"
"165.555","round-3","11","generator","","","terminated during sample"
"165.707","round-3","1","waterStrip","water","9.5","ok"
"165.707","round-3","2","generator","water","52.25","ok"
"165.707","round-3","2","generator","forces","15.188","ok"
"165.707","round-3","3","checks","water","26.813","ok"
"165.707","round-3","4","waterStrip","water","16.688","ok"
"165.707","round-3","5","bake","","0","no exported Wasm memory"
"165.707","round-3","6","waterMesh","","0","no exported Wasm memory"
"195.718","round-3","1","waterStrip","water","9.5","ok"
"195.718","round-3","2","generator","water","52.25","ok"
"195.718","round-3","2","generator","forces","15.188","ok"
"195.718","round-3","3","checks","water","26.813","ok"
"195.718","round-3","4","waterStrip","water","16.688","ok"
"195.718","round-3","5","bake","","0","no exported Wasm memory"
"195.718","round-3","6","waterMesh","","0","no exported Wasm memory"
"223.955","round-4","1","waterStrip","water","9.5","ok"
"223.955","round-4","2","generator","water","52.25","ok"
"223.955","round-4","2","generator","forces","15.188","ok"
"223.955","round-4","3","checks","water","26.813","ok"
"223.955","round-4","4","waterStrip","water","16.688","ok"
"223.955","round-4","5","bake","","0","no exported Wasm memory"
"223.955","round-4","6","waterMesh","","0","no exported Wasm memory"
"225.719","round-4","1","waterStrip","water","9.5","ok"
"225.719","round-4","2","generator","water","52.25","ok"
"225.719","round-4","2","generator","forces","15.188","ok"
"225.719","round-4","3","checks","water","26.813","ok"
"225.719","round-4","4","waterStrip","water","16.688","ok"
"225.719","round-4","5","bake","","0","no exported Wasm memory"
"225.719","round-4","6","waterMesh","","0","no exported Wasm memory"
"255.726","round-4","1","waterStrip","water","9.5","ok"
"255.726","round-4","2","generator","water","52.25","ok"
"255.726","round-4","2","generator","forces","15.188","ok"
"255.726","round-4","3","checks","water","26.813","ok"
"255.726","round-4","4","waterStrip","water","16.688","ok"
"255.726","round-4","5","bake","","0","no exported Wasm memory"
"255.726","round-4","6","waterMesh","","0","no exported Wasm memory"
"285.741","round-4","1","waterStrip","water","9.5","ok"
"285.741","round-4","2","generator","water","52.25","ok"
"285.741","round-4","2","generator","forces","15.188","ok"
"285.741","round-4","3","checks","water","26.813","ok"
"285.741","round-4","4","waterStrip","water","16.688","ok"
"285.741","round-4","5","bake","","0","no exported Wasm memory"
"285.741","round-4","6","waterMesh","","0","no exported Wasm memory"
"294.761","round-5","1","waterStrip","water","9.5","ok"
"294.761","round-5","2","generator","water","52.25","ok"
"294.761","round-5","2","generator","forces","15.188","ok"
"294.761","round-5","3","checks","water","44.313","ok"
"294.761","round-5","4","waterStrip","water","16.688","ok"
"294.761","round-5","5","bake","","0","no exported Wasm memory"
"294.761","round-5","6","waterMesh","","0","no exported Wasm memory"
"315.754","round-5","1","waterStrip","water","9.5","ok"
"315.754","round-5","2","generator","water","52.25","ok"
"315.754","round-5","2","generator","forces","15.188","ok"
"315.754","round-5","3","checks","water","44.313","ok"
"315.754","round-5","4","waterStrip","water","16.688","ok"
"315.754","round-5","5","bake","","0","no exported Wasm memory"
"315.754","round-5","6","waterMesh","","0","no exported Wasm memory"
"345.768","round-5","1","waterStrip","water","9.5","ok"
"345.768","round-5","2","generator","water","52.25","ok"
"345.768","round-5","2","generator","forces","15.188","ok"
"345.768","round-5","3","checks","water","44.313","ok"
"345.768","round-5","4","waterStrip","water","16.688","ok"
"345.768","round-5","5","bake","","0","no exported Wasm memory"
"345.768","round-5","6","waterMesh","","0","no exported Wasm memory"
"380.417","round-6","1","waterStrip","water","9.5","ok"
"380.417","round-6","2","generator","water","52.25","ok"
"380.417","round-6","2","generator","forces","15.188","ok"
"380.417","round-6","3","checks","water","44.313","ok"
"380.417","round-6","4","waterStrip","water","22.125","ok"
"380.417","round-6","5","bake","","0","no exported Wasm memory"
"380.417","round-6","6","waterMesh","","0","no exported Wasm memory"
"405.768","round-6","1","waterStrip","water","9.5","ok"
"405.768","round-6","2","generator","water","52.25","ok"
"405.768","round-6","2","generator","forces","15.188","ok"
"405.768","round-6","3","checks","water","44.313","ok"
"405.768","round-6","4","waterStrip","water","22.125","ok"
"405.768","round-6","5","bake","","0","no exported Wasm memory"
"405.768","round-6","6","waterMesh","","0","no exported Wasm memory"
"435.779","round-7","1","waterStrip","water","9.5","ok"
"435.779","round-7","2","generator","water","52.25","ok"
"435.779","round-7","2","generator","forces","15.188","ok"
"435.779","round-7","3","checks","water","44.313","ok"
"435.779","round-7","4","waterStrip","water","22.125","ok"
"435.779","round-7","5","bake","","0","no exported Wasm memory"
"435.779","round-7","6","waterMesh","","0","no exported Wasm memory"
"439.297","round-7","1","waterStrip","water","9.5","ok"
"439.297","round-7","2","generator","water","52.25","ok"
"439.297","round-7","2","generator","forces","15.188","ok"
"439.297","round-7","3","checks","water","44.313","ok"
"439.297","round-7","4","waterStrip","water","22.125","ok"
"439.297","round-7","5","bake","","0","no exported Wasm memory"
"439.297","round-7","6","waterMesh","","0","no exported Wasm memory"
"439.297","round-7","12","startCheck","","","probe unavailable (optional worker)"
"465.794","round-7","1","waterStrip","water","9.5","ok"
"465.794","round-7","2","generator","water","52.25","ok"
"465.794","round-7","2","generator","forces","15.188","ok"
"465.794","round-7","3","checks","water","44.313","ok"
"465.794","round-7","4","waterStrip","water","22.125","ok"
"465.794","round-7","5","bake","","0","no exported Wasm memory"
"465.794","round-7","6","waterMesh","","0","no exported Wasm memory"
"465.794","round-7","12","startCheck","","","probe unavailable (optional worker)"
"495.807","round-7","1","waterStrip","water","9.5","ok"
"495.807","round-7","2","generator","water","52.25","ok"
"495.807","round-7","2","generator","forces","15.188","ok"
"495.807","round-7","3","checks","water","44.313","ok"
"495.807","round-7","4","waterStrip","water","22.125","ok"
"495.807","round-7","5","bake","","0","no exported Wasm memory"
"495.807","round-7","6","waterMesh","","0","no exported Wasm memory"
"495.807","round-7","12","startCheck","","","probe unavailable (optional worker)"
"514.827","round-8","1","waterStrip","water","9.5","ok"
"514.827","round-8","2","generator","water","52.25","ok"
"514.827","round-8","2","generator","forces","16.563","ok"
"514.827","round-8","3","checks","water","44.313","ok"
"514.827","round-8","4","waterStrip","water","22.125","ok"
"514.827","round-8","5","bake","","0","no exported Wasm memory"
"514.827","round-8","6","waterMesh","","0","no exported Wasm memory"
"525.815","round-8","1","waterStrip","water","9.5","ok"
"525.815","round-8","2","generator","water","52.25","ok"
"525.815","round-8","2","generator","forces","16.563","ok"
"525.815","round-8","3","checks","water","44.313","ok"
"525.815","round-8","4","waterStrip","water","22.125","ok"
"525.815","round-8","5","bake","","0","no exported Wasm memory"
"525.815","round-8","6","waterMesh","","0","no exported Wasm memory"
"555.825","round-8","1","waterStrip","water","9.5","ok"
"555.825","round-8","2","generator","water","52.25","ok"
"555.825","round-8","2","generator","forces","16.563","ok"
"555.825","round-8","3","checks","water","44.313","ok"
"555.825","round-8","4","waterStrip","water","22.125","ok"
"555.825","round-8","5","bake","","0","no exported Wasm memory"
"555.825","round-8","6","waterMesh","","0","no exported Wasm memory"
"601.359","round-9","1","waterStrip","water","9.5","ok"
"601.359","round-9","2","generator","water","52.25","ok"
"601.359","round-9","2","generator","forces","16.563","ok"
"601.359","round-9","3","checks","water","44.313","ok"
"601.359","round-9","4","waterStrip","water","24.375","ok"
"601.359","round-9","5","bake","","0","no exported Wasm memory"
"601.359","round-9","6","waterMesh","","0","no exported Wasm memory"
"601.359","round-9","14","generator","water","14.938","ok"
"615.842","round-9","1","waterStrip","water","9.5","ok"
"615.842","round-9","2","generator","water","52.25","ok"
"615.842","round-9","2","generator","forces","16.563","ok"
"615.842","round-9","3","checks","water","44.313","ok"
"615.842","round-9","4","waterStrip","water","24.375","ok"
"615.842","round-9","5","bake","","0","no exported Wasm memory"
"615.842","round-9","6","waterMesh","","0","no exported Wasm memory"
"645.852","round-9","1","waterStrip","water","9.5","ok"
"645.852","round-9","2","generator","water","52.25","ok"
"645.852","round-9","2","generator","forces","16.563","ok"
"645.852","round-9","3","checks","water","44.313","ok"
"645.852","round-9","4","waterStrip","water","24.375","ok"
"645.852","round-9","5","bake","","0","no exported Wasm memory"
"645.852","round-9","6","waterMesh","","0","no exported Wasm memory"
"658.384","round-10","1","waterStrip","water","9.5","ok"
"658.384","round-10","2","generator","water","52.25","ok"
"658.384","round-10","2","generator","forces","16.563","ok"
"658.384","round-10","3","checks","water","44.313","ok"
"658.384","round-10","4","waterStrip","water","24.375","ok"
"658.384","round-10","5","bake","","0","no exported Wasm memory"
"658.384","round-10","6","waterMesh","","0","no exported Wasm memory"
"675.869","round-10","1","waterStrip","water","9.5","ok"
"675.869","round-10","2","generator","water","52.25","ok"
"675.869","round-10","2","generator","forces","16.563","ok"
"675.869","round-10","3","checks","water","44.313","ok"
"675.869","round-10","4","waterStrip","water","24.375","ok"
"675.869","round-10","5","bake","","0","no exported Wasm memory"
"675.869","round-10","6","waterMesh","","0","no exported Wasm memory"
"705.88","round-10","1","waterStrip","water","9.5","ok"
"705.88","round-10","2","generator","water","52.25","ok"
"705.88","round-10","2","generator","forces","16.563","ok"
"705.88","round-10","3","checks","water","44.313","ok"
"705.88","round-10","4","waterStrip","water","24.375","ok"
"705.88","round-10","5","bake","","0","no exported Wasm memory"
"705.88","round-10","6","waterMesh","","0","no exported Wasm memory"
"727.403","round-11","1","waterStrip","water","9.5","ok"
"727.403","round-11","2","generator","water","52.25","ok"
"727.403","round-11","2","generator","forces","16.563","ok"
"727.403","round-11","3","checks","water","44.313","ok"
"727.403","round-11","4","waterStrip","water","24.375","ok"
"727.403","round-11","5","bake","","0","no exported Wasm memory"
"727.403","round-11","6","waterMesh","","0","no exported Wasm memory"
"735.885","round-11","1","waterStrip","water","9.5","ok"
"735.885","round-11","2","generator","water","52.25","ok"
"735.885","round-11","2","generator","forces","16.563","ok"
"735.885","round-11","3","checks","water","44.313","ok"
"735.885","round-11","4","waterStrip","water","24.375","ok"
"735.885","round-11","5","bake","","0","no exported Wasm memory"
"735.885","round-11","6","waterMesh","","0","no exported Wasm memory"
"765.97","round-11","1","waterStrip","water","9.5","ok"
"765.97","round-11","2","generator","water","52.25","ok"
"765.97","round-11","2","generator","forces","16.563","ok"
"765.97","round-11","3","checks","water","44.313","ok"
"765.97","round-11","4","waterStrip","water","24.375","ok"
"765.97","round-11","5","bake","","0","no exported Wasm memory"
"765.97","round-11","6","waterMesh","","0","no exported Wasm memory"
"797.274","round-12","1","waterStrip","water","9.5","ok"
"797.274","round-12","2","generator","water","52.25","ok"
"797.274","round-12","2","generator","forces","16.563","ok"
"797.274","round-12","3","checks","water","44.313","ok"
"797.274","round-12","4","waterStrip","water","24.375","ok"
"797.274","round-12","5","bake","","0","no exported Wasm memory"
"797.274","round-12","6","waterMesh","","0","no exported Wasm memory"
"799.044","round-12","1","waterStrip","water","9.5","ok"
"799.044","round-12","2","generator","water","52.25","ok"
"799.044","round-12","2","generator","forces","16.563","ok"
"799.044","round-12","3","checks","water","44.313","ok"
"799.044","round-12","4","waterStrip","water","24.375","ok"
"799.044","round-12","5","bake","","0","no exported Wasm memory"
"799.044","round-12","6","waterMesh","","0","no exported Wasm memory"
"799.044","round-12","15","startCheck","","","probe unavailable (optional worker)"
"825.906","round-12","1","waterStrip","water","10.563","ok"
"825.906","round-12","2","generator","water","52.25","ok"
"825.906","round-12","2","generator","forces","16.563","ok"
"825.906","round-12","3","checks","water","44.313","ok"
"825.906","round-12","4","waterStrip","water","24.375","ok"
"825.906","round-12","5","bake","","0","no exported Wasm memory"
"825.906","round-12","6","waterMesh","","0","no exported Wasm memory"
"825.906","round-12","15","startCheck","","","probe unavailable (optional worker)"
"855.911","round-12","1","waterStrip","water","10.563","ok"
"855.911","round-12","2","generator","water","52.25","ok"
"855.911","round-12","2","generator","forces","16.563","ok"
"855.911","round-12","3","checks","water","44.313","ok"
"855.911","round-12","4","waterStrip","water","24.375","ok"
"855.911","round-12","5","bake","","0","no exported Wasm memory"
"855.911","round-12","6","waterMesh","","0","no exported Wasm memory"
"855.911","round-12","15","startCheck","","","probe unavailable (optional worker)"
"872.474","round-13","1","waterStrip","water","10.563","ok"
"872.474","round-13","2","generator","water","52.25","ok"
"872.474","round-13","2","generator","forces","16.563","ok"
"872.474","round-13","3","checks","water","44.313","ok"
"872.474","round-13","4","waterStrip","water","24.375","ok"
"872.474","round-13","5","bake","","0","no exported Wasm memory"
"872.474","round-13","6","waterMesh","","0","no exported Wasm memory"
"885.918","round-13","1","waterStrip","water","10.563","ok"
"885.918","round-13","2","generator","water","52.25","ok"
"885.918","round-13","2","generator","forces","16.563","ok"
"885.918","round-13","3","checks","water","44.313","ok"
"885.918","round-13","4","waterStrip","water","24.375","ok"
"885.918","round-13","5","bake","","0","no exported Wasm memory"
"885.918","round-13","6","waterMesh","","0","no exported Wasm memory"
"915.928","round-13","1","waterStrip","water","10.563","ok"
"915.928","round-13","2","generator","water","52.25","ok"
"915.928","round-13","2","generator","forces","16.563","ok"
"915.928","round-13","3","checks","water","44.313","ok"
"915.928","round-13","4","waterStrip","water","24.375","ok"
"915.928","round-13","5","bake","","0","no exported Wasm memory"
"915.928","round-13","6","waterMesh","","0","no exported Wasm memory"
"946.012","round-14","1","waterStrip","water","10.563","ok"
"946.012","round-14","2","generator","water","52.25","ok"
"946.012","round-14","2","generator","forces","16.563","ok"
"946.012","round-14","3","checks","water","44.313","ok"
"946.012","round-14","4","waterStrip","water","24.375","ok"
"946.012","round-14","5","bake","","0","no exported Wasm memory"
"946.012","round-14","6","waterMesh","","0","no exported Wasm memory"
"949.414","round-14","1","waterStrip","water","10.563","ok"
"949.414","round-14","2","generator","water","52.25","ok"
"949.414","round-14","2","generator","forces","16.563","ok"
"949.414","round-14","3","checks","water","44.313","ok"
"949.414","round-14","4","waterStrip","water","24.375","ok"
"949.414","round-14","5","bake","","0","no exported Wasm memory"
"949.414","round-14","6","waterMesh","","0","no exported Wasm memory"
"975.941","round-14","1","waterStrip","water","10.563","ok"
"975.941","round-14","2","generator","water","52.25","ok"
"975.941","round-14","2","generator","forces","16.563","ok"
"975.941","round-14","3","checks","water","44.313","ok"
"975.941","round-14","4","waterStrip","water","24.375","ok"
"975.941","round-14","5","bake","","0","no exported Wasm memory"
"975.941","round-14","6","waterMesh","","0","no exported Wasm memory"
"1005.951","round-14","1","waterStrip","water","10.563","ok"
"1005.951","round-14","2","generator","water","52.25","ok"
"1005.951","round-14","2","generator","forces","16.563","ok"
"1005.951","round-14","3","checks","water","44.313","ok"
"1005.951","round-14","4","waterStrip","water","24.375","ok"
"1005.951","round-14","5","bake","","0","no exported Wasm memory"
"1005.951","round-14","6","waterMesh","","0","no exported Wasm memory"
"1030.322","round-15","1","waterStrip","water","15.125","ok"
"1030.322","round-15","2","generator","water","52.25","ok"
"1030.322","round-15","2","generator","forces","16.563","ok"
"1030.322","round-15","3","checks","water","44.313","ok"
"1030.322","round-15","4","waterStrip","water","24.375","ok"
"1030.322","round-15","5","bake","","0","no exported Wasm memory"
"1030.322","round-15","6","waterMesh","","0","no exported Wasm memory"
"1030.322","round-15","17","generator","","","terminated during sample"
"1035.965","round-15","1","waterStrip","water","16.438","ok"
"1035.965","round-15","2","generator","water","52.25","ok"
"1035.965","round-15","2","generator","forces","16.563","ok"
"1035.965","round-15","3","checks","water","44.313","ok"
"1035.965","round-15","4","waterStrip","water","24.375","ok"
"1035.965","round-15","5","bake","","0","no exported Wasm memory"
"1035.965","round-15","6","waterMesh","","0","no exported Wasm memory"
"1065.975","round-15","1","waterStrip","water","16.438","ok"
"1065.975","round-15","2","generator","water","52.25","ok"
"1065.975","round-15","2","generator","forces","16.563","ok"
"1065.975","round-15","3","checks","water","44.313","ok"
"1065.975","round-15","4","waterStrip","water","24.375","ok"
"1065.975","round-15","5","bake","","0","no exported Wasm memory"
"1065.975","round-15","6","waterMesh","","0","no exported Wasm memory"
"1086.767","round-16","1","waterStrip","water","16.438","ok"
"1086.767","round-16","2","generator","water","52.25","ok"
"1086.767","round-16","2","generator","forces","16.563","ok"
"1086.767","round-16","3","checks","water","44.313","ok"
"1086.767","round-16","4","waterStrip","water","24.375","ok"
"1086.767","round-16","5","bake","","0","no exported Wasm memory"
"1086.767","round-16","6","waterMesh","","0","no exported Wasm memory"
"1095.99","round-16","1","waterStrip","water","16.438","ok"
"1095.99","round-16","2","generator","water","52.25","ok"
"1095.99","round-16","2","generator","forces","16.563","ok"
"1095.99","round-16","3","checks","water","44.313","ok"
"1095.99","round-16","4","waterStrip","water","24.375","ok"
"1095.99","round-16","5","bake","","0","no exported Wasm memory"
"1095.99","round-16","6","waterMesh","","0","no exported Wasm memory"
"1125.998","round-16","1","waterStrip","water","16.438","ok"
"1125.998","round-16","2","generator","water","52.25","ok"
"1125.998","round-16","2","generator","forces","16.563","ok"
"1125.998","round-16","3","checks","water","44.313","ok"
"1125.998","round-16","4","waterStrip","water","24.375","ok"
"1125.998","round-16","5","bake","","0","no exported Wasm memory"
"1125.998","round-16","6","waterMesh","","0","no exported Wasm memory"
"1157.067","round-17","1","waterStrip","water","16.438","ok"
"1157.067","round-17","2","generator","water","52.25","ok"
"1157.067","round-17","2","generator","forces","16.563","ok"
"1157.067","round-17","3","checks","water","44.313","ok"
"1157.067","round-17","4","waterStrip","water","24.375","ok"
"1157.067","round-17","5","bake","","0","no exported Wasm memory"
"1157.067","round-17","6","waterMesh","","0","no exported Wasm memory"
"1160.045","round-17","1","waterStrip","water","16.438","ok"
"1160.045","round-17","2","generator","water","52.25","ok"
"1160.045","round-17","2","generator","forces","16.563","ok"
"1160.045","round-17","3","checks","water","44.313","ok"
"1160.045","round-17","4","waterStrip","water","24.375","ok"
"1160.045","round-17","5","bake","","0","no exported Wasm memory"
"1160.045","round-17","6","waterMesh","","0","no exported Wasm memory"
"1160.045","round-17","18","generator","","","terminated during sample"
"1186.004","round-17","1","waterStrip","water","16.438","ok"
"1186.004","round-17","2","generator","water","52.25","ok"
"1186.004","round-17","2","generator","forces","16.563","ok"
"1186.004","round-17","3","checks","water","44.313","ok"
"1186.004","round-17","4","waterStrip","water","24.375","ok"
"1186.004","round-17","5","bake","","0","no exported Wasm memory"
"1186.004","round-17","6","waterMesh","","0","no exported Wasm memory"
"1216.014","round-17","1","waterStrip","water","16.438","ok"
"1216.014","round-17","2","generator","water","52.25","ok"
"1216.014","round-17","2","generator","forces","16.563","ok"
"1216.014","round-17","3","checks","water","44.313","ok"
"1216.014","round-17","4","waterStrip","water","24.375","ok"
"1216.014","round-17","5","bake","","0","no exported Wasm memory"
"1216.014","round-17","6","waterMesh","","0","no exported Wasm memory"
"1246.019","round-18","1","waterStrip","water","16.438","ok"
"1246.019","round-18","2","generator","water","52.25","ok"
"1246.019","round-18","2","generator","forces","16.563","ok"
"1246.019","round-18","3","checks","water","44.313","ok"
"1246.019","round-18","4","waterStrip","water","24.375","ok"
"1246.019","round-18","5","bake","","0","no exported Wasm memory"
"1246.019","round-18","6","waterMesh","","0","no exported Wasm memory"
"1276.034","round-18","1","waterStrip","water","16.438","ok"
"1276.034","round-18","2","generator","water","52.25","ok"
"1276.034","round-18","2","generator","forces","16.563","ok"
"1276.034","round-18","3","checks","water","44.313","ok"
"1276.034","round-18","4","waterStrip","water","24.375","ok"
"1276.034","round-18","5","bake","","0","no exported Wasm memory"
"1276.034","round-18","6","waterMesh","","0","no exported Wasm memory"
"1306.041","round-18","1","waterStrip","water","16.438","ok"
"1306.041","round-18","2","generator","water","52.25","ok"
"1306.041","round-18","2","generator","forces","16.563","ok"
"1306.041","round-18","3","checks","water","44.313","ok"
"1306.041","round-18","4","waterStrip","water","24.375","ok"
"1306.041","round-18","5","bake","","0","no exported Wasm memory"
"1306.041","round-18","6","waterMesh","","0","no exported Wasm memory"
"1562.143","round-19","6","waterMesh","","0","no exported Wasm memory"
"1562.143","round-19","3","checks","water","44.313","ok"
"1562.143","round-19","1","waterStrip","water","16.438","ok"
"1562.143","round-19","4","waterStrip","water","24.375","ok"
"1562.143","round-19","5","bake","","0","no exported Wasm memory"
"1562.143","round-19","2","generator","water","52.25","ok"
"1562.143","round-19","2","generator","forces","16.563","ok"
"1592.159","round-19","6","waterMesh","","0","no exported Wasm memory"
"1592.159","round-19","3","checks","water","44.313","ok"
"1592.159","round-19","1","waterStrip","water","16.438","ok"
"1592.159","round-19","4","waterStrip","water","24.375","ok"
"1592.159","round-19","5","bake","","0","no exported Wasm memory"
"1592.159","round-19","2","generator","water","52.25","ok"
"1592.159","round-19","2","generator","forces","16.563","ok"
"1727.993","resume-round-20","6","waterMesh","","0","no exported Wasm memory"
"1727.993","resume-round-20","3","checks","water","44.313","ok"
"1727.993","resume-round-20","1","waterStrip","water","16.438","ok"
"1727.993","resume-round-20","4","waterStrip","water","24.375","ok"
"1727.993","resume-round-20","5","bake","","0","no exported Wasm memory"
"1727.993","resume-round-20","2","generator","water","52.25","ok"
"1727.993","resume-round-20","2","generator","forces","16.563","ok"
"1746.193","round-20","6","waterMesh","","0","no exported Wasm memory"
"1746.193","round-20","3","checks","water","44.313","ok"
"1746.193","round-20","1","waterStrip","water","16.438","ok"
"1746.193","round-20","4","waterStrip","water","24.375","ok"
"1746.193","round-20","5","bake","","0","no exported Wasm memory"
"1746.193","round-20","2","generator","water","52.25","ok"
"1746.193","round-20","2","generator","forces","16.563","ok"
"1753.684","round-21","6","waterMesh","","0","no exported Wasm memory"
"1753.684","round-21","3","checks","water","44.313","ok"
"1753.684","round-21","1","waterStrip","water","16.438","ok"
"1753.684","round-21","4","waterStrip","water","24.375","ok"
"1753.684","round-21","5","bake","","0","no exported Wasm memory"
"1753.684","round-21","2","generator","water","52.25","ok"
"1753.684","round-21","2","generator","forces","16.563","ok"
"1757.988","round-22","6","waterMesh","","0","no exported Wasm memory"
"1757.988","round-22","3","checks","water","44.313","ok"
"1757.988","round-22","1","waterStrip","water","16.438","ok"
"1757.988","round-22","4","waterStrip","water","24.375","ok"
"1757.988","round-22","5","bake","","0","no exported Wasm memory"
"1757.988","round-22","2","generator","water","52.25","ok"
"1757.988","round-22","2","generator","forces","16.563","ok"
"1778.777","round-22","6","waterMesh","","0","no exported Wasm memory"
"1778.777","round-22","3","checks","water","44.313","ok"
"1778.777","round-22","1","waterStrip","water","16.438","ok"
"1778.777","round-22","4","waterStrip","water","24.375","ok"
"1778.777","round-22","5","bake","","0","no exported Wasm memory"
"1778.777","round-22","2","generator","water","52.25","ok"
"1778.777","round-22","2","generator","forces","16.563","ok"
"1783.274","round-23","6","waterMesh","","0","no exported Wasm memory"
"1783.274","round-23","3","checks","water","44.313","ok"
"1783.274","round-23","1","waterStrip","water","16.438","ok"
"1783.274","round-23","4","waterStrip","water","24.375","ok"
"1783.274","round-23","5","bake","","0","no exported Wasm memory"
"1783.274","round-23","2","generator","water","58.813","ok"
"1783.274","round-23","2","generator","forces","16.563","ok"
"1788.001","round-24","6","waterMesh","","0","no exported Wasm memory"
"1788.001","round-24","3","checks","water","44.313","ok"
"1788.001","round-24","1","waterStrip","water","16.438","ok"
"1788.001","round-24","4","waterStrip","water","24.375","ok"
"1788.001","round-24","5","bake","","0","no exported Wasm memory"
"1788.001","round-24","2","generator","water","58.813","ok"
"1788.001","round-24","2","generator","forces","16.563","ok"
"1788.384","round-24","6","waterMesh","","0","no exported Wasm memory"
"1788.384","round-24","3","checks","water","44.313","ok"
"1788.384","round-24","1","waterStrip","water","16.438","ok"
"1788.384","round-24","4","waterStrip","water","24.375","ok"
"1788.384","round-24","5","bake","","0","no exported Wasm memory"
"1788.384","round-24","2","generator","water","58.813","ok"
"1788.384","round-24","2","generator","forces","16.563","ok"
"1790.621","round-25","6","waterMesh","","0","no exported Wasm memory"
"1790.621","round-25","3","checks","water","44.313","ok"
"1790.621","round-25","1","waterStrip","water","16.438","ok"
"1790.621","round-25","4","waterStrip","water","24.375","ok"
"1790.621","round-25","5","bake","","0","no exported Wasm memory"
"1790.621","round-25","2","generator","water","58.813","ok"
"1790.621","round-25","2","generator","forces","16.563","ok"
"1803.072","round-26","6","waterMesh","","0","no exported Wasm memory"
"1803.072","round-26","3","checks","water","44.313","ok"
"1803.072","round-26","1","waterStrip","water","16.438","ok"
"1803.072","round-26","4","waterStrip","water","24.375","ok"
"1803.072","round-26","5","bake","","0","no exported Wasm memory"
"1803.072","round-26","2","generator","water","58.813","ok"
"1803.072","round-26","2","generator","forces","16.563","ok"
"1818.009","round-26","6","waterMesh","","0","no exported Wasm memory"
"1818.009","round-26","3","checks","water","44.313","ok"
"1818.009","round-26","1","waterStrip","water","16.438","ok"
"1818.009","round-26","4","waterStrip","water","24.375","ok"
"1818.009","round-26","5","bake","","0","no exported Wasm memory"
"1818.009","round-26","2","generator","water","58.813","ok"
"1818.009","round-26","2","generator","forces","16.563","ok"
"1848.015","round-26","6","waterMesh","","0","no exported Wasm memory"
"1848.015","round-26","3","checks","water","44.313","ok"
"1848.015","round-26","1","waterStrip","water","16.438","ok"
"1848.015","round-26","4","waterStrip","water","24.375","ok"
"1848.015","round-26","5","bake","","0","no exported Wasm memory"
"1848.015","round-26","2","generator","water","58.813","ok"
"1848.015","round-26","2","generator","forces","16.563","ok"
"1876.179","round-27","6","waterMesh","","0","no exported Wasm memory"
"1876.179","round-27","3","checks","water","44.313","ok"
"1876.179","round-27","1","waterStrip","water","16.438","ok"
"1876.179","round-27","4","waterStrip","water","24.375","ok"
"1876.179","round-27","5","bake","","0","no exported Wasm memory"
"1876.179","round-27","2","generator","water","58.813","ok"
"1876.179","round-27","2","generator","forces","16.563","ok"
"1878.021","round-27","6","waterMesh","","0","no exported Wasm memory"
"1878.021","round-27","3","checks","water","44.313","ok"
"1878.021","round-27","1","waterStrip","water","16.438","ok"
"1878.021","round-27","4","waterStrip","water","24.375","ok"
"1878.021","round-27","5","bake","","0","no exported Wasm memory"
"1878.021","round-27","2","generator","water","58.813","ok"
"1878.021","round-27","2","generator","forces","16.563","ok"
"1908.03","round-27","6","waterMesh","","0","no exported Wasm memory"
"1908.03","round-27","3","checks","water","44.313","ok"
"1908.03","round-27","1","waterStrip","water","16.438","ok"
"1908.03","round-27","4","waterStrip","water","24.375","ok"
"1908.03","round-27","5","bake","","0","no exported Wasm memory"
"1908.03","round-27","2","generator","water","58.813","ok"
"1908.03","round-27","2","generator","forces","16.563","ok"
"1938.036","round-27","6","waterMesh","","0","no exported Wasm memory"
"1938.036","round-27","3","checks","water","44.313","ok"
"1938.036","round-27","1","waterStrip","water","16.438","ok"
"1938.036","round-27","4","waterStrip","water","24.375","ok"
"1938.036","round-27","5","bake","","0","no exported Wasm memory"
"1938.036","round-27","2","generator","water","58.813","ok"
"1938.036","round-27","2","generator","forces","16.563","ok"
"1956.927","round-28","6","waterMesh","","0","no exported Wasm memory"
"1956.927","round-28","3","checks","water","44.313","ok"
"1956.927","round-28","1","waterStrip","water","16.438","ok"
"1956.927","round-28","4","waterStrip","water","24.375","ok"
"1956.927","round-28","5","bake","","0","no exported Wasm memory"
"1956.927","round-28","2","generator","water","58.813","ok"
"1956.927","round-28","2","generator","forces","16.563","ok"
"1968.044","round-28","6","waterMesh","","0","no exported Wasm memory"
"1968.044","round-28","3","checks","water","44.313","ok"
"1968.044","round-28","1","waterStrip","water","16.438","ok"
"1968.044","round-28","4","waterStrip","water","24.375","ok"
"1968.044","round-28","5","bake","","0","no exported Wasm memory"
"1968.044","round-28","27","startCheck","","","probe unavailable (optional worker)"
"1968.044","round-28","2","generator","water","58.813","ok"
"1968.044","round-28","2","generator","forces","16.563","ok"
"1998.047","round-28","6","waterMesh","","0","no exported Wasm memory"
"1998.047","round-28","3","checks","water","44.313","ok"
"1998.047","round-28","1","waterStrip","water","16.438","ok"
"1998.047","round-28","4","waterStrip","water","24.375","ok"
"1998.047","round-28","5","bake","","0","no exported Wasm memory"
"1998.047","round-28","27","startCheck","","","probe unavailable (optional worker)"
"1998.047","round-28","2","generator","water","58.813","ok"
"1998.047","round-28","2","generator","forces","16.563","ok"
"2028.062","round-29","6","waterMesh","","0","no exported Wasm memory"
"2028.062","round-29","3","checks","water","44.313","ok"
"2028.062","round-29","1","waterStrip","water","16.438","ok"
"2028.062","round-29","4","waterStrip","water","24.375","ok"
"2028.062","round-29","5","bake","","0","no exported Wasm memory"
"2028.062","round-29","2","generator","water","59.125","ok"
"2028.062","round-29","2","generator","forces","16.563","ok"
"2028.783","round-29","6","waterMesh","","0","no exported Wasm memory"
"2028.783","round-29","3","checks","water","44.313","ok"
"2028.783","round-29","1","waterStrip","water","16.438","ok"
"2028.783","round-29","4","waterStrip","water","24.375","ok"
"2028.783","round-29","5","bake","","0","no exported Wasm memory"
"2028.783","round-29","2","generator","water","59.125","ok"
"2028.783","round-29","2","generator","forces","16.563","ok"
"2058.069","round-29","6","waterMesh","","0","no exported Wasm memory"
"2058.069","round-29","3","checks","water","44.313","ok"
"2058.069","round-29","1","waterStrip","water","16.438","ok"
"2058.069","round-29","4","waterStrip","water","24.375","ok"
"2058.069","round-29","5","bake","","0","no exported Wasm memory"
"2058.069","round-29","2","generator","water","59.125","ok"
"2058.069","round-29","2","generator","forces","16.563","ok"
"2088.14","round-30","6","waterMesh","","0","no exported Wasm memory"
"2088.14","round-30","3","checks","water","44.313","ok"
"2088.14","round-30","1","waterStrip","water","16.438","ok"
"2088.14","round-30","4","waterStrip","water","24.375","ok"
"2088.14","round-30","5","bake","","0","no exported Wasm memory"
"2088.14","round-30","2","generator","water","59.125","ok"
"2088.14","round-30","2","generator","forces","16.563","ok"
"2106.844","round-30","6","waterMesh","","0","no exported Wasm memory"
"2106.844","round-30","3","checks","water","44.313","ok"
"2106.844","round-30","1","waterStrip","water","16.438","ok"
"2106.844","round-30","4","waterStrip","water","24.375","ok"
"2106.844","round-30","5","bake","","0","no exported Wasm memory"
"2106.844","round-30","2","generator","water","59.125","ok"
"2106.844","round-30","2","generator","forces","16.563","ok"
"2118.08","round-30","6","waterMesh","","0","no exported Wasm memory"
"2118.08","round-30","3","checks","water","44.313","ok"
"2118.08","round-30","1","waterStrip","water","16.438","ok"
"2118.08","round-30","4","waterStrip","water","24.375","ok"
"2118.08","round-30","5","bake","","0","no exported Wasm memory"
"2118.08","round-30","2","generator","water","59.125","ok"
"2118.08","round-30","2","generator","forces","16.563","ok"
"2148.081","round-30","6","waterMesh","","0","no exported Wasm memory"
"2148.081","round-30","3","checks","water","44.313","ok"
"2148.081","round-30","1","waterStrip","water","16.438","ok"
"2148.081","round-30","4","waterStrip","water","24.375","ok"
"2148.081","round-30","5","bake","","0","no exported Wasm memory"
"2148.081","round-30","2","generator","water","59.125","ok"
"2148.081","round-30","2","generator","forces","16.563","ok"
"2172.268","round-31","6","waterMesh","","0","no exported Wasm memory"
"2172.268","round-31","3","checks","water","44.313","ok"
"2172.268","round-31","1","waterStrip","water","16.438","ok"
"2172.268","round-31","4","waterStrip","water","24.375","ok"
"2172.268","round-31","5","bake","","0","no exported Wasm memory"
"2172.268","round-31","2","generator","water","59.125","ok"
"2172.268","round-31","2","generator","forces","16.563","ok"
"2178.086","round-31","6","waterMesh","","0","no exported Wasm memory"
"2178.086","round-31","3","checks","water","44.313","ok"
"2178.086","round-31","1","waterStrip","water","16.438","ok"
"2178.086","round-31","4","waterStrip","water","24.375","ok"
"2178.086","round-31","5","bake","","0","no exported Wasm memory"
"2178.086","round-31","2","generator","water","59.125","ok"
"2178.086","round-31","2","generator","forces","16.563","ok"
"2208.086","round-31","6","waterMesh","","0","no exported Wasm memory"
"2208.086","round-31","3","checks","water","44.313","ok"
"2208.086","round-31","1","waterStrip","water","16.438","ok"
"2208.086","round-31","4","waterStrip","water","24.375","ok"
"2208.086","round-31","5","bake","","0","no exported Wasm memory"
"2208.086","round-31","2","generator","water","59.125","ok"
"2208.086","round-31","2","generator","forces","16.563","ok"
"2235.231","round-32","6","waterMesh","","0","no exported Wasm memory"
"2235.231","round-32","3","checks","water","44.313","ok"
"2235.231","round-32","1","waterStrip","water","16.438","ok"
"2235.231","round-32","4","waterStrip","water","24.375","ok"
"2235.231","round-32","5","bake","","0","no exported Wasm memory"
"2235.231","round-32","2","generator","water","59.125","ok"
"2235.231","round-32","2","generator","forces","16.563","ok"
"2238.098","round-32","6","waterMesh","","0","no exported Wasm memory"
"2238.098","round-32","3","checks","water","44.313","ok"
"2238.098","round-32","1","waterStrip","water","16.438","ok"
"2238.098","round-32","4","waterStrip","water","24.375","ok"
"2238.098","round-32","5","bake","","0","no exported Wasm memory"
"2238.098","round-32","2","generator","water","59.125","ok"
"2238.098","round-32","2","generator","forces","16.563","ok"
"2268.099","round-32","6","waterMesh","","0","no exported Wasm memory"
"2268.099","round-32","3","checks","water","44.313","ok"
"2268.099","round-32","1","waterStrip","water","16.438","ok"
"2268.099","round-32","4","waterStrip","water","24.375","ok"
"2268.099","round-32","5","bake","","0","no exported Wasm memory"
"2268.099","round-32","2","generator","water","59.125","ok"
"2268.099","round-32","2","generator","forces","16.563","ok"
"2298.101","round-32","6","waterMesh","","0","no exported Wasm memory"
"2298.101","round-32","3","checks","water","44.313","ok"
"2298.101","round-32","1","waterStrip","water","16.438","ok"
"2298.101","round-32","4","waterStrip","water","24.375","ok"
"2298.101","round-32","5","bake","","0","no exported Wasm memory"
"2298.101","round-32","2","generator","water","59.125","ok"
"2298.101","round-32","2","generator","forces","16.563","ok"
"2315.488","round-33","6","waterMesh","","0","no exported Wasm memory"
"2315.488","round-33","3","checks","water","44.313","ok"
"2315.488","round-33","1","waterStrip","water","16.438","ok"
"2315.488","round-33","4","waterStrip","water","24.375","ok"
"2315.488","round-33","5","bake","","0","no exported Wasm memory"
"2315.488","round-33","2","generator","water","59.125","ok"
"2315.488","round-33","2","generator","forces","16.563","ok"
"2328.111","round-33","28","startCheck","","","probe unavailable (optional worker)"
"2328.111","round-33","6","waterMesh","","0","no exported Wasm memory"
"2328.111","round-33","3","checks","water","44.313","ok"
"2328.111","round-33","1","waterStrip","water","16.438","ok"
"2328.111","round-33","4","waterStrip","water","24.375","ok"
"2328.111","round-33","5","bake","","0","no exported Wasm memory"
"2328.111","round-33","2","generator","water","59.125","ok"
"2328.111","round-33","2","generator","forces","16.563","ok"
"2358.113","round-33","28","startCheck","","","probe unavailable (optional worker)"
"2358.113","round-33","6","waterMesh","","0","no exported Wasm memory"
"2358.113","round-33","3","checks","water","44.313","ok"
"2358.113","round-33","1","waterStrip","water","16.438","ok"
"2358.113","round-33","4","waterStrip","water","24.375","ok"
"2358.113","round-33","5","bake","","0","no exported Wasm memory"
"2358.113","round-33","2","generator","water","59.125","ok"
"2358.113","round-33","2","generator","forces","16.563","ok"
"2386.61","round-34","6","waterMesh","","0","no exported Wasm memory"
"2386.61","round-34","3","checks","water","44.313","ok"
"2386.61","round-34","1","waterStrip","water","16.438","ok"
"2386.61","round-34","4","waterStrip","water","24.375","ok"
"2386.61","round-34","5","bake","","0","no exported Wasm memory"
"2386.61","round-34","2","generator","water","59.125","ok"
"2386.61","round-34","2","generator","forces","16.563","ok"
"2388.121","round-34","6","waterMesh","","0","no exported Wasm memory"
"2388.121","round-34","3","checks","water","44.313","ok"
"2388.121","round-34","1","waterStrip","water","16.438","ok"
"2388.121","round-34","4","waterStrip","water","24.375","ok"
"2388.121","round-34","5","bake","","0","no exported Wasm memory"
"2388.121","round-34","2","generator","water","59.125","ok"
"2388.121","round-34","2","generator","forces","16.563","ok"
"2418.133","round-34","6","waterMesh","","0","no exported Wasm memory"
"2418.133","round-34","3","checks","water","44.313","ok"
"2418.133","round-34","1","waterStrip","water","16.438","ok"
"2418.133","round-34","4","waterStrip","water","24.375","ok"
"2418.133","round-34","5","bake","","0","no exported Wasm memory"
"2418.133","round-34","2","generator","water","59.125","ok"
"2418.133","round-34","2","generator","forces","16.563","ok"
"2448.143","round-35","6","waterMesh","","0","no exported Wasm memory"
"2448.143","round-35","3","checks","water","44.313","ok"
"2448.143","round-35","1","waterStrip","water","16.438","ok"
"2448.143","round-35","4","waterStrip","water","24.375","ok"
"2448.143","round-35","5","bake","","0","no exported Wasm memory"
"2448.143","round-35","2","generator","water","59.125","ok"
"2448.143","round-35","2","generator","forces","16.563","ok"
"2453.353","round-35","6","waterMesh","","0","no exported Wasm memory"
"2453.353","round-35","3","checks","water","44.313","ok"
"2453.353","round-35","1","waterStrip","water","16.438","ok"
"2453.353","round-35","4","waterStrip","water","24.375","ok"
"2453.353","round-35","5","bake","","0","no exported Wasm memory"
"2453.353","round-35","2","generator","water","59.125","ok"
"2453.353","round-35","2","generator","forces","16.563","ok"
"2478.146","round-35","6","waterMesh","","0","no exported Wasm memory"
"2478.146","round-35","3","checks","water","44.313","ok"
"2478.146","round-35","1","waterStrip","water","16.438","ok"
"2478.146","round-35","4","waterStrip","water","24.375","ok"
"2478.146","round-35","5","bake","","0","no exported Wasm memory"
"2478.146","round-35","2","generator","water","59.125","ok"
"2478.146","round-35","2","generator","forces","16.563","ok"
"2508.16","round-35","6","waterMesh","","0","no exported Wasm memory"
"2508.16","round-35","3","checks","water","44.313","ok"
"2508.16","round-35","1","waterStrip","water","16.438","ok"
"2508.16","round-35","4","waterStrip","water","24.375","ok"
"2508.16","round-35","5","bake","","0","no exported Wasm memory"
"2508.16","round-35","2","generator","water","59.125","ok"
"2508.16","round-35","2","generator","forces","16.563","ok"
"2529.776","round-36","6","waterMesh","","0","no exported Wasm memory"
"2529.776","round-36","3","checks","water","44.313","ok"
"2529.776","round-36","1","waterStrip","water","16.438","ok"
"2529.776","round-36","4","waterStrip","water","24.375","ok"
"2529.776","round-36","5","bake","","0","no exported Wasm memory"
"2529.776","round-36","2","generator","water","59.125","ok"
"2529.776","round-36","2","generator","forces","16.563","ok"
"2538.167","round-36","6","waterMesh","","0","no exported Wasm memory"
"2538.167","round-36","3","checks","water","44.313","ok"
"2538.167","round-36","1","waterStrip","water","16.438","ok"
"2538.167","round-36","4","waterStrip","water","24.375","ok"
"2538.167","round-36","5","bake","","0","no exported Wasm memory"
"2538.167","round-36","2","generator","water","59.125","ok"
"2538.167","round-36","2","generator","forces","16.563","ok"
"2568.18","round-36","6","waterMesh","","0","no exported Wasm memory"
"2568.18","round-36","3","checks","water","44.313","ok"
"2568.18","round-36","1","waterStrip","water","16.438","ok"
"2568.18","round-36","4","waterStrip","water","24.375","ok"
"2568.18","round-36","5","bake","","0","no exported Wasm memory"
"2568.18","round-36","2","generator","water","59.125","ok"
"2568.18","round-36","2","generator","forces","16.563","ok"
"2598.193","round-37","6","waterMesh","","0","no exported Wasm memory"
"2598.193","round-37","3","checks","water","44.313","ok"
"2598.193","round-37","1","waterStrip","water","16.438","ok"
"2598.193","round-37","4","waterStrip","water","24.375","ok"
"2598.193","round-37","5","bake","","0","no exported Wasm memory"
"2598.193","round-37","2","generator","water","59.125","ok"
"2598.193","round-37","2","generator","forces","16.563","ok"
"2602.983","round-37","6","waterMesh","","0","no exported Wasm memory"
"2602.983","round-37","3","checks","water","44.313","ok"
"2602.983","round-37","1","waterStrip","water","16.438","ok"
"2602.983","round-37","4","waterStrip","water","24.375","ok"
"2602.983","round-37","5","bake","","0","no exported Wasm memory"
"2602.983","round-37","2","generator","water","59.125","ok"
"2602.983","round-37","2","generator","forces","16.563","ok"
"2628.203","round-37","6","waterMesh","","0","no exported Wasm memory"
"2628.203","round-37","3","checks","water","44.313","ok"
"2628.203","round-37","1","waterStrip","water","16.438","ok"
"2628.203","round-37","4","waterStrip","water","24.375","ok"
"2628.203","round-37","5","bake","","0","no exported Wasm memory"
"2628.203","round-37","2","generator","water","59.125","ok"
"2628.203","round-37","2","generator","forces","16.563","ok"
"2658.211","round-37","29","startCheck","","","probe unavailable (optional worker)"
"2658.211","round-37","6","waterMesh","","0","no exported Wasm memory"
"2658.211","round-37","3","checks","water","44.313","ok"
"2658.211","round-37","1","waterStrip","water","16.438","ok"
"2658.211","round-37","4","waterStrip","water","24.375","ok"
"2658.211","round-37","5","bake","","0","no exported Wasm memory"
"2658.211","round-37","2","generator","water","59.125","ok"
"2658.211","round-37","2","generator","forces","16.563","ok"
"2668.712","round-38","29","startCheck","","","probe unavailable (optional worker)"
"2668.712","round-38","6","waterMesh","","0","no exported Wasm memory"
"2668.712","round-38","3","checks","water","44.313","ok"
"2668.712","round-38","1","waterStrip","water","16.438","ok"
"2668.712","round-38","4","waterStrip","water","24.375","ok"
"2668.712","round-38","5","bake","","0","no exported Wasm memory"
"2668.712","round-38","2","generator","water","59.125","ok"
"2668.712","round-38","2","generator","forces","16.563","ok"
"2688.221","round-38","29","startCheck","","","probe unavailable (optional worker)"
"2688.221","round-38","6","waterMesh","","0","no exported Wasm memory"
"2688.221","round-38","3","checks","water","44.313","ok"
"2688.221","round-38","1","waterStrip","water","16.438","ok"
"2688.221","round-38","4","waterStrip","water","24.375","ok"
"2688.221","round-38","5","bake","","0","no exported Wasm memory"
"2688.221","round-38","2","generator","water","59.125","ok"
"2688.221","round-38","2","generator","forces","16.563","ok"
"2718.223","round-38","29","startCheck","","","probe unavailable (optional worker)"
"2718.223","round-38","6","waterMesh","","0","no exported Wasm memory"
"2718.223","round-38","3","checks","water","44.313","ok"
"2718.223","round-38","1","waterStrip","water","16.438","ok"
"2718.223","round-38","4","waterStrip","water","24.375","ok"
"2718.223","round-38","5","bake","","0","no exported Wasm memory"
"2718.223","round-38","2","generator","water","59.125","ok"
"2718.223","round-38","2","generator","forces","16.563","ok"
"2738.895","round-39","29","startCheck","","","probe unavailable (optional worker)"
"2738.895","round-39","6","waterMesh","","0","no exported Wasm memory"
"2738.895","round-39","3","checks","water","44.313","ok"
"2738.895","round-39","1","waterStrip","water","16.438","ok"
"2738.895","round-39","4","waterStrip","water","24.375","ok"
"2738.895","round-39","5","bake","","0","no exported Wasm memory"
"2738.895","round-39","2","generator","water","59.125","ok"
"2738.895","round-39","2","generator","forces","16.563","ok"
"2748.231","round-39","6","waterMesh","","0","no exported Wasm memory"
"2748.231","round-39","3","checks","water","44.313","ok"
"2748.231","round-39","1","waterStrip","water","16.438","ok"
"2748.231","round-39","4","waterStrip","water","24.375","ok"
"2748.231","round-39","5","bake","","0","no exported Wasm memory"
"2748.231","round-39","2","generator","water","59.125","ok"
"2748.231","round-39","2","generator","forces","16.563","ok"
"2778.242","round-39","6","waterMesh","","0","no exported Wasm memory"
"2778.242","round-39","3","checks","water","44.313","ok"
"2778.242","round-39","1","waterStrip","water","16.438","ok"
"2778.242","round-39","4","waterStrip","water","24.375","ok"
"2778.242","round-39","5","bake","","0","no exported Wasm memory"
"2778.242","round-39","2","generator","water","59.125","ok"
"2778.242","round-39","2","generator","forces","16.563","ok"
"2808.251","round-40","6","waterMesh","","0","no exported Wasm memory"
"2808.251","round-40","3","checks","water","44.313","ok"
"2808.251","round-40","1","waterStrip","water","16.438","ok"
"2808.251","round-40","4","waterStrip","water","24.375","ok"
"2808.251","round-40","5","bake","","0","no exported Wasm memory"
"2808.251","round-40","2","generator","water","59.125","ok"
"2808.251","round-40","2","generator","forces","16.563","ok"
"2814.369","round-40","6","waterMesh","","0","no exported Wasm memory"
"2814.369","round-40","3","checks","water","44.313","ok"
"2814.369","round-40","1","waterStrip","water","16.438","ok"
"2814.369","round-40","4","waterStrip","water","24.375","ok"
"2814.369","round-40","5","bake","","0","no exported Wasm memory"
"2814.369","round-40","2","generator","water","59.125","ok"
"2814.369","round-40","2","generator","forces","16.563","ok"
"2838.261","round-40","6","waterMesh","","0","no exported Wasm memory"
"2838.261","round-40","3","checks","water","44.313","ok"
"2838.261","round-40","1","waterStrip","water","16.438","ok"
"2838.261","round-40","4","waterStrip","water","24.375","ok"
"2838.261","round-40","5","bake","","0","no exported Wasm memory"
"2838.261","round-40","2","generator","water","59.125","ok"
"2838.261","round-40","2","generator","forces","16.563","ok"
"2868.274","round-40","6","waterMesh","","0","no exported Wasm memory"
"2868.274","round-40","3","checks","water","44.313","ok"
"2868.274","round-40","1","waterStrip","water","16.438","ok"
"2868.274","round-40","4","waterStrip","water","24.375","ok"
"2868.274","round-40","5","bake","","0","no exported Wasm memory"
"2868.274","round-40","2","generator","water","59.125","ok"
"2868.274","round-40","2","generator","forces","16.563","ok"
"2883.367","round-41","6","waterMesh","","0","no exported Wasm memory"
"2883.367","round-41","3","checks","water","44.313","ok"
"2883.367","round-41","1","waterStrip","water","16.438","ok"
"2883.367","round-41","4","waterStrip","water","24.375","ok"
"2883.367","round-41","5","bake","","0","no exported Wasm memory"
"2883.367","round-41","2","generator","water","59.125","ok"
"2883.367","round-41","2","generator","forces","16.563","ok"
"2900.669","round-41","6","waterMesh","","0","no exported Wasm memory"
"2900.669","round-41","3","checks","water","44.313","ok"
"2900.669","round-41","1","waterStrip","water","16.438","ok"
"2900.669","round-41","4","waterStrip","water","24.375","ok"
"2900.669","round-41","5","bake","","0","no exported Wasm memory"
"2900.669","round-41","2","generator","water","59.125","ok"
"2900.669","round-41","2","generator","forces","16.563","ok"
"2928.3","round-41","6","waterMesh","","0","no exported Wasm memory"
"2928.3","round-41","3","checks","water","44.313","ok"
"2928.3","round-41","1","waterStrip","water","16.438","ok"
"2928.3","round-41","4","waterStrip","water","24.375","ok"
"2928.3","round-41","5","bake","","0","no exported Wasm memory"
"2928.3","round-41","2","generator","water","59.125","ok"
"2928.3","round-41","2","generator","forces","16.563","ok"
"2956.096","round-42","6","waterMesh","","0","no exported Wasm memory"
"2956.096","round-42","3","checks","water","44.313","ok"
"2956.096","round-42","1","waterStrip","water","16.438","ok"
"2956.096","round-42","4","waterStrip","water","24.375","ok"
"2956.096","round-42","5","bake","","0","no exported Wasm memory"
"2956.096","round-42","2","generator","water","59.125","ok"
"2956.096","round-42","2","generator","forces","16.563","ok"
"2958.306","round-42","6","waterMesh","","0","no exported Wasm memory"
"2958.306","round-42","3","checks","water","44.313","ok"
"2958.306","round-42","1","waterStrip","water","16.438","ok"
"2958.306","round-42","4","waterStrip","water","24.375","ok"
"2958.306","round-42","5","bake","","0","no exported Wasm memory"
"2958.306","round-42","2","generator","water","59.125","ok"
"2958.306","round-42","2","generator","forces","16.563","ok"
"2988.32","round-42","6","waterMesh","","0","no exported Wasm memory"
"2988.32","round-42","3","checks","water","44.313","ok"
"2988.32","round-42","1","waterStrip","water","16.438","ok"
"2988.32","round-42","4","waterStrip","water","24.375","ok"
"2988.32","round-42","5","bake","","0","no exported Wasm memory"
"2988.32","round-42","2","generator","water","59.125","ok"
"2988.32","round-42","2","generator","forces","16.563","ok"
"3018.321","round-42","6","waterMesh","","0","no exported Wasm memory"
"3018.321","round-42","3","checks","water","44.313","ok"
"3018.321","round-42","1","waterStrip","water","16.438","ok"
"3018.321","round-42","4","waterStrip","water","24.375","ok"
"3018.321","round-42","5","bake","","0","no exported Wasm memory"
"3018.321","round-42","2","generator","water","59.125","ok"
"3018.321","round-42","2","generator","forces","16.563","ok"
"3036.917","round-43","6","waterMesh","","0","no exported Wasm memory"
"3036.917","round-43","3","checks","water","44.313","ok"
"3036.917","round-43","1","waterStrip","water","16.438","ok"
"3036.917","round-43","4","waterStrip","water","24.375","ok"
"3036.917","round-43","5","bake","","0","no exported Wasm memory"
"3036.917","round-43","30","startCheck","","","probe unavailable (optional worker)"
"3036.917","round-43","2","generator","water","59.125","ok"
"3036.917","round-43","2","generator","forces","16.563","ok"
"3048.322","round-43","6","waterMesh","","0","no exported Wasm memory"
"3048.322","round-43","3","checks","water","44.313","ok"
"3048.322","round-43","1","waterStrip","water","16.438","ok"
"3048.322","round-43","4","waterStrip","water","24.375","ok"
"3048.322","round-43","5","bake","","0","no exported Wasm memory"
"3048.322","round-43","30","startCheck","","","probe unavailable (optional worker)"
"3048.322","round-43","2","generator","water","59.125","ok"
"3048.322","round-43","2","generator","forces","16.563","ok"
"3078.328","round-43","6","waterMesh","","0","no exported Wasm memory"
"3078.328","round-43","3","checks","water","44.313","ok"
"3078.328","round-43","1","waterStrip","water","16.438","ok"
"3078.328","round-43","4","waterStrip","water","24.375","ok"
"3078.328","round-43","5","bake","","0","no exported Wasm memory"
"3078.328","round-43","30","startCheck","","","probe unavailable (optional worker)"
"3078.328","round-43","2","generator","water","59.125","ok"
"3078.328","round-43","2","generator","forces","16.563","ok"
"3100.295","round-44","6","waterMesh","","0","no exported Wasm memory"
"3100.295","round-44","3","checks","water","44.313","ok"
"3100.295","round-44","1","waterStrip","water","16.438","ok"
"3100.295","round-44","4","waterStrip","water","24.375","ok"
"3100.295","round-44","5","bake","","0","no exported Wasm memory"
"3100.295","round-44","30","startCheck","","","probe unavailable (optional worker)"
"3100.295","round-44","2","generator","water","59.125","ok"
"3100.295","round-44","2","generator","forces","16.563","ok"
"3108.33","round-44","6","waterMesh","","0","no exported Wasm memory"
"3108.33","round-44","3","checks","water","44.313","ok"
"3108.33","round-44","1","waterStrip","water","16.438","ok"
"3108.33","round-44","4","waterStrip","water","24.375","ok"
"3108.33","round-44","5","bake","","0","no exported Wasm memory"
"3108.33","round-44","30","startCheck","","","probe unavailable (optional worker)"
"3108.33","round-44","2","generator","water","59.125","ok"
"3108.33","round-44","2","generator","forces","16.563","ok"
"3138.335","round-44","6","waterMesh","","0","no exported Wasm memory"
"3138.335","round-44","3","checks","water","53.75","ok"
"3138.335","round-44","1","waterStrip","water","16.438","ok"
"3138.335","round-44","4","waterStrip","water","24.375","ok"
"3138.335","round-44","5","bake","","0","no exported Wasm memory"
"3138.335","round-44","2","generator","water","59.125","ok"
"3138.335","round-44","2","generator","forces","16.563","ok"
"3168.338","round-45","6","waterMesh","","0","no exported Wasm memory"
"3168.338","round-45","3","checks","water","53.75","ok"
"3168.338","round-45","1","waterStrip","water","16.438","ok"
"3168.338","round-45","4","waterStrip","water","24.375","ok"
"3168.338","round-45","5","bake","","0","no exported Wasm memory"
"3168.338","round-45","2","generator","water","59.125","ok"
"3168.338","round-45","2","generator","forces","16.563","ok"
"3170.935","round-45","6","waterMesh","","0","no exported Wasm memory"
"3170.935","round-45","3","checks","water","53.75","ok"
"3170.935","round-45","1","waterStrip","water","16.438","ok"
"3170.935","round-45","4","waterStrip","water","24.375","ok"
"3170.935","round-45","5","bake","","0","no exported Wasm memory"
"3170.935","round-45","2","generator","water","59.125","ok"
"3170.935","round-45","2","generator","forces","16.563","ok"
"3198.341","round-45","6","waterMesh","","0","no exported Wasm memory"
"3198.341","round-45","3","checks","water","53.75","ok"
"3198.341","round-45","1","waterStrip","water","16.438","ok"
"3198.341","round-45","4","waterStrip","water","24.375","ok"
"3198.341","round-45","5","bake","","0","no exported Wasm memory"
"3198.341","round-45","2","generator","water","59.125","ok"
"3198.341","round-45","2","generator","forces","16.563","ok"
"3228.351","round-45","6","waterMesh","","0","no exported Wasm memory"
"3228.351","round-45","3","checks","water","53.75","ok"
"3228.351","round-45","1","waterStrip","water","16.438","ok"
"3228.351","round-45","4","waterStrip","water","24.375","ok"
"3228.351","round-45","5","bake","","0","no exported Wasm memory"
"3228.351","round-45","2","generator","water","59.125","ok"
"3228.351","round-45","2","generator","forces","16.563","ok"
"3246.939","round-46","6","waterMesh","","0","no exported Wasm memory"
"3246.939","round-46","3","checks","water","53.75","ok"
"3246.939","round-46","1","waterStrip","water","16.438","ok"
"3246.939","round-46","4","waterStrip","water","24.375","ok"
"3246.939","round-46","5","bake","","0","no exported Wasm memory"
"3246.939","round-46","2","generator","water","59.125","ok"
"3246.939","round-46","2","generator","forces","16.563","ok"
"3258.354","round-46","6","waterMesh","","0","no exported Wasm memory"
"3258.354","round-46","3","checks","water","53.75","ok"
"3258.354","round-46","1","waterStrip","water","16.438","ok"
"3258.354","round-46","4","waterStrip","water","24.375","ok"
"3258.354","round-46","5","bake","","0","no exported Wasm memory"
"3258.354","round-46","2","generator","water","59.125","ok"
"3258.354","round-46","2","generator","forces","16.563","ok"
"3288.36","round-46","6","waterMesh","","0","no exported Wasm memory"
"3288.36","round-46","3","checks","water","53.75","ok"
"3288.36","round-46","1","waterStrip","water","16.438","ok"
"3288.36","round-46","4","waterStrip","water","24.375","ok"
"3288.36","round-46","5","bake","","0","no exported Wasm memory"
"3288.36","round-46","2","generator","water","59.125","ok"
"3288.36","round-46","2","generator","forces","16.563","ok"
"3315.148","round-47","6","waterMesh","","0","no exported Wasm memory"
"3315.148","round-47","3","checks","water","53.75","ok"
"3315.148","round-47","1","waterStrip","water","16.438","ok"
"3315.148","round-47","4","waterStrip","water","24.375","ok"
"3315.148","round-47","5","bake","","0","no exported Wasm memory"
"3315.148","round-47","2","generator","water","59.125","ok"
"3315.148","round-47","2","generator","forces","16.563","ok"
"3318.365","round-47","6","waterMesh","","0","no exported Wasm memory"
"3318.365","round-47","3","checks","water","53.75","ok"
"3318.365","round-47","1","waterStrip","water","16.438","ok"
"3318.365","round-47","4","waterStrip","water","24.375","ok"
"3318.365","round-47","5","bake","","0","no exported Wasm memory"
"3318.365","round-47","2","generator","water","59.125","ok"
"3318.365","round-47","2","generator","forces","16.563","ok"
"3348.372","round-47","6","waterMesh","","0","no exported Wasm memory"
"3348.372","round-47","3","checks","water","53.75","ok"
"3348.372","round-47","1","waterStrip","water","16.438","ok"
"3348.372","round-47","4","waterStrip","water","24.375","ok"
"3348.372","round-47","5","bake","","0","no exported Wasm memory"
"3348.372","round-47","2","generator","water","59.125","ok"
"3348.372","round-47","2","generator","forces","16.563","ok"
"3378.375","round-47","6","waterMesh","","0","no exported Wasm memory"
"3378.375","round-47","3","checks","water","53.75","ok"
"3378.375","round-47","1","waterStrip","water","16.438","ok"
"3378.375","round-47","4","waterStrip","water","24.375","ok"
"3378.375","round-47","5","bake","","0","no exported Wasm memory"
"3378.375","round-47","2","generator","water","59.125","ok"
"3378.375","round-47","2","generator","forces","16.563","ok"
"3387.672","round-48","6","waterMesh","","0","no exported Wasm memory"
"3387.672","round-48","3","checks","water","53.75","ok"
"3387.672","round-48","1","waterStrip","water","16.438","ok"
"3387.672","round-48","4","waterStrip","water","24.375","ok"
"3387.672","round-48","5","bake","","0","no exported Wasm memory"
"3387.672","round-48","31","startCheck","","","probe unavailable (optional worker)"
"3387.672","round-48","2","generator","water","59.125","ok"
"3387.672","round-48","2","generator","forces","16.563","ok"
"3408.381","round-48","6","waterMesh","","0","no exported Wasm memory"
"3408.381","round-48","3","checks","water","53.75","ok"
"3408.381","round-48","1","waterStrip","water","16.438","ok"
"3408.381","round-48","4","waterStrip","water","24.375","ok"
"3408.381","round-48","5","bake","","0","no exported Wasm memory"
"3408.381","round-48","31","startCheck","","","probe unavailable (optional worker)"
"3408.381","round-48","2","generator","water","59.125","ok"
"3408.381","round-48","2","generator","forces","16.563","ok"
"3438.392","round-48","6","waterMesh","","0","no exported Wasm memory"
"3438.392","round-48","3","checks","water","53.75","ok"
"3438.392","round-48","1","waterStrip","water","16.438","ok"
"3438.392","round-48","4","waterStrip","water","24.375","ok"
"3438.392","round-48","5","bake","","0","no exported Wasm memory"
"3438.392","round-48","31","startCheck","","","probe unavailable (optional worker)"
"3438.392","round-48","2","generator","water","59.125","ok"
"3438.392","round-48","2","generator","forces","16.563","ok"
"3458.389","round-49","6","waterMesh","","0","no exported Wasm memory"
"3458.389","round-49","3","checks","water","53.75","ok"
"3458.389","round-49","1","waterStrip","water","16.438","ok"
"3458.389","round-49","4","waterStrip","water","24.375","ok"
"3458.389","round-49","5","bake","","0","no exported Wasm memory"
"3458.389","round-49","2","generator","water","59.125","ok"
"3458.389","round-49","2","generator","forces","16.563","ok"
"3468.406","round-49","6","waterMesh","","0","no exported Wasm memory"
"3468.406","round-49","3","checks","water","53.75","ok"
"3468.406","round-49","1","waterStrip","water","16.438","ok"
"3468.406","round-49","4","waterStrip","water","24.375","ok"
"3468.406","round-49","5","bake","","0","no exported Wasm memory"
"3468.406","round-49","2","generator","water","59.125","ok"
"3468.406","round-49","2","generator","forces","16.563","ok"
"3498.61","round-49","6","waterMesh","","0","no exported Wasm memory"
"3498.61","round-49","3","checks","water","53.75","ok"
"3498.61","round-49","1","waterStrip","water","16.438","ok"
"3498.61","round-49","4","waterStrip","water","24.375","ok"
"3498.61","round-49","5","bake","","0","no exported Wasm memory"
"3498.61","round-49","2","generator","water","59.125","ok"
"3498.61","round-49","2","generator","forces","16.563","ok"
"3528.419","round-50","6","waterMesh","","0","no exported Wasm memory"
"3528.419","round-50","3","checks","water","53.75","ok"
"3528.419","round-50","1","waterStrip","water","16.438","ok"
"3528.419","round-50","4","waterStrip","water","24.375","ok"
"3528.419","round-50","5","bake","","0","no exported Wasm memory"
"3528.419","round-50","2","generator","water","59.125","ok"
"3528.419","round-50","2","generator","forces","16.563","ok"
"3535.269","round-50","6","waterMesh","","0","no exported Wasm memory"
"3535.269","round-50","3","checks","water","53.75","ok"
"3535.269","round-50","1","waterStrip","water","16.438","ok"
"3535.269","round-50","4","waterStrip","water","24.375","ok"
"3535.269","round-50","5","bake","","0","no exported Wasm memory"
"3535.269","round-50","2","generator","water","59.125","ok"
"3535.269","round-50","2","generator","forces","16.563","ok"
"3558.433","round-50","6","waterMesh","","0","no exported Wasm memory"
"3558.433","round-50","3","checks","water","53.75","ok"
"3558.433","round-50","1","waterStrip","water","16.438","ok"
"3558.433","round-50","4","waterStrip","water","24.375","ok"
"3558.433","round-50","5","bake","","0","no exported Wasm memory"
"3558.433","round-50","2","generator","water","59.125","ok"
"3558.433","round-50","2","generator","forces","16.563","ok"
"3588.447","round-50","6","waterMesh","","0","no exported Wasm memory"
"3588.447","round-50","3","checks","water","53.75","ok"
"3588.447","round-50","1","waterStrip","water","16.438","ok"
"3588.447","round-50","4","waterStrip","water","24.375","ok"
"3588.447","round-50","5","bake","","0","no exported Wasm memory"
"3588.447","round-50","2","generator","water","59.125","ok"
"3588.447","round-50","2","generator","forces","16.563","ok"
"3600.018","end","6","waterMesh","","0","no exported Wasm memory"
"3600.018","end","3","checks","water","53.75","ok"
"3600.018","end","1","waterStrip","water","16.438","ok"
"3600.018","end","4","waterStrip","water","24.375","ok"
"3600.018","end","5","bake","","0","no exported Wasm memory"
"3600.018","end","2","generator","water","59.125","ok"
"3600.018","end","2","generator","forces","16.563","ok"
