"phase","size","operation","repeats","build_median_ms","build_worst_ms","mesh_median_ms","mesh_worst_ms","orbit_fps_median","orbit_fps_worst","frame_worst_ms","draws","triangles","retained_geometries","new_geometries","dropped_geometries","cpu_median","cpu_worst"
"after","512x512","open","3","312.10000002384186","1102.800000011921","246.10000002384186","252.69999998807907","108.11790287509058","60.003973773097556","1473.6000000000004","","","0","0","0","99","100"
"after","512x512","orbit","3","","","0","0","162.009560168105","159.78014252388706","30.100000000000364","339","1145793","0","0","0","98.5","100"
"after","128x128","open","3","105.80000001192093","882.1999999880791","62.5","69.60000002384186","117.78563015312135","43.97384713302088","1261.5","","","0","0","0","88","100"
"after","128x128","orbit","3","","","0","0","164.90064092241298","164.8953301127214","6.400000000000546","74","80728","0","0","0","77.5","97"
"after","256x256","open","3","127.59999996423721","139.39999997615814","92.39999997615814","100.30000001192093","116.56005685856432","113.51351351351359","212.20000000000027","","","0","0","0","76","77"
"after","256x256","orbit","3","","","0","0","164.90404706033627","164.90064092241298","6.400000000000546","127","300816","0","0","0","70","87"
"after","128x512","open","3","140","156.0999999642372","95.79999995231628","114","116.7148516971839","101.56971375807936","248.60000000000036","","","0","0","0","94","100"
"after","128x512","orbit","3","","","0","0","164.89685926020985","164.26384281704512","18.200000000000728","144","295928","0","0","0","83","100"
"after","512x256","open","3","219.5","355.9000000357628","170","170.9000000357628","104.73926608230569","102.6225769669327","473","","","0","0","0","100","100"
"after","512x256","orbit","3","","","0","0","164.58154267341544","163.30052409561554","18.200000000000728","214","581187","0","0","0","100","100"
"after","64x512","open","3","140.5","144","96.69999998807907","103.5","110.78191420842455","98.1185514869513","230.39999999999964","","","0","0","0","99","100"
"after","64x512","orbit","3","","","0","0","164.5792686764428","163.3133834203489","36.29999999999927","109","151076","0","0","0","100","100"
"before","128x128","open","3","124.39999997615814","893","76.30000001192093","81","113.63636363636358","44.12703942402601","1243.3000000000002","","","0","0","0","100","100"
"before","128x128","orbit","3","","","0","0","164.90025935768946","164.89497950819677","6.400000000000546","74","80728","0","0","0","98","100"
"before","256x256","open","3","218.69999998807907","257","162.69999998807907","213.69999998807907","105.48955346169596","99.15930157361498","351.8000000000002","","","0","0","0","98","100"
"before","256x256","orbit","3","","","0","0","164.577306332369","164.5760482499759","12.199999999999818","127","300816","0","0","0","100","100"
"before","512x512","open","3","349.7000000476837","405.69999998807907","283.2000000476837","318.9000000357628","108.37765957446808","104.97966362537102","521.6000000000004","","","0","0","0","100","100"
"before","512x512","orbit","3","","","0","0","156.59454795308557","153.0481557377049","54.70000000000073","339","1145793","0","0","0","99","100"
"before","128x512","open","3","168.19999998807907","172.80000001192093","122","126.10000002384186","115.21518129447642","113.89251393996908","248.5","","","0","0","0","98","98"
"before","128x512","orbit","3","","","0","0","164.90744008469957","163.6129861780778","18.100000000000364","144","295928","0","0","0","99","100"
"before","512x256","open","3","219.5","231.80000001192093","157.19999998807907","169.69999998807907","110.62173512240088","105.01995379122035","315.39999999999964","","","0","0","0","98","99"
"before","512x256","orbit","3","","","0","0","164.89874638379942","164.89874638379936","6.400000000000546","214","581187","0","0","0","87.5","99"
"before","64x512","open","3","121.59999996423721","150.30000001192093","77","102.5","115.12134411947734","107.61705101327743","224.39999999999964","","","0","0","0","83","89"
"before","64x512","orbit","3","","","0","0","164.89685926020985","163.61762432362792","30.300000000000182","109","151076","0","0","0","83","99"
"before","128x128","open","3","112.60000002384186","887.3999999761581","68","70.80000001192093","115.7627656200445","44.64817240147639","1212.6999999999998","","","0","0","0","87","88"
"before","128x128","brush-supported","3","","","130.49999994039536","168.69999957084656","154.95525356314218","145.36928487690503","30.400000000000546","60","84994","0","0","942","91","95"
"before","128x128","undo-supported","3","","","6.100000083446503","6.199999988079071","162.7604166666666","162.70888302550566","12.199999999999818","74","80728","0","0","44","80","83"
"before","128x128","redo-supported","3","","","57.20000010728836","62.99999988079071","163.4135270086247","156.83104284559417","18.19999999999891","59","79718","0","0","378","80","83"
"before","256x256","open","3","150.30000001192093","165.29999995231628","104","112.29999995231628","115.78947368421059","114.7908695078507","236.5","","","0","0","0","82","92"
"before","256x256","brush-supported","3","","","378.8999999165535","387.700000166893","85.60727661851259","84.47569426880472","72.70000000000073","110","312144","0","0","2892","95","98"
"before","256x256","undo-supported","3","","","13.900000035762787","16.40000009536743","153.27900659681785","152.95987286452137","30.5","127","300816","0","0","100","70","87"
"before","256x256","redo-supported","3","","","59.799999833106995","61.6999996304512","156.85748759887392","155.2267766189667","36.399999999999636","113","307808","0","0","381","77","96"
"before","512x512","open","3","297.9000000357628","366.7000000476837","220.30000001192093","288.7000000476837","109.68200110471079","107.02394165213255","454.8000000000002","","","0","0","0","94","100"
"before","512x512","brush-supported","3","","","308.60000014305115","320.1000000834465","84.79543589543198","81.34289728610517","115.39999999999964","340","1162487","0","0","2628","90.5","100"
"before","512x512","undo-supported","3","","","39.20000022649765","39.59999966621399","135.7685469532894","132.23397635345378","72.70000000000073","339","1145793","0","0","267","93","98"
"before","512x512","redo-supported","3","","","394.30000019073486","497.3000006079674","146.49712324130934","141.81389870435808","66.70000000000073","339","1156923","0","0","2317","93","97"
"before","128x512","open","3","139.80000001192093","151.80000001192093","98.30000001192093","104.30000001192093","115.59063997744579","104.34110524281853","218.40000000000055","","","0","0","0","84","87"
"before","128x512","brush-supported","3","","","196.10000038146973","228.700000166893","120.58401772910965","119.25768177669607","48.5","112","298166","0","0","1690","82","96"
"before","128x512","undo-supported","3","","","12.899999976158142","16.499999940395355","155.08441303494317","154.77386934673368","24.300000000000182","144","295928","0","0","104","80","84"
"before","128x512","redo-supported","3","","","155.89999997615814","170.59999984502792","161.6326530612245","161.54683184062947","18.199999999999818","123","301498","0","0","1137","89","95"
"before","512x256","open","3","202.80000001192093","212.60000002384186","149.80000001192093","156.19999998807907","113.56191308145887","111.6345759934453","291.1999999999998","","","0","0","0","93","93"
"before","512x256","brush-supported","3","","","398.9000005722046","460.70000076293945","77.91619479048697","71.28867998433216","91","206","628031","0","0","3146","93","98"
"before","512x256","undo-supported","3","","","29","29.600000023841858","145.33853243530643","142.80856851411068","48.600000000000364","210","580770","0","0","177","79","96"
"before","512x256","redo-supported","3","","","177.80000066757202","231.10000002384186","158.5014409221901","158.01526717557252","36.5","197","603783","0","0","1155","95","96"
"before","64x512","open","3","121","129.30000001192093","80.80000001192093","81.60000002384186","114.5387904703726","108.49124837263125","206.09999999999945","","","0","0","0","85","94"
"before","64x512","brush-supported","3","","","126.49999958276749","142.89999967813492","146.48362604494204","145.93214155417732","42.5","88","151238","0","0","1002","90","99"
"before","64x512","undo-supported","3","","","8.20000010728836","9.900000035762787","160.60862214708345","160.52060737527114","18.299999999999272","109","151076","0","0","102","74","76"
"before","64x512","redo-supported","3","","","100.8000003695488","155.20000076293945","162.49398170438127","161.6902015737845","18.199999999999818","101","151706","0","0","1110","76","87"
"after","128x128","open","3","95.80000001192093","890.2000000476837","62.39999997615814","66.20000004768372","119.64430072756669","42.88734521292661","1218.9000000000005","","","0","0","0","75","91"
"after","128x128","brush-supported","3","","","144.99999970197678","154.4999998807907","150.3637833468068","150.3182759414066","30.5","62","86154","457","382","197","88","99"
"after","128x128","undo-supported","3","","","6.900000035762787","7.899999976158142","162.70888302550566","162.68980477223428","12.300000000000182","74","80728","7","33","8","85","86"
"after","128x128","redo-supported","3","","","54.8000003695488","65.49999982118607","163.29830234438157","163.1578947368421","12.200000000000728","62","79900","205","89","57","85","86"
"after","256x256","open","3","132.19999998807907","138.60000002384186","93.90000003576279","102.10000002384186","117.03684000531985","109.93657505285412","206.30000000000018","","","0","0","0","76","82"
"after","256x256","brush-supported","3","","","305.3000001311302","325.8999999165535","93.50031166770557","90.14951627088831","66.69999999999982","114","312534","983","1393","224","83.5","95"
"after","256x256","undo-supported","3","","","13.599999964237213","14.29999989271164","152.99026425591094","151.12855740922473","30.5","127","300816","19","78","12","83","86"
"after","256x256","redo-supported","3","","","71.50000023841858","74.10000032186508","158.37696335078533","149.14514368861407","30.399999999999636","109","306168","184","161","109","81","94"
"after","512x512","open","3","270.39999997615814","348.89999997615814","217.19999998807907","222.19999998807907","108.30033136668551","101.0021305136905","436.60000000000036","","","0","0","0","82","83"
"after","512x512","brush-supported","3","","","248.89999985694885","269.89999997615814","90.41591320072335","88.85850991114152","97","340","1162283","723","1647","30","87","90"
"after","512x512","undo-supported","3","","","26.899999976158142","33.499999821186066","136.43178410794602","131.9478805871682","60.600000000000364","339","1145793","148","72","28","66","87"
"after","512x512","redo-supported","3","","","359.1999998688698","372.7999994158745","146.6346153846154","145.24014955421347","72.79999999999927","339","1156863","1108","867","340","86","89"
"after","128x512","open","3","127","127.5","92.5","92.79999995231628","118.01507180435097","117.59644342463794","194","","","0","0","0","48","61"
"after","128x512","brush-supported","3","","","179.40000039339066","181.29999977350235","125.85812356979403","125.06987143655675","42.5","110","298604","576","905","190","71","81"
"after","128x512","undo-supported","3","","","11.199999988079071","13.099999964237213","156.79087762166554","156.7589576547229","24.300000000000182","144","295928","16","59","0","53","79"
"after","128x512","redo-supported","3","","","109.80000001192093","120.49999982118607","162.16216216216216","162.14730670575298","18.199999999999818","125","300802","695","185","158","65","79"
"after","512x256","open","3","162.30000001192093","165.19999998807907","124.69999998807907","126.19999998807907","117.2590692561378","116.69203450025367","230.4000000000001","","","0","0","0","47","71"
"after","512x256","brush-supported","3","","","245.79999989271164","268.69999998807907","106.26560594622842","97.84520668425682","60.70000000000073","174","587709","935","1398","208","66.5","82"
"after","512x256","undo-supported","3","","","13","13.999999821186066","151.45705521472408","149.89694584972835","36.399999999999636","210","580770","59","86","2","50","65"
"after","512x256","redo-supported","3","","","89.09999990463257","122.39999985694885","158.94602634934125","158.1823410986482","30.400000000001455","191","599481","273","248","134","68","72"
"after","64x512","open","3","95.89999997615814","97.19999998807907","65.89999997615814","68.80000001192093","121.95121951219517","121.56536219816819","151.5999999999999","","","0","0","0","47","48"
"after","64x512","brush-supported","3","","","101.39999997615814","103.69999986886978","157.68606956208322","154.7307009385305","42.30000000000018","92","151742","418","377","138","67","88"
"after","64x512","undo-supported","3","","","6.799999952316284","7.099999964237213","162.72510305923205","162.70888302550566","12.100000000000364","109","151076","45","48","16","48","60"
"after","64x512","redo-supported","3","","","62.59999990463257","64.700000166893","164.91327836224042","164.90669752639948","6.200000000000728","101","151746","489","225","192","58","60"
"before","128x128","open","3","86","708.8999999761581","55.89999997615814","55.89999997615814","121.79126850290419","48.9420977336044","933.9000000000001","","","0","0","0","42","45"
"before","256x256","open","3","122.29999995231628","122.40000003576279","85.69999998807907","86","120.06364819904532","119.24039452377444","181.9000000000001","","","0","0","0","49","58"
"before","512x512","open","3","246.39999997615814","257.80000001192093","190.19999998807907","202.80000001192093","117.66726788628362","114.7959183673469","327.49999999999955","","","0","0","0","59","66"
"before","128x512","open","3","127.60000002384186","159.30000001192093","87.69999998807907","91.5","118.42302503372801","113.63636363636365","212.20000000000027","","","0","0","0","53","55"
"before","512x256","open","3","160.30000001192093","168","117.10000002384186","121.40000003576279","118.67582760774516","116.89430294081453","230.4000000000001","","","0","0","0","56","62"
"before","64x512","open","3","104.10000002384186","108.69999998807907","71.80000001192093","72.60000002384186","118.25449700199874","118.03506335705599","163.80000000000018","","","0","0","0","56","69"
"after","128x128","open","3","81.70000004768372","722.6999999880791","53.90000003576279","55.80000001192093","123.6649803260258","48.91000558971493","994.7000000000003","","","0","0","0","66","83"
"after","256x256","open","3","125.80000001192093","138.5","84.19999998807907","101.69999998807907","117.36740454612978","116.79032701291568","206.0999999999999","","","0","0","0","56","67"
"after","512x512","open","3","245.39999997615814","246.39999997615814","198.10000002384186","203.89999997615814","117.40455278723783","113.60513055428305","315.2000000000003","","","0","0","0","67","68"
"after","128x512","open","3","128","128.89999997615814","89.5","93","118.79804332634521","117.96475270039797","194","","","0","0","0","79","91"
"after","512x256","open","3","179.60000002384186","181","134.4000000357628","140.5","116.94538650450241","114.98257839721255","248.70000000000027","","","0","0","0","71","80"
"after","64x512","open","3","108.30000001192093","108.89999997615814","72.40000003576279","74.69999998807907","116.12251767081786","116.10297829379098","169.79999999999973","","","0","0","0","60","76"
"after","128x128","open","3","117.5","894.9000000357628","68.30000001192093","70","111.44130757800892","45.128442490164325","1237.3000000000002","","","0","0","0","98","100"
"after","256x256","open","3","154.69999998807907","163.70000004768372","100.80000001192093","119.70000004768372","96.3060686015831","88.809946714032","242.59999999999945","","","0","0","0","89","91"
"after","512x512","open","3","302.5","326","243.39999997615814","255.5","103.44121261777958","91.69562966797307","412.40000000000055","","","0","0","0","88","90"
"after","128x512","open","3","119.90000003576279","127.19999998807907","87.60000002384186","90.59999996423721","117.15360138848712","116.7133520074696","181.89999999999964","","","0","0","0","55","59"
"after","512x256","open","3","165.5","193.30000001192093","125.09999996423721","126.5","116.05179574883942","110.7054528324108","248.69999999999982","","","0","0","0","44","49"
"after","64x512","open","3","99.89999997615814","116.30000001192093","68.40000003576279","80","119.1796008869179","118.25449700199874","188.09999999999945","","","0","0","0","69","98"
"before","128x128","open","3","137.0999999642372","895.5","94.39999997615814","94.90000003576279","109.93430754792873","47.98146922567834","1273.5","","","0","0","0","100","100"
"before","256x256","open","3","174.60000002384186","187.5","125","130.80000001192093","109.53298025999041","109.19220055710306","284.90000000000055","","","0","0","0","92","100"
"before","512x512","open","3","305.89999997615814","369.0999999642372","241.10000002384186","282.19999998807907","113.407446094158","110.8616334549537","466.7999999999993","","","0","0","0","97","100"
"before","128x512","open","3","196.89999997615814","207.4000000357628","148.39999997615814","155.4000000357628","112.38315303014384","109.19220055710306","291","","","0","0","0","99","100"
"before","512x256","open","3","237","257.5","180.69999998807907","196.5","112.97376093294457","109.01429094906555","345.5","","","0","0","0","97","98"
"before","64x512","open","3","140.9000000357628","147.0999999642372","90.19999998807907","97.69999998807907","112.73957158962804","104.81912309855552","230.60000000000036","","","0","0","0","98","99"
