"source","phase","size","operation","repeat","median_ms","worst_ms","cpu_median","cpu_worst","long_task_worst","paint_median","paint_worst","statuses"
"browser","after","512x512","open","3","1659.1706000000122","2529.2888999999986","99","100","1467","","","not-instrumented|not-instrumented|not-instrumented"
"browser","after","512x512","orbit","3","3171.25","3224.321899999981","98.5","100","0","","","no-history-change|no-history-change|no-history-change"
"browser","after","512x512","brush-large","3","3446.2291000000005","3680.5445999999647","98","100","189","153.69999998807907","197.0999999642372","committed|committed|committed"
"browser","after","512x512","undo-brush","3","452.66870000000927","468.0346000000136","93","97","133","127.79999995231628","130.80000001192093","undone|undone|undone"
"browser","after","512x512","redo-brush","3","988.9197999999742","1416.1257000000041","97","100","107","109.10000002384186","111.10000002384186","committed|committed|committed"
"browser","after","512x512","force-carve","3","2785.777000000002","3029.8122999999905","98","100","74","534.8999999761581","1332.199999988079","committed|committed|committed"
"browser","after","512x512","force-craterize","3","1797.885500000004","2149.33189999999","100","100","70","517.3000000119209","554.1999999880791","committed|committed|committed"
"browser","after","512x512","force-quake-slide","3","3722.8751000000047","4628.8133999999845","99.5","100","66","574.3999999761581","645.5","committed|committed|committed"
"browser","after","512x512","force-quake-lift","3","1724.578999999998","2290.5590000000084","99.5","100","57","473.60000002384186","479.5","committed|committed|committed"
"browser","after","512x512","force-erupt","3","3665.1168000000034","4139.398999999976","97","100","74","766.7999999523163","772.8999999761581","committed|committed|committed"
"browser","after","512x512","force-glaciate","3","4532.8440999999875","5207.004199999996","89","100","60","1423.8999999761581","1571.699999988079","committed|committed|committed"
"browser","after","512x512","select-raise","3","835.1640999999945","1098.0566999999864","97","100","187","506.5","529.8000000119209","committed|committed|committed"
"browser","after","512x512","select-lower","3","824.2210000000196","1102.538499999966","100","100","179","569","614.8000000119209","committed|committed|committed"
"browser","after","512x512","select-flatten","3","888.6217999999935","1187.7158000000054","94","100","169","659.5","808.8999999761581","committed|committed|committed"
"browser","after","512x512","select-cut","3","850.3808000000136","1232.0364999999874","93","100","167","620","840.6000000238419","committed|committed|committed"
"browser","after","512x512","select-fill","3","729.1261999999988","791.2002999999677","100","100","166","480.5","487.5","committed|committed|committed"
"browser","after","512x512","select-depth","3","539.0008000000089","557.038899999985","98","100","70","286.0999999642372","330.10000002384186","committed|committed|committed"
"browser","after","512x512","select-delete","3","918.1469999999972","998.937900000019","88","100","179","536.3000000119209","558.2000000476837","committed|committed|committed"
"browser","after","512x512","live-water-after-edit","3","15904.029700000014","17193.487799999974","100","100","130","112.09999996423721","128.69999998807907","committed|committed|committed"
"browser","after","128x128","open","3","687.8361999999979","1733.5153999999993","88","100","1253","","","not-instrumented|not-instrumented|not-instrumented"
"browser","after","128x128","orbit","3","3149.096899999997","3159.8948999999993","77.5","97","0","","","no-history-change|no-history-change|no-history-change"
"browser","after","128x128","brush-large","3","945.523199999996","1026.6988999999994","76","79","0","26.30000001192093","26.5","committed|committed|committed"
"browser","after","128x128","undo-brush","3","174.94019999999728","178.17889999999898","94","99","0","14.199999988079071","15.099999964237213","undone|undone|undone"
"browser","after","128x128","redo-brush","3","201.96600000000035","205.8127000000004","92","99","0","11.100000023841858","17.099999964237213","committed|committed|committed"
"browser","after","128x128","force-carve","3","2261.0417000000016","2318.5049","75","93","0","184.19999998807907","205.5999999642372","committed|committed|committed"
"browser","after","128x128","force-craterize","3","829.0574000000051","851.2186000000002","74","98","0","206.89999997615814","211","committed|committed|committed"
"browser","after","128x128","force-quake-slide","3","1482.642000000007","1501.7669000000024","91","93","0","120","124.80000001192093","committed|committed|committed"
"browser","after","128x128","force-quake-lift","3","782.3736999999965","853.8889999999992","98","100","0","112.89999997615814","125.40000003576279","committed|committed|committed"
"browser","after","128x128","force-erupt","3","1999.8109999999979","2005.6806999999972","82","99","0","302.0999999642372","302.5999999642372","committed|committed|committed"
"browser","after","128x128","force-glaciate","3","2251.4058000000077","2364.7392","97","100","0","266","269","committed|committed|committed"
"browser","after","128x128","select-raise","3","255.57050000000163","288.3194999999978","96","97","0","56.19999998807907","56.30000001192093","committed|committed|committed"
"browser","after","128x128","select-lower","3","211.29309999999532","251.16270000000077","99","100","0","68.69999998807907","84.5","committed|committed|committed"
"browser","after","128x128","select-flatten","3","203.1064999999944","251.5995000000039","66","93","0","46.10000002384186","86.60000002384186","committed|committed|committed"
"browser","after","128x128","select-cut","3","202.4505000000063","204.86699999999837","67","94","0","56","59.299999952316284","committed|committed|committed"
"browser","after","128x128","select-fill","3","195.6944999999978","253.20899999999529","54","96","0","38.09999996423721","55.30000001192093","committed|committed|committed"
"browser","after","128x128","select-depth","3","184.33400000000256","209.4435999999987","67","91","0","26.100000023841858","35.69999998807907","committed|committed|committed"
"browser","after","128x128","select-delete","3","240.5063999999984","252.55460000000312","69","91","0","46.19999998807907","64","committed|committed|committed"
"browser","after","128x128","live-water-after-edit","3","1365.1988999999885","1807.5642000000007","78","98","0","16.899999976158142","18.100000023841858","committed|committed|committed"
"browser","after","256x256","open","3","710.0314999999828","741.8579000000027","76","77","205","","","not-instrumented|not-instrumented|not-instrumented"
"browser","after","256x256","orbit","3","3156.77840000001","3157.100000000006","70","87","0","","","no-history-change|no-history-change|no-history-change"
"browser","after","256x256","brush-large","3","1322.461099999986","1353.1968000000052","83","92","0","49.80000001192093","52.60000002384186","committed|committed|committed"
"browser","after","256x256","undo-brush","3","231.6756999999925","242.53789999999572","68","69","0","41.39999997615814","43.5","undone|undone|undone"
"browser","after","256x256","redo-brush","3","309.80489999998827","310.36350000000675","61","69","0","27.099999964237213","28.69999998807907","committed|committed|committed"
"browser","after","256x256","force-carve","3","2373.293399999995","2410.5162999999884","63","73","0","208.80000001192093","216.80000001192093","committed|committed|committed"
"browser","after","256x256","force-craterize","3","924.2078000000038","925.5559999999823","81","89","0","239.69999998807907","262.89999997615814","committed|committed|committed"
"browser","after","256x256","force-quake-slide","3","1526.2266999999993","1540.8910000000033","67.5","90","0","155.5999999642372","165.5","committed|committed|committed"
"browser","after","256x256","force-quake-lift","3","760.7462999999989","795.594700000016","68","82","0","154.5","166.5999999642372","committed|committed|committed"
"browser","after","256x256","force-erupt","3","2015.7337999999872","2030.1565999999875","59","84","0","343.2999999523163","353.7999999523163","committed|committed|committed"
"browser","after","256x256","force-glaciate","3","2286.3369999999995","2287.623499999987","62","81","0","340.69999998807907","342.5","committed|committed|committed"
"browser","after","256x256","select-raise","3","317.9405999999726","329.0258000000031","47","61","0","124.30000001192093","136.19999998807907","committed|committed|committed"
"browser","after","256x256","select-lower","3","304.70370000001276","307.3789000000106","65","72","52","141.80000001192093","146","committed|committed|committed"
"browser","after","256x256","select-flatten","3","294.19490000000224","310.46940000000177","53","75","0","133.0999999642372","141.70000004768372","committed|committed|committed"
"browser","after","256x256","select-cut","3","300.562099999981","306.53270000001066","62","70","0","143.39999997615814","155","committed|committed|committed"
"browser","after","256x256","select-fill","3","272.0697999999975","282.10310000000754","60","62","0","102.30000001192093","107.59999996423721","committed|committed|committed"
"browser","after","256x256","select-depth","3","162.6634999999951","169.81630000000587","72","74","0","","","no-history-change|no-history-change|no-history-change"
"browser","after","256x256","select-delete","3","357.44639999998617","492.2109000000055","55","98","57","145.30000001192093","209.10000002384186","committed|committed|committed"
"browser","after","256x256","live-water-after-edit","3","3072.625700000004","3550.814100000018","69","95","0","43","44.10000002384186","committed|committed|committed"
"browser","after","128x512","open","3","762.9643999999971","940.913899999985","94","100","242","","","not-instrumented|not-instrumented|not-instrumented"
"browser","after","128x512","orbit","3","3162.7735000000102","3237.261499999964","83","100","0","","","no-history-change|no-history-change|no-history-change"
"browser","after","128x512","brush-large","3","1161.611200000043","2204.692700000014","98.5","100","55","52.30000001192093","52.39999997615814","committed|committed|committed"
"browser","after","128x512","undo-brush","3","235.6296999999904","338.553099999961","82","100","56","42","42.30000001192093","undone|undone|undone"
"browser","after","128x512","redo-brush","3","355.42419999995036","531.0007999999798","82","100","0","41.200000047683716","45.89999997615814","committed|committed|committed"
"browser","after","128x512","force-carve","3","2372.8961000000127","2545.0386999999755","90","100","0","207.30000001192093","369","committed|committed|committed"
"browser","after","128x512","force-craterize","3","935.3672999999835","1224.0569999999716","90","100","0","242.39999997615814","285.2000000476837","committed|committed|committed"
"browser","after","128x512","force-quake-slide","3","1675.2076000000234","1950.4015000000363","96","100","0","171.19999998807907","247.30000001192093","committed|committed|committed"
"browser","after","128x512","force-quake-lift","3","832.8307999999961","1525.7854999999981","92","100","0","157.39999997615814","298.0999999642372","committed|committed|committed"
"browser","after","128x512","force-erupt","3","2086.044099999999","2538.510499999975","94.5","100","0","418.0999999642372","584.7999999523163","committed|committed|committed"
"browser","after","128x512","force-glaciate","3","2349.668500000029","3131.5186000000103","84.5","100","0","493.4000000357628","1233.2999999523163","committed|committed|committed"
"browser","after","128x512","select-raise","3","375.80139999999665","965.3510000000242","87","100","55","141.10000002384186","350.5","committed|committed|committed"
"browser","after","128x512","select-lower","3","345.48670000000857","461.75459999998566","83","100","58","174.70000004768372","184.39999997615814","committed|committed|committed"
"browser","after","128x512","select-flatten","3","334.41560000000754","591.5741999999736","82","100","0","157.80000001192093","184.29999995231628","committed|committed|committed"
"browser","after","128x512","select-cut","3","347.6337000000058","565.2520000000368","94","100","55","167.69999998807907","173.80000001192093","committed|committed|committed"
"browser","after","128x512","select-fill","3","289.10289999999804","488.31709999998566","92","100","51","115","146.10000002384186","committed|committed|committed"
"browser","after","128x512","select-depth","3","320.03490000002785","409.56689999997616","96","98","0","97.69999998807907","121.5","committed|committed|committed"
"browser","after","128x512","select-delete","3","468.5431000000099","979.1052999999956","100","100","52","183.5","230.9000000357628","committed|committed|committed"
"browser","after","128x512","live-water-after-edit","3","4271.965800000005","4405.146700000041","100","100","0","44.09999996423721","46.80000001192093","committed|committed|committed"
"browser","after","512x256","open","3","1352.0185000000056","1510.031299999915","100","100","468","","","not-instrumented|not-instrumented|not-instrumented"
"browser","after","512x256","orbit","3","3194.9634999999544","3257.1840000000084","100","100","0","","","no-history-change|no-history-change|no-history-change"
"browser","after","512x256","brush-large","3","2357.740300000063","2622.0855999999912","100","100","114","114.69999998807907","119","committed|committed|committed"
"browser","after","512x256","undo-brush","3","374.4664000000339","381.59430000011344","100","100","71","72.5","75.19999998807907","undone|undone|undone"
"browser","after","512x256","redo-brush","3","772.4830000000075","866.8521999999648","100","100","63","61","66.5","committed|committed|committed"
"browser","after","512x256","force-carve","3","2567.247900000075","2833.9738999999827","100","100","53","340","569.6999999880791","committed|committed|committed"
"browser","after","512x256","force-craterize","3","1341.798300000024","1390.703000000096","100","100","0","340.5","350","committed|committed|committed"
"browser","after","512x256","force-quake-slide","3","2470.3369999999413","3331.182299999986","100","100","0","349.10000002384186","699.8999999761581","committed|committed|committed"
"browser","after","512x256","force-quake-lift","3","1272.3950000000186","2227.265800000052","100","100","0","261.5","921.5","committed|committed|committed"
"browser","after","512x256","force-erupt","3","3121.246800000081","3382.1377999999095","100","100","0","513","978.7999999523163","committed|committed|committed"
"browser","after","512x256","force-glaciate","3","3616.5909999998985","4138.404399999999","100","100","0","1078.300000011921","1084.0999999642372","committed|committed|committed"
"browser","after","512x256","select-raise","3","768.8520000000717","901.5346000000136","100","100","110","318.5","461.5","committed|committed|committed"
"browser","after","512x256","select-lower","3","597.2785000000149","692.6201000000583","100","100","112","336.30000001192093","389.60000002384186","committed|committed|committed"
"browser","after","512x256","select-flatten","3","718.4775999999838","734.0788000000175","100","100","93","412.5","471.9000000357628","committed|committed|committed"
"browser","after","512x256","select-cut","3","768.9627000000328","848.4445000000997","100","100","94","377.7999999523163","445.60000002384186","committed|committed|committed"
"browser","after","512x256","select-fill","3","669.0687999998918","698.330100000021","100","100","85","287.69999998807907","298.9000000357628","committed|committed|committed"
"browser","after","512x256","select-depth","3","428.15139999997336","481.22500000009313","100","100","0","189.20000004768372","211.5","committed|committed|committed"
"browser","after","512x256","select-delete","3","883.7195000000065","1001.062799999956","100","100","103","356.19999998807907","408.9000000357628","committed|committed|committed"
"browser","after","512x256","live-water-after-edit","3","9974.239700000035","10652.558699999936","100","100","107","99.69999998807907","108.39999997615814","committed|committed|committed"
"browser","after","64x512","open","3","777.1170999999158","991.6823000001023","99","100","224","","","not-instrumented|not-instrumented|not-instrumented"
"browser","after","64x512","orbit","3","3189.9803000001702","3223.047900000005","100","100","0","","","no-history-change|no-history-change|no-history-change"
"browser","after","64x512","brush-large","3","1627.5468999999575","1709.795199999935","100","100","0","47","51.30000001192093","committed|committed|committed"
"browser","after","64x512","undo-brush","3","298.201599999913","333.28390000003856","100","100","0","27.69999998807907","33.40000003576279","undone|undone|undone"
"browser","after","64x512","redo-brush","3","335.08279999997467","365.56449999986216","100","100","0","22.200000047683716","22.400000035762787","committed|committed|committed"
"browser","after","64x512","force-carve","3","2511.5779999999795","2642.479099999997","99.5","100","0","307.30000001192093","460","committed|committed|committed"
"browser","after","64x512","force-craterize","3","1022.0734999999404","1182.5567000000738","100","100","0","229","238.89999997615814","committed|committed|committed"
"browser","after","64x512","force-quake-slide","3","1795.9078000000445","1825.4776999999303","100","100","0","184.19999998807907","310.2000000476837","committed|committed|committed"
"browser","after","64x512","force-quake-lift","3","793.2239999999292","851.6867000000784","100","100","0","152.30000001192093","158.19999998807907","committed|committed|committed"
"browser","after","64x512","force-erupt","3","2035.3079999999609","2124.2269000000088","99.5","100","0","329.7999999523163","343.10000002384186","committed|committed|committed"
"browser","after","64x512","force-glaciate","3","2435.970100000035","2440.80979999993","100","100","0","543.0999999642372","574","committed|committed|committed"
"browser","after","64x512","select-raise","3","438.1620000000112","454.9449999999488","99","100","0","131.19999998807907","148.19999998807907","committed|committed|committed"
"browser","after","64x512","select-lower","3","330.1840999999549","426.1838999999454","98","100","0","108.5","158.80000001192093","committed|committed|committed"
"browser","after","64x512","select-flatten","3","333.76459999999497","449.0556000000797","100","100","0","99.60000002384186","106.19999998807907","committed|committed|committed"
"browser","after","64x512","select-cut","3","372.3283999999985","424.203600000008","100","100","0","101.10000002384186","134.60000002384186","committed|committed|committed"
"browser","after","64x512","select-fill","3","329.1069000000134","387.69639999989886","100","100","0","79.09999996423721","115.19999998807907","committed|committed|committed"
"browser","after","64x512","select-depth","3","301.2554999999702","414.6169000000227","100","100","0","70.39999997615814","90.10000002384186","committed|committed|committed"
"browser","after","64x512","select-delete","3","468.9994000000879","513.5359000000171","100","100","0","121.30000001192093","121.30000001192093","committed|committed|committed"
"browser","after","64x512","live-water-after-edit","3","5151.823000000091","5252.179500000086","100","100","0","36.40000003576279","44.69999998807907","committed|committed|committed"
"browser","before","128x128","open","3","728.5083000000013","1729.3673","100","100","1243","","","not-instrumented|not-instrumented|not-instrumented"
"browser","before","128x128","orbit","3","3191.9070999999967","3226.8302999999996","98","100","0","","","no-history-change|no-history-change|no-history-change"
"browser","before","128x128","brush-large","3","1263.4074","1344.743899999994","100","100","0","34.40000003576279","37.09999996423721","committed|committed|committed"
"browser","before","128x128","undo-brush","3","220.3739999999998","222.73549999999523","97","100","0","13.699999988079071","19.100000023841858","undone|undone|undone"
"browser","before","128x128","redo-brush","3","216.16240000000107","226.10239999999976","100","100","0","12.300000011920929","12.699999988079071","committed|committed|committed"
"browser","before","128x128","force-carve","3","2379.8804","2446.5376000000106","100","100","0","143.89999997615814","193.19999998807907","committed|committed|committed"
"browser","before","128x128","force-craterize","3","837.2629000000015","1081.092700000001","100","100","0","207.5","312","committed|committed|committed"
"browser","before","128x128","force-quake-slide","3","1515.6953999999969","1685.1287000000011","97","99","0","118.90000003576279","131.30000001192093","committed|committed|committed"
"browser","before","128x128","force-quake-lift","3","780.6662000000069","902.0803999999989","96","100","0","112.60000002384186","133.9000000357628","committed|committed|committed"
"browser","before","128x128","force-erupt","3","2035.9530999999988","2240.9084999999977","98","99","0","307.19999998807907","387","committed|committed|committed"
"browser","before","128x128","force-glaciate","3","2327.016899999988","2480.9505999999965","98.5","100","0","251.5","351.4000000357628","committed|committed|committed"
"browser","before","128x128","select-raise","3","298.3722999999882","364.3156000000017","99","100","0","64.60000002384186","110.69999998807907","committed|committed|committed"
"browser","before","128x128","select-lower","3","235.73690000001807","251.30540000000474","98","100","0","65.79999995231628","73.40000003576279","committed|committed|committed"
"browser","before","128x128","select-flatten","3","281.27060000000347","322.31179999999586","98","100","0","53.19999998807907","76.29999995231628","committed|committed|committed"
"browser","before","128x128","select-cut","3","230.8015000000014","298.13980000000447","100","100","0","65.89999997615814","79","committed|committed|committed"
"browser","before","128x128","select-fill","3","243.60640000000421","417.2826999999961","100","100","0","44.60000002384186","78.80000001192093","committed|committed|committed"
"browser","before","128x128","select-depth","3","298.812099999981","301.6024999999936","99","100","0","38.5","42.90000003576279","committed|committed|committed"
"browser","before","128x128","select-delete","3","303.30259999999544","336.34070000000065","99","100","0","57.69999998807907","66.30000001192093","committed|committed|committed"
"browser","before","128x128","live-water-after-edit","3","1844.6963000000105","2038.3453000000009","100","100","0","22.5","22.799999952316284","committed|committed|committed"
"browser","before","256x256","open","3","978.1484999999811","1044.7195000000065","98","100","348","","","not-instrumented|not-instrumented|not-instrumented"
"browser","before","256x256","orbit","3","3164.663899999985","3173.71669999999","100","100","0","","","no-history-change|no-history-change|no-history-change"
"browser","before","256x256","brush-large","3","1745.2889999999898","1790.4042999999947","99","100","69","57.30000001192093","73.19999998807907","committed|committed|committed"
"browser","before","256x256","undo-brush","3","314.1282000000065","372.539300000004","100","100","69","46.799999952316284","51","undone|undone|undone"
"browser","before","256x256","redo-brush","3","471.7179999999935","525.0144999999902","100","100","0","33.19999998807907","34","committed|committed|committed"
"browser","before","256x256","force-carve","3","2470.873900000006","2577.256699999998","100","100","66","372.30000001192093","381.69999998807907","committed|committed|committed"
"browser","before","256x256","force-craterize","3","1103.7717999999877","1226.396700000012","100","100","0","308.7000000476837","309.19999998807907","committed|committed|committed"
"browser","before","256x256","force-quake-slide","3","1835.5276000000013","1914.2967000000062","100","100","0","303.89999997615814","335.89999997615814","committed|committed|committed"
"browser","before","256x256","force-quake-lift","3","935.9265000000014","1028.6124999999884","99","99","0","173.5","224.69999998807907","committed|committed|committed"
"browser","before","256x256","force-erupt","3","2393.8079000000143","2536.7004000000015","100","100","0","453.69999998807907","476.39999997615814","committed|committed|committed"
"browser","before","256x256","force-glaciate","3","2526.7380999999878","2821.8673999999883","100","100","0","587.9000000357628","914.6000000238419","committed|committed|committed"
"browser","before","256x256","select-raise","3","536.5793999999878","541.6316000000224","99","100","65","213.5","258","committed|committed|committed"
"browser","before","256x256","select-lower","3","353.35579999999027","538.9996999999858","99","100","58","163.39999997615814","192.29999995231628","committed|committed|committed"
"browser","before","256x256","select-flatten","3","472.6421000000555","530.9309999999823","99","100","59","225.79999995231628","302.69999998807907","committed|committed|committed"
"browser","before","256x256","select-cut","3","384.6733999999997","408.5260000000126","100","100","51","189.89999997615814","194.5","committed|committed|committed"
"browser","before","256x256","select-fill","3","371.0166999999783","448.320299999963","99","100","52","146.5","159.19999998807907","committed|committed|committed"
"browser","before","256x256","select-depth","3","183.9035000000149","212.25540000002366","100","100","0","","","no-history-change|no-history-change|no-history-change"
"browser","before","256x256","select-delete","3","529.6247999999905","548.3443999999727","100","100","72","200.39999997615814","223.69999998807907","committed|committed|committed"
"browser","before","256x256","live-water-after-edit","3","4563.956799999985","4878.6181000000215","100","100","54","48.60000002384186","56","committed|committed|committed"
"browser","before","512x512","open","3","1715.3337000000174","1823.2033999999985","100","100","515","","","not-instrumented|not-instrumented|not-instrumented"
"browser","before","512x512","orbit","3","3200.797099999967","3209.6815999999526","99","100","0","","","no-history-change|no-history-change|no-history-change"
"browser","before","512x512","brush-large","3","2864.889099999971","3024.289300000004","99.5","100","215","222.30000001192093","223.9000000357628","no-history-change|no-history-change|no-history-change"
"browser","before","512x512","undo-brush","3","119.23590000002878","143.3132999999798","99","100","0","","","no-history-change|no-history-change|no-history-change"
"browser","before","512x512","redo-brush","3","125.81470000004629","127.5454000000027","100","100","0","","","no-history-change|no-history-change|no-history-change"
"browser","before","512x512","force-carve","3","2541.0386999999755","2640.597699999984","97.5","100","122","627.6999999880791","641.3000000119209","no-history-change|no-history-change|no-history-change"
"browser","before","512x512","force-craterize","3","1358.6722999999765","1420.009699999995","100","100","90","497.60000002384186","549.3000000119209","no-history-change|no-history-change|no-history-change"
"browser","before","512x512","force-quake-slide","3","3311.1412000000128","3326.0726999999606","100","100","74","493.19999998807907","511","no-history-change|no-history-change|no-history-change"
"browser","before","512x512","force-quake-lift","3","1611.6461000000127","1994.932199999981","99.5","100","77","489","699.6999999880791","no-history-change|no-history-change|no-history-change"
"browser","before","512x512","force-erupt","3","3248.664699999965","4191.755599999975","98","100","83","767.5999999642372","841.2000000476837","no-history-change|no-history-change|no-history-change"
"browser","before","512x512","force-glaciate","3","4591.011999999988","6273.417100000021","99.5","100","85","1257.0999999642372","2069.100000023842","no-history-change|no-history-change|no-history-change"
"browser","before","512x512","select-raise","3","435.4315999999526","499.61369999998715","100","100","111","","","no-history-change|no-history-change|no-history-change"
"browser","before","512x512","select-lower","3","302.72650000004796","366.5705999999773","94","100","88","","","no-history-change|no-history-change|no-history-change"
"browser","before","512x512","select-flatten","3","262.37670000002254","295.7528000000166","96","99","54","","","no-history-change|no-history-change|no-history-change"
"browser","before","512x512","select-cut","3","314.0659999999916","324.8019000000204","99","100","64","","","no-history-change|no-history-change|no-history-change"
"browser","before","512x512","select-fill","3","281.1610999999684","340.0158999999985","99","100","0","","","no-history-change|no-history-change|no-history-change"
"browser","before","512x512","select-depth","3","271.3185999999987","319.94530000002123","100","100","0","","","no-history-change|no-history-change|no-history-change"
"browser","before","512x512","select-delete","3","450.59580000001006","586.788899999985","97","100","76","","","no-history-change|no-history-change|no-history-change"
"browser","before","512x512","live-water-after-edit","3","893.7068000000436","961.8539999999921","99","100","138","111.39999997615814","138.19999998807907","no-history-change|no-history-change|no-history-change"
"browser","before","128x512","open","3","889.7374000000418","896.3357000000542","98","98","244","","","not-instrumented|not-instrumented|not-instrumented"
"browser","before","128x512","orbit","3","3165.4385000000475","3185.1083000000217","99","100","0","","","no-history-change|no-history-change|no-history-change"
"browser","before","128x512","brush-large","3","1225.9566999999806","1237.4066999999923","97","100","72","55.69999998807907","81.19999998807907","no-history-change|no-history-change|no-history-change"
"browser","before","128x512","undo-brush","3","128.46550000004936","130.55919999995967","97","98","0","","","no-history-change|no-history-change|no-history-change"
"browser","before","128x512","redo-brush","3","108.8363000000245","131.49549999996088","97","100","0","","","no-history-change|no-history-change|no-history-change"
"browser","before","128x512","force-carve","3","2438.6425000000163","2482.0997000000207","94.5","99","86","312.19999998807907","387.30000001192093","no-history-change|no-history-change|no-history-change"
"browser","before","128x512","force-craterize","3","1133.7556999999797","1367.761600000027","100","100","0","266.0999999642372","361","committed|committed|committed"
"browser","before","128x512","force-quake-slide","3","1639.8915999999736","1714.670999999973","99","100","0","216.69999998807907","255.60000002384186","no-history-change|no-history-change|no-history-change"
"browser","before","128x512","force-quake-lift","3","824.9126999999862","947.0629999999655","99","100","0","194.39999997615814","271.7999999523163","no-history-change|no-history-change|no-history-change"
"browser","before","128x512","force-erupt","3","2260.971900000004","2505.8604999999516","97.5","100","0","421","446.80000001192093","committed|committed|committed"
"browser","before","128x512","force-glaciate","3","2354.085699999938","2457.7280999999493","97","100","0","739.5","794","no-history-change|no-history-change|no-history-change"
"browser","before","128x512","select-raise","3","227.24179999995977","289.71689999999944","92","98","0","","","no-history-change|no-history-change|no-history-change"
"browser","before","128x512","select-lower","3","194.31050000002142","244.36999999999534","97","98","0","","","no-history-change|no-history-change|no-history-change"
"browser","before","128x512","select-flatten","3","191.31950000009965","220.04550000000745","88","94","0","","","no-history-change|no-history-change|no-history-change"
"browser","before","128x512","select-cut","3","195.54350000002887","206.45669999998063","86","88","0","","","no-history-change|no-history-change|no-history-change"
"browser","before","128x512","select-fill","3","198.251600000076","201.03570000000764","86","95","0","","","no-history-change|no-history-change|no-history-change"
"browser","before","128x512","select-depth","3","292.593499999959","344.55099999997765","100","100","0","117.10000002384186","132.69999998807907","committed|committed|committed"
"browser","before","128x512","select-delete","3","277.13959999999497","292.77939999999944","97","98","0","","","no-history-change|no-history-change|no-history-change"
"browser","before","128x512","live-water-after-edit","3","631.9851999999955","716.1721000000834","97","98","52","48.30000001192093","53.09999996423721","no-history-change|no-history-change|no-history-change"
"browser","before","512x256","open","3","984.0071000000462","1239.1321000000462","98","99","311","","","not-instrumented|not-instrumented|not-instrumented"
"browser","before","512x256","orbit","3","3159.8619999999646","3175.772400000016","87.5","99","0","","","no-history-change|no-history-change|no-history-change"
"browser","before","512x256","brush-large","3","1273.3087000000523","1320.2184000000125","94","95","83","85.89999997615814","88","no-history-change|no-history-change|no-history-change"
"browser","before","512x256","undo-brush","3","117.63650000002235","118.7455000000773","91","95","0","","","no-history-change|no-history-change|no-history-change"
"browser","before","512x256","redo-brush","3","121.87820000003558","123.84189999999944","91","95","0","","","no-history-change|no-history-change|no-history-change"
"browser","before","512x256","force-carve","3","2345.9435999999987","2400.7902999999933","95","98","78","281.69999998807907","291.5","no-history-change|no-history-change|no-history-change"
"browser","before","512x256","force-craterize","3","962.6824000000488","1036.315900000045","93","96","72","298.19999998807907","357.10000002384186","no-history-change|no-history-change|no-history-change"
"browser","before","512x256","force-quake-slide","3","1672.017899999977","1674.7382000000216","83.5","93","0","273.60000002384186","283.39999997615814","no-history-change|no-history-change|no-history-change"
"browser","before","512x256","force-quake-lift","3","835.6524000000209","863.9160000000848","91","94","0","237.5","243.5","no-history-change|no-history-change|no-history-change"
"browser","before","512x256","force-erupt","3","2071.572899999912","2085.234599999967","92","94","0","412.9000000357628","429.0999999642372","no-history-change|no-history-change|no-history-change"
"browser","before","512x256","force-glaciate","3","2487.946600000025","2522.2902999999933","92","98","0","827.8000000119209","865.9000000357628","no-history-change|no-history-change|no-history-change"
"browser","before","512x256","select-raise","3","257.0864999999758","266.9470000000438","83","84","0","","","no-history-change|no-history-change|no-history-change"
"browser","before","512x256","select-lower","3","211.2324999999255","211.5686000001151","83","84","0","","","no-history-change|no-history-change|no-history-change"
"browser","before","512x256","select-flatten","3","222.33990000002086","248.6111999999266","72","93","0","","","no-history-change|no-history-change|no-history-change"
"browser","before","512x256","select-cut","3","209.83620000001974","212.20020000007935","91","94","0","","","no-history-change|no-history-change|no-history-change"
"browser","before","512x256","select-fill","3","192.31910000008065","205.33900000003632","85","96","0","","","no-history-change|no-history-change|no-history-change"
"browser","before","512x256","select-depth","3","403.9760000000242","513.5472999999765","93","95","57","219.0999999642372","302.0999999642372","committed|committed|committed"
"browser","before","512x256","select-delete","3","341.29180000000633","359.1528999999864","88","90","0","","","no-history-change|no-history-change|no-history-change"
"browser","before","512x256","live-water-after-edit","3","758.6088000000454","818.5262000000803","97","98","102","93.60000002384186","104","no-history-change|no-history-change|no-history-change"
"browser","before","64x512","open","3","649.3511000000872","716.5041999999667","83","89","220","","","not-instrumented|not-instrumented|not-instrumented"
"browser","before","64x512","orbit","3","3152.3101000000024","3153.2752999999793","83","99","0","","","no-history-change|no-history-change|no-history-change"
"browser","before","64x512","brush-large","3","906.109199999948","916.3795000000391","83","90","0","38.09999996423721","39.39999997615814","no-history-change|no-history-change|no-history-change"
"browser","before","64x512","undo-brush","3","120.4431999999797","129.35310000006575","84","96","0","","","no-history-change|no-history-change|no-history-change"
"browser","before","64x512","redo-brush","3","119.38520000001881","122.70100000000093","84","96","0","","","no-history-change|no-history-change|no-history-change"
"browser","before","64x512","force-carve","3","2465.283199999947","2487.69160000002","82","94","0","195.39999997615814","239.39999997615814","committed|committed|committed"
"browser","before","64x512","force-craterize","3","815.8015000000596","818.1335999999428","83","86","0","237","268.89999997615814","committed|committed|committed"
"browser","before","64x512","force-quake-slide","3","1426.3996000000043","1431.8351999999722","75","92","0","122.5","122.69999998807907","no-history-change|no-history-change|no-history-change"
"browser","before","64x512","force-quake-lift","3","675.6201000000583","705.7360999999801","73","92","0","123.30000001192093","162.19999998807907","no-history-change|no-history-change|no-history-change"
"browser","before","64x512","force-erupt","3","1936.4532000001054","1962.421800000011","80","94","0","309.30000001192093","326.80000001192093","committed|committed|committed"
"browser","before","64x512","force-glaciate","3","2240.9636000000173","2241.152000000002","85.5","94","0","332.19999998807907","338.5999999642372","no-history-change|no-history-change|no-history-change"
"browser","before","64x512","select-raise","3","206.1926000000676","211.28519999992568","78","81","0","","","no-history-change|no-history-change|no-history-change"
"browser","before","64x512","select-lower","3","181.23140000004787","184.7691000000341","78","80","0","","","no-history-change|no-history-change|no-history-change"
"browser","before","64x512","select-flatten","3","167.1665000000503","185.1748999999836","64","80","0","","","no-history-change|no-history-change|no-history-change"
"browser","before","64x512","select-cut","3","164.45709999999963","174.51980000000913","85","90","0","","","no-history-change|no-history-change|no-history-change"
"browser","before","64x512","select-fill","3","175.78070000000298","213.72450000001118","85","95","0","","","no-history-change|no-history-change|no-history-change"
"browser","before","64x512","select-depth","3","232.17050000000745","242.2288000000408","84","99","0","62.19999998807907","65.09999996423721","committed|committed|committed"
"browser","before","64x512","select-delete","3","237.4385000000475","240.3882000000449","92","94","0","","","no-history-change|no-history-change|no-history-change"
"browser","before","64x512","live-water-after-edit","3","534.3264000000199","542.1219000000274","86","92","0","28","31.19999998807907","no-history-change|no-history-change|no-history-change"
"browser","before","128x128","open","3","662.0084000000024","1688.3889","87","88","1209","","","not-instrumented|not-instrumented|not-instrumented"
"browser","before","128x128","brush-supported","3","1307.5413000000008","1412.4025999999994","91","95","0","30.899999976158142","33.5","committed|committed|committed"
"browser","before","128x128","undo-supported","3","472.59759999999915","491.33370000000104","80","83","0","11.100000023841858","12","undone|undone|undone"
"browser","before","128x128","redo-supported","3","660.1120999999985","700.2510000000002","80","83","0","12.199999988079071","13","committed|committed|committed"
"browser","before","256x256","open","3","804.8532999999989","862.3834000000061","82","92","234","","","not-instrumented|not-instrumented|not-instrumented"
"browser","before","256x256","brush-supported","3","2192.783199999998","2309.3577000000005","95","98","71","50.200000047683716","52.19999998807907","committed|committed|committed"
"browser","before","256x256","undo-supported","3","523.1215000000011","527.2941999999966","70","87","0","30.100000023841858","33","undone|undone|undone"
"browser","before","256x256","redo-supported","3","815.2366000000038","865.7523999999976","77","96","0","35.19999998807907","36.90000003576279","committed|committed|committed"
"browser","before","512x512","open","3","1271.0267000000022","1440.4698999999964","94","100","450","","","not-instrumented|not-instrumented|not-instrumented"
"browser","before","512x512","brush-supported","3","2809.2321999999986","3195.307400000005","90.5","100","104","54.30000001192093","56.80000001192093","committed|committed|committed"
"browser","before","512x512","undo-supported","3","670.4352000000072","896.4092999999993","93","98","70","52.89999997615814","52.89999997615814","undone|undone|undone"
"browser","before","512x512","redo-supported","3","2289.367100000003","2960.30339999999","93","97","70","49.700000047683716","51.09999996423721","committed|committed|committed"
"browser","before","128x512","open","3","731.0630999999994","777.5798000000068","84","87","217","","","not-instrumented|not-instrumented|not-instrumented"
"browser","before","128x512","brush-supported","3","1682.5630999999994","1784.760300000009","82","96","0","40.69999998807907","43.30000001192093","committed|committed|committed"
"browser","before","128x512","undo-supported","3","521.1371999999974","527.3414000000048","80","84","0","21.599999964237213","22.899999976158142","undone|undone|undone"
"browser","before","128x512","redo-supported","3","1324.2414999999892","1329.1296000000002","89","95","0","24.5","26.5","committed|committed|committed"
"browser","before","512x256","open","3","978.6808999999921","998.8464000000095","93","93","289","","","not-instrumented|not-instrumented|not-instrumented"
"browser","before","512x256","brush-supported","3","2560.0044999999955","2933.001399999979","93","98","84","48.19999998807907","53.09999996423721","committed|committed|committed"
"browser","before","512x256","undo-supported","3","582.3608999999997","616.3730999999971","79","96","0","45.60000002384186","47.60000002384186","undone|undone|undone"
"browser","before","512x256","redo-supported","3","1671.911500000002","1986.418800000014","95","96","0","38.69999998807907","44","committed|committed|committed"
"browser","before","64x512","open","3","665.9060999999929","694.4205999999831","85","94","204","","","not-instrumented|not-instrumented|not-instrumented"
"browser","before","64x512","brush-supported","3","1399.5199999999895","1451.7756999999983","90","99","0","33.5","35.69999998807907","committed|committed|committed"
"browser","before","64x512","undo-supported","3","486.9994000000006","487.0548000000126","74","76","0","12.699999988079071","15.400000035762787","undone|undone|undone"
"browser","before","64x512","redo-supported","3","968.8557999999903","1069.0519000000204","76","87","0","13.800000011920929","14.300000011920929","committed|committed|committed"
"browser","after","128x128","open","3","630.5884000000005","1665.3787999999995","75","91","1213","","","not-instrumented|not-instrumented|not-instrumented"
"browser","after","128x128","brush-supported","3","1334.5080000000016","1384.1391000000003","88","99","0","29.399999976158142","29.69999998807907","committed|committed|committed"
"browser","after","128x128","undo-supported","3","471.1042000000016","489.16030000000137","85","86","0","11.899999976158142","11.900000035762787","undone|undone|undone"
"browser","after","128x128","redo-supported","3","637.2063000000016","656.0153000000009","85","86","0","11","11.800000011920929","committed|committed|committed"
"browser","after","256x256","open","3","740.0374000000011","759.8967000000048","76","82","201","","","not-instrumented|not-instrumented|not-instrumented"
"browser","after","256x256","brush-supported","3","1993.5724999999948","2046.5292000000045","83.5","95","72","53.09999996423721","53.19999998807907","committed|committed|committed"
"browser","after","256x256","undo-supported","3","521.3636000000042","522.9131000000016","83","86","0","32.700000047683716","33.5","undone|undone|undone"
"browser","after","256x256","redo-supported","3","864.1044999999976","997.3747999999978","81","94","0","33.69999998807907","34.90000003576279","committed|committed|committed"
"browser","after","512x512","open","3","1253.5","1273.324999999997","82","83","431","","","not-instrumented|not-instrumented|not-instrumented"
"browser","after","512x512","brush-supported","3","2583.1860000000015","2641.427100000001","87","90","96","51.60000002384186","55.39999997615814","committed|committed|committed"
"browser","after","512x512","undo-supported","3","636.3806999999942","693.4502999999968","66","87","66","47.09999996423721","49","undone|undone|undone"
"browser","after","512x512","redo-supported","3","2240.1240000000107","2302.5060999999987","86","89","72","45.80000001192093","47.69999998807907","committed|committed|committed"
"browser","after","128x512","open","3","705.8540000000066","709.3882000000012","48","61","188","","","not-instrumented|not-instrumented|not-instrumented"
"browser","after","128x512","brush-supported","3","1619.9363000000012","1637.416499999992","71","81","0","37.10000002384186","38.39999997615814","committed|committed|committed"
"browser","after","128x512","undo-supported","3","505.4106999999931","514.0890999999974","53","79","0","20","20.900000035762787","undone|undone|undone"
"browser","after","128x512","redo-supported","3","1161.3340000000026","1172.937300000005","65","79","0","19.80000001192093","19.80000001192093","committed|committed|committed"
"browser","after","512x256","open","3","791.2161999999807","824.5903000000108","47","71","221","","","not-instrumented|not-instrumented|not-instrumented"
"browser","after","512x256","brush-supported","3","1958.2188000000024","2040.128600000011","66.5","82","64","39.80000001192093","40","committed|committed|committed"
"browser","after","512x256","undo-supported","3","550.8347000000067","555.2755999999936","50","65","0","29.099999964237213","31.80000001192093","undone|undone|undone"
"browser","after","512x256","redo-supported","3","1217.3274000000092","1443.1812000000064","68","72","0","31.19999998807907","35.30000001192093","committed|committed|committed"
"browser","after","64x512","open","3","590.0087999999814","601.9078999999911","47","48","151","","","not-instrumented|not-instrumented|not-instrumented"
"browser","after","64x512","brush-supported","3","1251.8845999999903","1257.4358000000066","67","88","0","27.299999952316284","28.100000023841858","committed|committed|committed"
"browser","after","64x512","undo-supported","3","471.31299999999464","473.65300000002026","48","60","0","10.599999964237213","10.900000035762787","undone|undone|undone"
"browser","after","64x512","redo-supported","3","767.7969000000157","772.0023999999976","58","60","0","9.699999988079071","10.199999988079071","committed|committed|committed"
"browser","before","128x128","open","3","557.2028999999984","1340.4022999999997","42","45","931","","","not-instrumented|not-instrumented|not-instrumented"
"browser","before","128x128","save-timber","3","440.64170000000195","462.7431999999999","56","60","0","","","no-history-change|no-history-change|no-history-change"
"browser","before","128x128","save-project","3","168.77560000000085","170.95529999999962","56","60","0","","","no-history-change|no-history-change|no-history-change"
"browser","before","128x128","reopen-project","3","236.78330000000005","242.54230000000098","60","62","84","","","no-history-change|no-history-change|no-history-change"
"browser","before","256x256","open","3","681.6751999999979","699.6450999999979","49","58","177","","","not-instrumented|not-instrumented|not-instrumented"
"browser","before","256x256","save-timber","3","1250.0789000000004","1316.700499999999","63","63","0","","","no-history-change|no-history-change|no-history-change"
"browser","before","256x256","save-project","3","192.96619999999893","194.89739999999802","50","56","0","","","no-history-change|no-history-change|no-history-change"
"browser","before","256x256","reopen-project","3","341.20270000000164","342.6834000000017","48","56","141","","","no-history-change|no-history-change|no-history-change"
"browser","before","512x512","open","3","1116.032699999996","1167.4447","59","66","324","","","not-instrumented|not-instrumented|not-instrumented"
"browser","before","512x512","save-timber","3","2654.239300000001","2859.572","50","74","0","","","no-history-change|no-history-change|no-history-change"
"browser","before","512x512","save-project","3","340.5697999999975","355.59229999998934","64","74","0","","","no-history-change|no-history-change|no-history-change"
"browser","before","512x512","reopen-project","3","642.6605999999956","684.8965000000026","64","80","298","","","no-history-change|no-history-change|no-history-change"
"browser","before","128x512","open","3","670.3711000000039","730.405700000003","53","55","212","","","not-instrumented|not-instrumented|not-instrumented"
"browser","before","128x512","save-timber","3","1788.3936000000103","1809.0941999999923","49","63","0","","","no-history-change|no-history-change|no-history-change"
"browser","before","128x512","save-project","3","216.09409999998752","220.17919999999867","47","59","0","","","no-history-change|no-history-change|no-history-change"
"browser","before","128x512","reopen-project","3","342.36040000000503","349.4679999999935","43","47","144","","","no-history-change|no-history-change|no-history-change"
"browser","before","512x256","open","3","821.0690000000031","871.3591999999917","56","62","226","","","not-instrumented|not-instrumented|not-instrumented"
"browser","before","512x256","save-timber","3","2109.717199999999","2118.9038","44","53","0","","","no-history-change|no-history-change|no-history-change"
"browser","before","512x256","save-project","3","227.7713999999978","235.10059999999066","62","65","0","","","no-history-change|no-history-change|no-history-change"
"browser","before","512x256","reopen-project","3","435.15239999999176","454.4342999999935","62","65","189","","","no-history-change|no-history-change|no-history-change"
"browser","before","64x512","open","3","589.1054000000004","606.4033000000054","56","69","159","","","not-instrumented|not-instrumented|not-instrumented"
"browser","before","64x512","save-timber","3","1205.3919999999925","1206.2532000000065","48","57","0","","","no-history-change|no-history-change|no-history-change"
"browser","before","64x512","save-project","3","195.54349999999977","199.08860000001732","54","57","0","","","no-history-change|no-history-change|no-history-change"
"browser","before","64x512","reopen-project","3","289.32070000001113","290.46940000000177","54","57","120","","","no-history-change|no-history-change|no-history-change"
"browser","after","128x128","open","3","543.4614999999994","1439.8997","66","83","989","","","not-instrumented|not-instrumented|not-instrumented"
"browser","after","128x128","save-timber","3","437.8126000000002","464.6851000000006","66","75","0","","","no-history-change|no-history-change|no-history-change"
"browser","after","128x128","save-project","3","154.82869999999912","158.90729999999894","66","75","0","","","no-history-change|no-history-change|no-history-change"
"browser","after","128x128","reopen-project","3","236.34100000000035","237.10619999999835","66","75","84","","","no-history-change|no-history-change|no-history-change"
"browser","after","256x256","open","3","679.9619999999995","730.7620999999999","56","67","199","","","not-instrumented|not-instrumented|not-instrumented"
"browser","after","256x256","save-timber","3","1285.5275000000038","1306.144699999997","55","69","0","","","no-history-change|no-history-change|no-history-change"
"browser","after","256x256","save-project","3","180.22000000000116","192.3804999999993","55","69","0","","","no-history-change|no-history-change|no-history-change"
"browser","after","256x256","reopen-project","3","346.1856999999982","349.49489999999787","51","68","139","","","no-history-change|no-history-change|no-history-change"
"browser","after","512x512","open","3","1108.5945000000065","1119.9179000000004","67","68","311","","","not-instrumented|not-instrumented|not-instrumented"
"browser","after","512x512","save-timber","3","2859.988200000007","2927.4280999999974","53","87","0","","","no-history-change|no-history-change|no-history-change"
"browser","after","512x512","save-project","3","325.83890000000247","342.39629999999306","48","58","0","","","no-history-change|no-history-change|no-history-change"
"browser","after","512x512","reopen-project","3","634.5688999999984","646.4550000000017","48","58","306","","","no-history-change|no-history-change|no-history-change"
"browser","after","128x512","open","3","708.2240999999922","721.6649000000034","79","91","189","","","not-instrumented|not-instrumented|not-instrumented"
"browser","after","128x512","save-timber","3","1787.2015000000101","1882.2655999999988","56","73","0","","","no-history-change|no-history-change|no-history-change"
"browser","after","128x512","save-project","3","242.3457000000053","242.81639999999607","63","68","0","","","no-history-change|no-history-change|no-history-change"
"browser","after","128x512","reopen-project","3","359.9748999999865","438.61500000000524","63","68","197","","","no-history-change|no-history-change|no-history-change"
"browser","after","512x256","open","3","868.011799999993","905.9275999999954","71","80","247","","","not-instrumented|not-instrumented|not-instrumented"
"browser","after","512x256","save-timber","3","2265.9414000000106","2335.878899999996","73","81","0","","","no-history-change|no-history-change|no-history-change"
"browser","after","512x256","save-project","3","233.99150000000373","234.07530000001134","73","93","0","","","no-history-change|no-history-change|no-history-change"
"browser","after","512x256","reopen-project","3","473.4621000000043","484.1926999999996","66","93","209","","","no-history-change|no-history-change|no-history-change"
"browser","after","64x512","open","3","600.6156000000192","605.6863999999769","60","76","163","","","not-instrumented|not-instrumented|not-instrumented"
"browser","after","64x512","save-timber","3","1278.3142999999982","1280.6863000000012","68","79","0","","","no-history-change|no-history-change|no-history-change"
"browser","after","64x512","save-project","3","193.6658999999927","205.863400000002","68","81","0","","","no-history-change|no-history-change|no-history-change"
"browser","after","64x512","reopen-project","3","297.1792000000132","300.7412000000186","73","81","114","","","no-history-change|no-history-change|no-history-change"
"browser","after","128x128","open","3","702.8870000000024","1731.6481000000003","98","100","1236","","","not-instrumented|not-instrumented|not-instrumented"
"browser","after","128x128","force-carve-aim-stroke","3","3067.9321000000054","3095.298099999999","89","100","0","856.3000000119209","907.5","committed|committed|committed"
"browser","after","128x128","force-craterize-aim-stroke","3","1551.9668999999994","1779.2086","98","100","0","926.6000000238419","1047.300000011921","committed|committed|committed"
"browser","after","128x128","force-erupt-fissure-stroke","3","2956.8362999999954","2968.821499999998","97","100","0","1039.300000011921","1230.800000011921","committed|committed|committed"
"browser","after","128x128","force-glaciate-aim-stroke","3","2919.469299999997","2964.035499999998","94","100","0","887.3999999761581","1003.7999999523163","committed|committed|committed"
"browser","after","128x128","force-quake-slide-stroke","3","2280.6733999999997","2288.5462999999872","95","100","0","790.5999999642372","854","committed|committed|committed"
"browser","after","128x128","force-quake-lift-stroke","3","972.8338999999978","1176.6712000000007","87","100","0","41.69999998807907","59.89999997615814","committed|committed|committed"
"browser","after","128x128","select-delete-everything","3","291.0069000000003","301.66930000000866","93","100","0","","","committed|committed|committed"
"browser","after","128x128","undo-delete-everything","3","485.6793000000034","497.3709999999992","92","98","0","","","undone|undone|undone"
"browser","after","128x128","redo-delete-everything","3","466.0827000000063","466.22290000000066","92","98","0","","","committed|committed|committed"
"browser","after","256x256","open","3","791.8923000000068","915.0334000000003","89","91","239","","","not-instrumented|not-instrumented|not-instrumented"
"browser","after","256x256","force-carve-aim-stroke","3","3166.4909999999945","3333.5695000000123","95","100","0","1051.5","1112.8999999761581","committed|committed|committed"
"browser","after","256x256","force-craterize-aim-stroke","3","1726.5033000000112","1962.6065999999992","98","99","0","959.6000000238419","1115.5","committed|committed|committed"
"browser","after","256x256","force-erupt-fissure-stroke","3","2881.138200000016","2947.626199999999","92.5","98","0","1089","1132.1000000238419","committed|committed|committed"
"browser","after","256x256","force-glaciate-aim-stroke","3","3144.7349000000104","3213.5820999999996","91.5","99","0","1443.8999999761581","1456.3999999761581","committed|committed|committed"
"browser","after","256x256","force-quake-slide-stroke","3","2425.640499999994","2447.69279999999","92","98","0","860","871.8999999761581","committed|committed|committed"
"browser","after","256x256","force-quake-lift-stroke","3","1658.4398999999976","1660.1874000000244","92","100","0","83.79999995231628","92","committed|committed|committed"
"browser","after","256x256","select-delete-everything","3","364.77249999999185","398.25319999997737","80","85","0","","","committed|committed|committed"
"browser","after","256x256","undo-delete-everything","3","488.14929999999003","493.54890000000887","80","85","0","","","undone|undone|undone"
"browser","after","256x256","redo-delete-everything","3","481.4556000000157","494.164300000004","92","94","0","","","committed|committed|committed"
"browser","after","512x512","open","3","1312.321799999976","1365.071399999957","88","90","411","","","not-instrumented|not-instrumented|not-instrumented"
"browser","after","512x512","force-carve-aim-stroke","3","3532.4312999999966","3615.864499999996","91","98","89","1659.800000011921","1805","committed|committed|committed"
"browser","after","512x512","force-craterize-aim-stroke","3","2033.1379000000306","2566.119800000015","75","95","62","1197.5","1485","committed|committed|committed"
"browser","after","512x512","force-erupt-fissure-stroke","3","3357.246600000013","4553.312600000005","71","97","69","1750.5999999642372","2120.699999988079","committed|committed|committed"
"browser","after","512x512","force-glaciate-aim-stroke","3","4622.800700000022","7437.786599999992","70","100","61","2418.800000011921","3263.2999999523163","committed|committed|committed"
"browser","after","512x512","force-quake-slide-stroke","3","3872.907600000035","4527.342399999994","65","97","87","1416.800000011921","1628.5","committed|committed|committed"
"browser","after","512x512","force-quake-lift-stroke","3","2301.5656999999774","3206.2514000000083","58","98","133","231.30000001192093","382.89999997615814","committed|committed|committed"
"browser","after","512x512","select-delete-everything","3","699.9805000000051","919.5804999999818","50","91","90","","","committed|committed|committed"
"browser","after","512x512","undo-delete-everything","3","536.3780999999726","583.9150999999838","45","94","74","","","undone|undone|undone"
"browser","after","512x512","redo-delete-everything","3","603.5235000000102","809.9140999999945","45","94","52","","","committed|committed|committed"
"browser","after","128x512","open","3","683.0016000000178","695.4443999999785","55","59","178","","","not-instrumented|not-instrumented|not-instrumented"
"browser","after","128x512","force-carve-aim-stroke","3","3038.3408000000054","3052.5461999999825","45","71","0","888.5","896.1999999880791","committed|committed|committed"
"browser","after","128x512","force-craterize-aim-stroke","3","1576.8183999999892","1582.3143000000273","46.5","79","0","895.5","901.6999999880791","committed|committed|committed"
"browser","after","128x512","force-erupt-fissure-stroke","3","2758.0439999999944","2790.885499999975","40","60","0","1117.5","1123.2000000476837","committed|committed|committed"
"browser","after","128x512","force-glaciate-aim-stroke","3","2930.2820000000065","2935.0322999999626","45","61","0","1138.0999999642372","1153.300000011921","committed|committed|committed"
"browser","after","128x512","force-quake-slide-stroke","3","2235.396000000008","2252.4784999999683","53.5","73","0","797.8000000119209","816.3999999761581","committed|committed|committed"
"browser","after","128x512","force-quake-lift-stroke","3","1088.4543000000413","1181.6330000000307","50","53","0","60.10000002384186","96.80000001192093","committed|committed|committed"
"browser","after","128x512","select-delete-everything","3","331.03330000001006","342.1797999999835","35","53","0","","","committed|committed|committed"
"browser","after","128x512","undo-delete-everything","3","470.15010000002803","474.04039999999804","39","48","0","","","undone|undone|undone"
"browser","after","128x512","redo-delete-everything","3","473.029899999965","480.9916000000085","39","48","0","","","committed|committed|committed"
"browser","after","512x256","open","3","830.3802000000142","854.6155000000144","44","49","250","","","not-instrumented|not-instrumented|not-instrumented"
"browser","after","512x256","force-carve-aim-stroke","3","3154.9616000000387","3160.363400000031","47","58","51","1068.4000000357628","1116.5","committed|committed|committed"
"browser","after","512x256","force-craterize-aim-stroke","3","1664.8431000000564","1701.281100000022","44","48","0","924.3000000119209","944.8000000119209","committed|committed|committed"
"browser","after","512x256","force-erupt-fissure-stroke","3","3010.559899999993","3065.6324000000022","42","84","0","1232.199999988079","1287.9000000357628","committed|committed|committed"
"browser","after","512x256","force-glaciate-aim-stroke","3","3145.2656000000425","3184.453600000008","50.5","67","0","1521.0999999642372","1541.5999999642372","committed|committed|committed"
"browser","after","512x256","force-quake-slide-stroke","3","2565.3330000000424","2656.4216000000015","49.5","83","50","940.8999999761581","1043.800000011921","committed|committed|committed"
"browser","after","512x256","force-quake-lift-stroke","3","1726.2125999999698","1749.265000000014","68","71","57","110.69999998807907","118.30000001192093","committed|committed|committed"
"browser","after","512x256","select-delete-everything","3","430.62880000000587","432.58009999990463","47","56","0","","","committed|committed|committed"
"browser","after","512x256","undo-delete-everything","3","490.76880000007804","497.4012999999686","45","56","0","","","undone|undone|undone"
"browser","after","512x256","redo-delete-everything","3","518.3042999999598","525.5067999999737","45","47","0","","","committed|committed|committed"
"browser","after","64x512","open","3","606.5712000000058","725.6273999999976","69","98","184","","","not-instrumented|not-instrumented|not-instrumented"
"browser","after","64x512","force-carve-aim-stroke","3","2987.3301999999676","3172.353400000022","61.5","96","0","811.3999999761581","919.2999999523163","committed|committed|committed"
"browser","after","64x512","force-craterize-aim-stroke","3","1428.8675999999978","1613.3011000000406","69","97","0","824.1000000238419","897.6999999880791","committed|committed|committed"
"browser","after","64x512","force-erupt-fissure-stroke","3","2603.5512999999337","2976.053900000057","44","100","0","1029.3999999761581","1251.6000000238419","committed|committed|committed"
"browser","after","64x512","force-glaciate-aim-stroke","3","2878.006300000008","2915.689299999969","62.5","88","0","1002.1999999880791","1124.199999988079","committed|committed|committed"
"browser","after","64x512","force-quake-slide-stroke","3","2082.6665000000503","2295.622800000012","39","100","0","739.6999999880791","847.8000000119209","committed|committed|committed"
"browser","after","64x512","force-quake-lift-stroke","3","942.0448000000324","1098.3852000000188","40","98","0","40","71.40000003576279","committed|committed|committed"
"browser","after","64x512","select-delete-everything","3","289.6986999999499","340.68110000004526","50","96","0","","","committed|committed|committed"
"browser","after","64x512","undo-delete-everything","3","469.8194000000367","475.6172999999253","45","95","0","","","undone|undone|undone"
"browser","after","64x512","redo-delete-everything","3","502.64910000003874","520.5971000000136","45","95","0","","","committed|committed|committed"
"browser","before","128x128","open","3","752.8450000000012","1819.5025999999998","100","100","1269","","","not-instrumented|not-instrumented|not-instrumented"
"browser","before","128x128","force-carve-aim-stroke","3","3104.4884","3226.9061999999976","98","100","0","865.6999999880791","970.9000000357628","committed|committed|committed"
"browser","before","128x128","force-craterize-aim-stroke","3","1565.4352","1968.6520000000019","98","100","0","896.5999999642372","1190.7999999523163","committed|committed|committed"
"browser","before","128x128","force-erupt-fissure-stroke","3","2661.796599999994","2763.3572000000004","96.5","99","0","997.2000000476837","1004","committed|committed|committed"
"browser","before","128x128","force-glaciate-aim-stroke","3","3034.290499999999","3053.2014999999956","97","100","0","1030.6000000238419","1043.5999999642372","committed|committed|committed"
"browser","before","128x128","force-quake-slide-stroke","3","2221.008600000001","2259.0243999999984","99","100","0","787.3000000119209","796.6999999880791","committed|committed|committed"
"browser","before","128x128","force-quake-lift-stroke","3","1026.6274999999987","1215.286500000002","97","97","0","56.30000001192093","74","committed|committed|committed"
"browser","before","128x128","select-delete-everything","3","299.91660000000047","331.7616999999882","98","98","0","","","committed|committed|committed"
"browser","before","128x128","undo-delete-everything","3","483.1012000000046","484.84110000000146","98","98","0","","","undone|undone|undone"
"browser","before","128x128","redo-delete-everything","3","463.0417000000016","491.22050000001036","98","98","0","","","committed|committed|committed"
"browser","before","256x256","open","3","844.3164000000106","903.6526000000013","92","100","279","","","not-instrumented|not-instrumented|not-instrumented"
"browser","before","256x256","force-carve-aim-stroke","3","3217.588000000018","3511.9590000000026","97","100","0","1268.1000000238419","1335.2999999523163","committed|committed|committed"
"browser","before","256x256","force-craterize-aim-stroke","3","1868.6805000000022","1890.8146000000124","100","100","0","965","1005","committed|committed|committed"
"browser","before","256x256","force-erupt-fissure-stroke","3","3076.584899999987","3191.196499999991","100","100","0","1313.7999999523163","1489.699999988079","committed|committed|committed"
"browser","before","256x256","force-glaciate-aim-stroke","3","3124.553199999995","3143.8840000000055","98","100","0","1465.800000011921","1486.8999999761581","committed|committed|committed"
"browser","before","256x256","force-quake-slide-stroke","3","2521.2468999999983","2627.2198999999964","96","98","0","935.8000000119209","989","committed|committed|committed"
"browser","before","256x256","force-quake-lift-stroke","3","1627.923999999999","1728.4616999999853","100","100","0","108.80000001192093","118.80000001192093","committed|committed|committed"
"browser","before","256x256","select-delete-everything","3","377.17459999999846","382.99259999999776","98","100","0","","","committed|committed|committed"
"browser","before","256x256","undo-delete-everything","3","528.3018999999913","544.7523999999976","98","100","0","","","undone|undone|undone"
"browser","before","256x256","redo-delete-everything","3","496.5920000000042","525.7336000000068","100","100","0","","","committed|committed|committed"
"browser","before","512x512","open","3","1432.862999999983","1927.053899999999","97","100","459","","","not-instrumented|not-instrumented|not-instrumented"
"browser","before","512x512","force-carve-aim-stroke","3","3192.1367999999784","3195.684500000003","97","100","143","1998.699999988079","2044.4000000357628","no-history-change|no-history-change|no-history-change"
"browser","before","512x512","force-craterize-aim-stroke","3","1886.2662000000128","1917.6473000000115","93","94","133","1118.5","1121.5999999642372","no-history-change|no-history-change|no-history-change"
"browser","before","512x512","force-erupt-fissure-stroke","3","3674.283999999985","3685.3366999999853","94.5","98","102","1857.699999988079","1946.6000000238419","no-history-change|no-history-change|no-history-change"
"browser","before","512x512","force-glaciate-aim-stroke","3","5406.979099999997","5611.931899999996","93","100","135","2859.699999988079","3041.899999976158","no-history-change|no-history-change|no-history-change"
"browser","before","512x512","force-quake-slide-stroke","3","3969.214900000021","4554.49470000001","89.5","98","139","1378.0999999642372","1468.300000011921","no-history-change|no-history-change|no-history-change"
"browser","before","512x512","force-quake-lift-stroke","3","2005.9429999999993","2184.508899999957","94","97","157","280.39999997615814","458.39999997615814","no-history-change|no-history-change|no-history-change"
"browser","before","512x512","select-delete-everything","3","957.6404000000039","959.8318999999901","98","100","95","","","committed|committed|committed"
"browser","before","512x512","undo-delete-everything","3","567.4933999999776","591.6423000000068","96","100","84","","","undone|undone|undone"
"browser","before","512x512","redo-delete-everything","3","758.4594999999972","864.4588999999978","97","98","52","","","committed|committed|committed"
"browser","before","128x512","open","3","901.2558000000427","953.0094999999856","99","100","283","","","not-instrumented|not-instrumented|not-instrumented"
"browser","before","128x512","force-carve-aim-stroke","3","3221.7271000000183","3243.6184999999823","99","100","75","1489.5","1516","no-history-change|no-history-change|no-history-change"
"browser","before","128x512","force-craterize-aim-stroke","3","1653.0455000000075","1810.5288000000292","99","100","73","976.5999999642372","1035.5","no-history-change|no-history-change|no-history-change"
"browser","before","128x512","force-erupt-fissure-stroke","3","2967.0352999999886","3139.29310000001","96.5","100","0","1276.3999999761581","1578.8999999761581","no-history-change|no-history-change|no-history-change"
"browser","before","128x512","force-glaciate-aim-stroke","3","2929.5690000000177","3017.7895000000135","96.5","99","50","1349.699999988079","1684.300000011921","no-history-change|no-history-change|no-history-change"
"browser","before","128x512","force-quake-slide-stroke","3","2443.034400000004","2532.398600000015","98","100","0","983","1057.699999988079","no-history-change|no-history-change|no-history-change"
"browser","before","128x512","force-quake-lift-stroke","3","1470.482100000023","1562.748200000031","99","99","0","115.30000001192093","119.59999996423721","no-history-change|no-history-change|no-history-change"
"browser","before","128x512","select-delete-everything","3","524.0828000000329","604.2285000000265","95","97","0","","","committed|committed|committed"
"browser","before","128x512","undo-delete-everything","3","492.45919999998296","507.0037000000011","95","98","0","","","undone|undone|undone"
"browser","before","128x512","redo-delete-everything","3","568.4410999999964","572.7919999999576","98","100","0","","","committed|committed|committed"
"browser","before","512x256","open","3","1098.087899999984","1102.7430999999633","97","98","340","","","not-instrumented|not-instrumented|not-instrumented"
"browser","before","512x256","force-carve-aim-stroke","3","3074.306099999987","3130.0937000000267","95","99","95","1270.3999999761581","1273.699999988079","no-history-change|no-history-change|no-history-change"
"browser","before","512x256","force-craterize-aim-stroke","3","1707.1916000000201","1729.2905000000028","92.5","98","121","963.1999999880791","993","no-history-change|no-history-change|no-history-change"
"browser","before","512x256","force-erupt-fissure-stroke","3","3013.6851000000024","3023.581700000039","94","100","77","1306.800000011921","1410.9000000357628","no-history-change|no-history-change|no-history-change"
"browser","before","512x256","force-glaciate-aim-stroke","3","3423.479699999967","3662.96259999997","91","98","71","1968","2074.899999976158","no-history-change|no-history-change|no-history-change"
"browser","before","512x256","force-quake-slide-stroke","3","2772.904900000023","2819.266100000008","96","100","81","1139.800000011921","1175.7999999523163","no-history-change|no-history-change|no-history-change"
"browser","before","512x256","force-quake-lift-stroke","3","1561.2434000000358","1690.7082999999984","94.5","98","82","157.60000002384186","186.4000000357628","no-history-change|no-history-change|no-history-change"
"browser","before","512x256","select-delete-everything","3","699.5844999999972","738.8744999999763","94","97","0","","","committed|committed|committed"
"browser","before","512x256","undo-delete-everything","3","534.2821999999578","578.7282999999588","94","97","55","","","undone|undone|undone"
"browser","before","512x256","redo-delete-everything","3","591.1933999999892","591.225299999991","96","100","0","","","committed|committed|committed"
"browser","before","64x512","open","3","746.5030000000261","791.710299999977","98","99","227","","","not-instrumented|not-instrumented|not-instrumented"
"browser","before","64x512","force-carve-aim-stroke","3","3063.385500000033","3162.116299999994","99","100","0","1050.4000000357628","1062","no-history-change|no-history-change|no-history-change"
"browser","before","64x512","force-craterize-aim-stroke","3","1464.7235000000219","1544.2589999999618","92","97","0","861.6999999880791","1009","no-history-change|no-history-change|no-history-change"
"browser","before","64x512","force-erupt-fissure-stroke","3","2672.630099999951","2728.5724000000046","89","98","0","1057.2000000476837","1121.7999999523163","no-history-change|no-history-change|no-history-change"
"browser","before","64x512","force-glaciate-aim-stroke","3","2877.453899999964","2978.5791999999783","90","98","0","1176","1377.9000000357628","no-history-change|no-history-change|no-history-change"
"browser","before","64x512","force-quake-slide-stroke","3","2135.0740000000224","2515.466199999966","80","100","0","797.2999999523163","1012.3000000119209","no-history-change|no-history-change|no-history-change"
"browser","before","64x512","force-quake-lift-stroke","3","1034.9195000000764","1144.4993999999715","96","97","0","72.89999997615814","93.80000001192093","no-history-change|no-history-change|no-history-change"
"browser","before","64x512","select-delete-everything","3","359.21870000008494","383.34600000001956","88","96","0","","","committed|committed|committed"
"browser","before","64x512","undo-delete-everything","3","492.0210000000661","506.9061999999685","88","92","0","","","undone|undone|undone"
"browser","before","64x512","redo-delete-everything","3","492.3239000000176","519.8499999999767","92","98","0","","","committed|committed|committed"
"node","before","128x128","read-timber","3","170.54729999999995","271.68899999999996","100","100","","","",""
"node","before","128x128","water-settle","3","548.1875","1159.2316","100","100","","","",""
"node","before","128x128","mesh-all","3","10.581800000000044","11.995400000000018","100","100","","","",""
"node","before","128x128","import-session","3","380.07370000000003","489.23889999999983","100","100","","","",""
"node","before","128x128","export-timber","3","164.70510000000013","183.86159999999995","100","100","","","",""
"node","before","128x128","save-project","3","183.3496","403.0156999999999","100","100","","","",""
"node","before","128x128","reopen-project","3","123.61279999999988","188.94370000000026","100","100","","","",""
"node","before","128x128","undo","3","20.156800000000658","21.506799999999203","100","100","","","",""
"node","before","128x128","redo","3","0.1473999999998341","0.16589999999996508","100","100","","","",""
"node","before","128x128","water-resettle","3","550.8158999999978","718.3477999999996","100","100","","","",""
"node","before","128x128","export-edited","3","187.26929999999993","1000.5400999999983","100","100","","","",""
"node","before","128x128","save-edited-project","3","84.35989999999947","214.16949999999997","100","100","","","",""
"node","before","128x128","reopen-edited-project","3","322.47379999999976","691.7544999999991","100","100","","","",""
"node","before","128x128","generate-headless","3","8052.508899999999","14545.954999999998","100","100","","","",""
"node","before","128x512","read-timber","3","93.2029","128.5342","99","100","","","",""
"node","before","128x512","water-settle","3","1260.7701","1332.1189","99","100","","","",""
"node","before","128x512","mesh-all","3","18.467399999999998","19.4387999999999","98","100","","","",""
"node","before","128x512","import-session","3","263.66679999999997","323.4904999999999","98","100","","","",""
"node","before","128x512","export-timber","3","166.0996","192.5757000000001","100","100","","","",""
"node","before","128x512","save-project","3","173.29539999999997","194.63009999999986","100","100","","","",""
"node","before","128x512","reopen-project","3","95.90339999999969","102.59939999999983","100","100","","","",""
"node","before","128x512","undo","3","30.478800000000774","48.869000000006054","100","100","","","",""
"node","before","128x512","redo","3","0.1584000000002561","0.17619999999806168","100","100","","","",""
"node","before","128x512","water-resettle","3","2165.2688999999955","2370.974900000001","100","100","","","",""
"node","before","128x512","export-edited","3","414.13210000000254","448.9105000000054","100","100","","","",""
"node","before","128x512","save-edited-project","3","240.6949999999997","333.6967000000004","100","100","","","",""
"node","before","128x512","reopen-edited-project","3","1946.4657000000007","2535.790799999995","100","100","","","",""
"node","before","128x512","generator-limit","3","0.6831999999994878","1.6731999999974505","100","100","","","","Error: invalid MapSpec: /size/y must be <= 256|Error: invalid MapSpec: /size/y must be <= 256|Error: invalid MapSpec: /size/y must be <= 256"
"node","before","256x256","read-timber","3","122.9759","148.0469","100","100","","","",""
"node","before","256x256","water-settle","3","848.9305000000002","895.3011000000001","100","100","","","",""
"node","before","256x256","mesh-all","3","29.386200000000144","45.93579999999997","100","100","","","",""
"node","before","256x256","import-session","3","395.86030000000005","430.4682","100","100","","","",""
"node","before","256x256","export-timber","3","217.4607000000001","279.4086","100","100","","","",""
"node","before","256x256","save-project","3","128.69860000000017","203.3954000000001","100","100","","","",""
"node","before","256x256","reopen-project","3","118.23880000000008","149.66759999999977","100","100","","","",""
"node","before","256x256","undo","3","43.32519999999931","78.16900000000169","100","100","","","",""
"node","before","256x256","redo","3","0.1566000000020722","1.1013000000020838","100","100","","","",""
"node","before","256x256","water-resettle","3","859.5077000000019","978.5092000000004","100","100","","","",""
"node","before","256x256","export-edited","3","333.31129999999393","354.8542000000016","100","100","","","",""
"node","before","256x256","save-edited-project","3","194.08580000000075","251.636599999998","100","100","","","",""
"node","before","256x256","reopen-edited-project","3","949.2701000000015","1024.8044999999984","100","100","","","",""
"node","before","256x256","generate-headless","3","30838.226100000007","31764.5668","100","100","","","",""
"node","before","512x256","read-timber","3","150.66269999999997","198.775","100","100","","","",""
"node","before","512x256","water-settle","3","1815.7954","2115.6793","99","100","","","",""
"node","before","512x256","mesh-all","3","55.66580000000022","158.71489999999994","98","100","","","",""
"node","before","512x256","import-session","3","477.72119999999995","637.0535","98","100","","","",""
"node","before","512x256","export-timber","3","319.7215000000001","325.6325999999999","98","100","","","",""
"node","before","512x256","save-project","3","191.70919999999978","221.94889999999987","100","100","","","",""
"node","before","512x256","reopen-project","3","238.0574999999999","303.3053","100","100","","","",""
"node","before","512x256","undo","3","50.86130000000412","51.47280000000319","100","100","","","",""
"node","before","512x256","redo","3","0.1452999999964959","0.151400000002468","100","100","","","",""
"node","before","512x256","water-resettle","3","1744.472799999996","2036.636599999998","99.5","100","","","",""
"node","before","512x256","export-edited","3","534.3638999999966","581.3135000000038","99","100","","","",""
"node","before","512x256","save-edited-project","3","262.3545999999915","277.4495999999999","90","98","","","",""
"node","before","512x256","reopen-edited-project","3","1603.0236000000004","2198.577900000004","94","100","","","",""
"node","before","512x256","generator-limit","3","0.6719000000011874","0.6929000000018277","91","100","","","","Error: invalid MapSpec: /size/x must be <= 256|Error: invalid MapSpec: /size/x must be <= 256|Error: invalid MapSpec: /size/x must be <= 256"
"node","before","512x512","read-timber","3","279.6836","549.0131","100","100","","","",""
"node","before","512x512","water-settle","3","1580.0112","1831.7939000000001","100","100","","","",""
"node","before","512x512","mesh-all","3","69.10779999999977","70.65959999999995","100","100","","","",""
"node","before","512x512","import-session","3","745.1642000000002","1038.3520000000003","100","100","","","",""
"node","before","512x512","export-timber","3","713.7536999999998","745.4413000000004","100","100","","","",""
"node","before","512x512","save-project","3","365.1853000000001","414.52769999999964","100","100","","","",""
"node","before","512x512","reopen-project","3","261.26860000000033","390.0073000000002","100","100","","","",""
"node","before","512x512","undo","3","140.14960000000428","145.9899000000005","100","100","","","",""
"node","before","512x512","redo","3","0.145699999993667","0.15459999999438878","100","100","","","",""
"node","before","512x512","water-resettle","3","1883.8248000000021","2309.152099999992","100","100","","","",""
"node","before","512x512","export-edited","3","816.142599999992","955.5687000000034","100","100","","","",""
"node","before","512x512","save-edited-project","3","480.51780000000144","518.3285000000033","100","100","","","",""
"node","before","512x512","reopen-edited-project","3","2213.6592999999993","2348.767199999973","100","100","","","",""
"node","before","512x512","generator-limit","3","0.6919999999954598","1.1923999999999069","99","100","","","","Error: invalid MapSpec: /size/x must be <= 256; /size/y must be <= 256|Error: invalid MapSpec: /size/x must be <= 256; /size/y must be <= 256|Error: invalid MapSpec: /size/x must be <= 256; /size/y must be <= 256"
"node","before","64x512","read-timber","3","55.50489999999999","60.33720000000001","86","100","","","",""
"node","before","64x512","water-settle","3","706.7785","709.7778000000001","99","100","","","",""
"node","before","64x512","mesh-all","3","9.42070000000001","12.864599999999996","95","99","","","",""
"node","before","64x512","import-session","3","134.6132","150.84050000000002","95","99","","","",""
"node","before","64x512","export-timber","3","91.2758","104.78809999999987","95","99","","","",""
"node","before","64x512","save-project","3","86.66100000000006","110.34809999999993","95","99","","","",""
"node","before","64x512","reopen-project","3","65.71910000000003","70.2188000000001","95","99","","","",""
"node","before","64x512","undo","3","14.464599999999336","15.057400000001508","94","98","","","",""
"node","before","64x512","redo","3","0.11070000000108848","0.12930000000051223","94","98","","","",""
"node","before","64x512","water-resettle","3","618.289499999999","769.729800000001","94","98","","","",""
"node","before","64x512","export-edited","3","147.27410000000236","177.66830000000118","67","86","","","",""
"node","before","64x512","save-edited-project","3","96.51820000000043","104.85280000000057","67","86","","","",""
"node","before","64x512","reopen-edited-project","3","512.1700999999994","576.9485999999997","67","86","","","",""
"node","before","64x512","generator-limit","3","0.6232999999992899","0.647000000000844","86","100","","","","Error: invalid MapSpec: /size/y must be <= 256|Error: invalid MapSpec: /size/y must be <= 256|Error: invalid MapSpec: /size/y must be <= 256"
"node","after","128x128","read-timber","3","28.632600000000004","40.3134","55","88","","","",""
"node","after","128x128","water-settle","3","169.9984","187.58829999999998","55","88","","","",""
"node","after","128x128","mesh-all","3","8.129599999999982","8.425100000000015","55","88","","","",""
"node","after","128x128","import-session","3","57.582700000000045","67.98900000000003","55","88","","","",""
"node","after","128x128","export-timber","3","39.797000000000025","45.801199999999994","55","88","","","",""
"node","after","128x128","save-project","3","33.290099999999995","34.822900000000004","55","63","","","",""
"node","after","128x128","reopen-project","3","19.63929999999999","22.045500000000004","55","63","","","",""
"node","after","128x128","undo","3","5.491299999999683","9.420399999999972","75","76","","","",""
"node","after","128x128","redo","3","0.07999999999992724","0.0933999999997468","75","76","","","",""
"node","after","128x128","water-resettle","3","175.26479999999992","175.4257000000007","75","76","","","",""
"node","after","128x128","export-edited","3","100.23459999999977","104.20460000000003","75","76","","","",""
"node","after","128x128","save-edited-project","3","68.9378000000006","71.22760000000017","75","76","","","",""
"node","after","128x128","reopen-edited-project","3","170.1809000000003","173.5581999999995","75","76","","","",""
"node","after","128x128","generate-headless","3","3646.7514999999994","3751.8234","67","93","","","",""
"node","after","128x512","read-timber","3","141.92389999999997","194.94849999999997","100","100","","","",""
"node","after","128x512","water-settle","3","1367.1857","1520.428","100","100","","","",""
"node","after","128x512","mesh-all","3","38.48070000000007","66.56589999999983","100","100","","","",""
"node","after","128x512","import-session","3","380.92809999999963","386.943","100","100","","","",""
"node","after","128x512","export-timber","3","190.5255000000002","193.18309999999974","100","100","","","",""
"node","after","128x512","save-project","3","241.27089999999998","340.68460000000005","100","100","","","",""
"node","after","128x512","reopen-project","3","119.4409999999998","305.90719999999965","100","100","","","",""
"node","after","128x512","undo","3","28.821799999997893","39.02939999999944","100","100","","","",""
"node","after","128x512","redo","3","0.12089999999443535","0.14429999999993015","100","100","","","",""
"node","after","128x512","water-resettle","3","1876.321100000001","1922.1353999999992","100","100","","","",""
"node","after","128x512","export-edited","3","309.7407999999996","364.65000000000146","100","100","","","",""
"node","after","128x512","save-edited-project","3","270.1183999999994","275.7269000000015","100","100","","","",""
"node","after","128x512","reopen-edited-project","3","1729.416600000004","1863.3087000000014","100","100","","","",""
"node","after","128x512","generator-limit","3","0.7250999999960186","1.0083000000013271","100","100","","","","Error: invalid MapSpec: /size/y must be <= 256|Error: invalid MapSpec: /size/y must be <= 256|Error: invalid MapSpec: /size/y must be <= 256"
"node","after","256x256","read-timber","3","77.37550000000002","79.50610000000002","87","93","","","",""
"node","after","256x256","water-settle","3","431.5304","455.19340000000005","87","93","","","",""
"node","after","256x256","mesh-all","3","11.207300000000032","18.49560000000008","69","82","","","",""
"node","after","256x256","import-session","3","138.11699999999996","165.24659999999994","69","82","","","",""
"node","after","256x256","export-timber","3","97.67999999999995","138.04589999999996","69","82","","","",""
"node","after","256x256","save-project","3","74.30409999999995","89.41239999999993","69","82","","","",""
"node","after","256x256","reopen-project","3","57.961599999999976","71.34960000000001","69","82","","","",""
"node","after","256x256","undo","3","17.761600000001636","18.34730000000127","61","97","","","",""
"node","after","256x256","redo","3","0.10540000000037253","0.12099999999918509","61","97","","","",""
"node","after","256x256","water-resettle","3","546.9238000000005","565.9603999999999","61","97","","","",""
"node","after","256x256","export-edited","3","196.14619999999923","242.43219999999928","68","97","","","",""
"node","after","256x256","save-edited-project","3","153.6264999999985","155.4399999999987","68","97","","","",""
"node","after","256x256","reopen-edited-project","3","565.8335000000006","811.2444999999971","68","97","","","",""
"node","after","256x256","generate-headless","3","18899.1777","20399.105299999996","69","99","","","",""
"node","after","512x256","read-timber","3","167.0387","171.4224","99","100","","","",""
"node","after","512x256","water-settle","3","1886.2799000000002","2174.6676","99.5","100","","","",""
"node","after","512x256","mesh-all","3","37.916099999999915","154.61590000000024","100","100","","","",""
"node","after","512x256","import-session","3","530.9571000000001","566.6259","100","100","","","",""
"node","after","512x256","export-timber","3","324.6799000000001","325.87699999999995","100","100","","","",""
"node","after","512x256","save-project","3","273.43039999999974","273.6214","100","100","","","",""
"node","after","512x256","reopen-project","3","226.46590000000015","269.54399999999987","100","100","","","",""
"node","after","512x256","undo","3","73.13230000000476","81.60780000000523","100","100","","","",""
"node","after","512x256","redo","3","0.1139000000039232","0.1543999999994412","100","100","","","",""
"node","after","512x256","water-resettle","3","2072.7102000000014","2285.8364999999976","100","100","","","",""
"node","after","512x256","export-edited","3","546.7577000000019","817.169900000008","100","100","","","",""
"node","after","512x256","save-edited-project","3","273.40160000001197","282.47000000000116","100","100","","","",""
"node","after","512x256","reopen-edited-project","3","2086.0810000000056","2422.548999999999","100","100","","","",""
"node","after","512x256","generator-limit","3","0.6119000000035157","3.826500000002852","99","100","","","","Error: invalid MapSpec: /size/x must be <= 256|Error: invalid MapSpec: /size/x must be <= 256|Error: invalid MapSpec: /size/x must be <= 256"
"node","after","512x512","read-timber","3","219.93289999999996","405.9538","90","100","","","",""
"node","after","512x512","water-settle","3","1279.0361","1645.2449000000001","93","100","","","",""
"node","after","512x512","mesh-all","3","55.29410000000007","55.53530000000001","93","100","","","",""
"node","after","512x512","import-session","3","651.2124999999999","936.6637999999998","93","100","","","",""
"node","after","512x512","export-timber","3","605.2394999999997","869.8517000000002","92","100","","","",""
"node","after","512x512","save-project","3","321.3172999999997","393.27459999999974","92","100","","","",""
"node","after","512x512","reopen-project","3","318.42689999999993","329.6939000000002","92","100","","","",""
"node","after","512x512","undo","3","118.77509999999893","123.99730000001728","100","100","","","",""
"node","after","512x512","redo","3","0.11750000002211891","0.14470000000437722","100","100","","","",""
"node","after","512x512","water-resettle","3","1932.7075999999943","2010.4137000000046","100","100","","","",""
"node","after","512x512","export-edited","3","875.05799999999","958.9728999999934","100","100","","","",""
"node","after","512x512","save-edited-project","3","607.6942999999737","641.5476000000053","100","100","","","",""
"node","after","512x512","reopen-edited-project","3","2648.793000000005","2774.5424000000057","100","100","","","",""
"node","after","512x512","generator-limit","3","0.625","0.639500000004773","98","100","","","","Error: invalid MapSpec: /size/x must be <= 256; /size/y must be <= 256|Error: invalid MapSpec: /size/x must be <= 256; /size/y must be <= 256|Error: invalid MapSpec: /size/x must be <= 256; /size/y must be <= 256"
"node","after","64x512","read-timber","3","75.2101","90.71109999999999","100","100","","","",""
"node","after","64x512","water-settle","3","937.3058999999998","1039.9819","100","100","","","",""
"node","after","64x512","mesh-all","3","20.831899999999905","114.52999999999997","100","100","","","",""
"node","after","64x512","import-session","3","153.17090000000007","211.2820999999999","100","100","","","",""
"node","after","64x512","export-timber","3","122.39460000000008","154.33540000000016","100","100","","","",""
"node","after","64x512","save-project","3","85.83469999999988","180.2301","100","100","","","",""
"node","after","64x512","reopen-project","3","63.19420000000014","164.09539999999993","100","100","","","",""
"node","after","64x512","undo","3","18.877000000000407","32.36139999999796","100","100","","","",""
"node","after","64x512","redo","3","0.09969999999884749","0.10029999999824213","100","100","","","",""
"node","after","64x512","water-resettle","3","782.4555","825.1032999999989","100","100","","","",""
"node","after","64x512","export-edited","3","213.73619999999937","277.61859999999797","100","100","","","",""
"node","after","64x512","save-edited-project","3","140.6147000000019","141.90730000000258","100","100","","","",""
"node","after","64x512","reopen-edited-project","3","728.0233000000007","802.4334999999992","100","100","","","",""
"node","after","64x512","generator-limit","3","0.6506999999983236","0.8924000000006345","100","100","","","","Error: invalid MapSpec: /size/y must be <= 256|Error: invalid MapSpec: /size/y must be <= 256|Error: invalid MapSpec: /size/y must be <= 256"
