scope,size,engine,action,repeat,depth,target,ms,cpu_median,cpu_worst,minimum_available_MiB,load_samples,nearest_sample
browser,256,chromium,open,1,,,1257.2,100,100,23142.211,1,false
browser,256,chromium,first-edit,1,,,934,100,100,23142.211,1,true
browser,256,chromium,seek,1,,2047,16.7,100,100,22975.984,1,true
browser,256,chromium,seek,1,,2016,484.3,100,100,22975.984,1,true
browser,256,chromium,seek,1,,1948,936,100,100,23460.828,1,false
browser,256,chromium,seek,1,,2048,767.9,100,100,23460.828,1,true
browser,256,chromium,save,1,,,1735.1,100,100,23311.219,1,false
browser,256,chromium,saved-file-open,1,,,1302,100,100,23200.191,1,false
browser,256,chromium,undo,1,1,,23.5,100,100,23274.879,1,true
browser,256,chromium,redo,1,1,,12.4,100,100,23274.879,1,true
browser,256,chromium,undo,1,32,,0.2,100,100,22971.027,1,true
browser,256,chromium,redo,1,32,,0,100,100,22971.027,1,true
browser,256,chromium,undo,1,100,,0.4,100,100,23733.527,1,true
browser,256,chromium,redo,1,100,,0.1,100,100,23733.527,1,true
browser,256,chromium,open,2,,,1201.5,100,100,23733.527,1,true
browser,256,chromium,first-edit,2,,,1031.2,100,100,23447.168,1,true
browser,256,chromium,seek,2,,2047,21.5,100,100,23380.508,1,true
browser,256,chromium,seek,2,,2016,499.9,100,100,23380.508,1,true
browser,256,chromium,seek,2,,1948,949.5,100,100,23415.043,1,false
browser,256,chromium,seek,2,,2048,651.7,100,100,23415.043,1,true
browser,256,chromium,save,2,,,1811.7,100,100,23379.328,1,false
browser,256,chromium,saved-file-open,2,,,1288.4,100,100,23193.715,1,false
browser,256,chromium,undo,2,1,,34.9,100,100,23095.465,1,false
browser,256,chromium,redo,2,1,,13.7,100,100,23095.465,1,true
browser,256,chromium,undo,2,32,,0.3,100,100,23239.152,1,true
browser,256,chromium,redo,2,32,,0.1,100,100,23239.152,1,true
browser,256,chromium,undo,2,100,,0.5,100,100,23144.371,1,true
browser,256,chromium,redo,2,100,,0.1,100,100,23144.371,1,true
browser,256,chromium,open,3,,,1186.3,100,100,23554.082,1,false
browser,256,chromium,first-edit,3,,,1018.8,100,100,23554.082,1,true
browser,256,chromium,seek,3,,2047,21,100,100,23467.156,1,true
browser,256,chromium,seek,3,,2016,509,100,100,23467.156,1,true
browser,256,chromium,seek,3,,1948,999.6,100,100,23467.156,1,true
browser,256,chromium,seek,3,,2048,609.9,100,100,23657.551,1,true
browser,256,chromium,save,3,,,1690.1,100,100,23657.551,1,true
browser,256,chromium,saved-file-open,3,,,1419.6,100,100,23354.465,1,false
browser,256,chromium,undo,3,1,,31.9,100,100,23526.574,1,true
browser,256,chromium,redo,3,1,,18.9,100,100,23526.574,1,true
browser,256,chromium,undo,3,32,,0.4,100,100,23526.574,1,true
browser,256,chromium,redo,3,32,,0.1,100,100,23526.574,1,true
browser,256,chromium,undo,3,100,,0.4,100,100,24071.273,1,true
browser,256,chromium,redo,3,100,,0.1,100,100,24071.273,1,true
browser,256,chromium,open-plus-first-edit,1,,,2191.2,100,100,23142.211,1,false
browser,256,chromium,open-plus-first-edit,2,,,2232.7,100,100,23447.168,1,false
browser,256,chromium,open-plus-first-edit,3,,,2205.1,100,100,23554.082,1,false
browser,256,chromium,undo-to-depth,1,1,,16.7,100,100,22975.984,1,true
browser,256,chromium,undo-to-depth,1,32,,501,100,100,22975.984,1,true
browser,256,chromium,undo-to-depth,1,100,,1437,100,100,23460.828,1,false
browser,256,chromium,undo-to-depth,2,1,,21.5,100,100,23380.508,1,true
browser,256,chromium,undo-to-depth,2,32,,521.4,100,100,23380.508,1,true
browser,256,chromium,undo-to-depth,2,100,,1470.9,100,100,23415.043,1,false
browser,256,chromium,undo-to-depth,3,1,,21,100,100,23467.156,1,true
browser,256,chromium,undo-to-depth,3,32,,530,100,100,23467.156,1,true
browser,256,chromium,undo-to-depth,3,100,,1529.6,100,100,23467.156,1,false
browser,512,chromium,open,1,,,4499.5,100,100,24818.285,5,false
browser,512,chromium,first-edit,1,,,3746.5,99.5,100,24534.371,4,false
browser,512,chromium,seek,1,,2047,81.8,99,99,25165.387,1,true
browser,512,chromium,seek,1,,2016,2950.7,98.5,100,24568.203,2,false
browser,512,chromium,seek,1,,1948,4425.8,95,99,25483.816,3,false
browser,512,chromium,seek,1,,2048,8090.5,98,100,25566.637,5,false
browser,512,chromium,save,1,,,4880,97.5,100,26372.484,4,false
browser,512,chromium,saved-file-open,1,,,4089.9,99,100,26330.254,2,false
browser,512,chromium,undo,1,1,,91.2,92,92,26065.535,1,true
browser,512,chromium,redo,1,1,,72.5,92,92,26065.535,1,true
browser,512,chromium,undo,1,32,,0.9,100,100,27463.668,1,true
browser,512,chromium,redo,1,32,,0.3,100,100,27463.668,1,true
browser,512,chromium,undo,1,100,,0.4,95,95,27186.52,1,true
browser,512,chromium,redo,1,100,,0.1,83,83,28135.492,1,true
browser,512,chromium,open,2,,,3282.7,83,96,27359.816,3,false
browser,512,chromium,first-edit,2,,,2874.2,86.5,89,26816.023,2,false
browser,512,chromium,seek,2,,2047,59.9,98,98,26717.094,1,true
browser,512,chromium,seek,2,,2016,1996.7,84,84,26930.637,1,false
browser,512,chromium,seek,2,,1948,3647.2,93,98,26940.844,2,false
browser,512,chromium,seek,2,,2048,5966.5,92.5,94,26703.969,4,false
browser,512,chromium,save,2,,,4446,97,97,26887.004,3,false
browser,512,chromium,saved-file-open,2,,,3758,92.5,94,26469.117,2,false
browser,512,chromium,undo,2,1,,64.9,97,97,26594.535,1,true
browser,512,chromium,redo,2,1,,62.1,97,97,26594.535,1,true
browser,512,chromium,undo,2,32,,0.7,91,91,26830.32,1,true
browser,512,chromium,redo,2,32,,0.2,91,91,26830.32,1,true
browser,512,chromium,undo,2,100,,0.4,96,96,27699.891,1,true
browser,512,chromium,redo,2,100,,0.1,96,96,27699.891,1,true
browser,512,chromium,open,3,,,3877.7,96.5,100,27373.605,2,false
browser,512,chromium,first-edit,3,,,2900.2,90,92,26882.781,2,false
browser,512,chromium,seek,3,,2047,57.6,90,90,27173.465,1,true
browser,512,chromium,seek,3,,2016,1866,86,90,27173.465,2,false
browser,512,chromium,seek,3,,1948,3618.7,91.5,100,27086.215,2,false
browser,512,chromium,seek,3,,2048,6287.1,94,99,26515.414,5,false
browser,512,chromium,save,3,,,4722.3,100,100,26932.715,3,false
browser,512,chromium,saved-file-open,3,,,3896.7,97,98,26704.105,3,false
browser,512,chromium,undo,3,1,,78,96,96,26362.457,1,true
browser,512,chromium,redo,3,1,,66,92,92,26408.016,1,true
browser,512,chromium,undo,3,32,,1,99,99,26225.645,1,true
browser,512,chromium,redo,3,32,,0.1,99,99,26225.645,1,true
browser,512,chromium,undo,3,100,,0.4,92,92,25749.18,1,true
browser,512,chromium,redo,3,100,,0.2,92,92,25749.18,1,true
browser,512,chromium,open-plus-first-edit,1,,,8246,100,100,24534.371,11,false
browser,512,chromium,open-plus-first-edit,2,,,6156.9,84,96,26816.023,5,false
browser,512,chromium,open-plus-first-edit,3,,,6777.9,93,100,26882.781,5,false
browser,512,chromium,undo-to-depth,1,1,,81.8,99,99,25165.387,1,true
browser,512,chromium,undo-to-depth,1,32,,3032.5,98.5,100,24568.203,2,false
browser,512,chromium,undo-to-depth,1,100,,7458.3,97,100,24568.203,5,false
browser,512,chromium,undo-to-depth,2,1,,59.9,98,98,26717.094,1,true
browser,512,chromium,undo-to-depth,2,32,,2056.6,84,84,26930.637,1,false
browser,512,chromium,undo-to-depth,2,100,,5703.8,87.5,98,26930.637,4,false
browser,512,chromium,undo-to-depth,3,1,,57.6,90,90,27173.465,1,true
browser,512,chromium,undo-to-depth,3,32,,1923.6,86,90,27173.465,2,false
browser,512,chromium,undo-to-depth,3,100,,5542.3,86.5,100,27086.215,4,false
browser,256,firefox,open,1,,,2239,100,100,23739.547,1,false
browser,256,firefox,first-edit,1,,,1847,100,100,23459.445,1,false
browser,256,firefox,seek,1,,2047,49,100,100,23275.34,1,true
browser,256,firefox,seek,1,,2016,831,100,100,23275.34,1,true
browser,256,firefox,seek,1,,1948,2005,100,100,23294.457,1,false
browser,256,firefox,seek,1,,2048,1785,100,100,23120.484,2,false
browser,256,firefox,save,1,,,1762,100,100,23058.137,1,false
browser,256,firefox,saved-file-open,1,,,2048,100,100,23496.32,1,false
browser,256,firefox,undo,1,1,,30,100,100,23681.926,1,true
browser,256,firefox,redo,1,1,,22,100,100,23681.926,1,true
browser,256,firefox,undo,1,32,,0,100,100,23608.582,1,true
browser,256,firefox,redo,1,32,,0,100,100,23608.582,1,true
browser,256,firefox,undo,1,100,,0,100,100,23682.91,1,true
browser,256,firefox,redo,1,100,,1,100,100,23682.91,1,true
browser,256,firefox,open,2,,,1687,100,100,23797.125,1,false
browser,256,firefox,first-edit,2,,,1658,100,100,23752.723,1,false
browser,256,firefox,seek,2,,2047,36,100,100,23670.301,1,true
browser,256,firefox,seek,2,,2016,828,100,100,23670.301,1,true
browser,256,firefox,seek,2,,1948,1726,100,100,26066.5,1,false
browser,256,firefox,seek,2,,2048,975,100,100,25559.992,1,false
browser,256,firefox,save,2,,,3509,100,100,24728.355,3,false
browser,256,firefox,saved-file-open,2,,,2452,100,100,25407.445,1,false
browser,256,firefox,undo,2,1,,37,100,100,25374.234,1,true
browser,256,firefox,redo,2,1,,26,100,100,25374.234,1,true
browser,256,firefox,undo,2,32,,2,100,100,25410.629,1,true
browser,256,firefox,redo,2,32,,1,100,100,25410.629,1,true
browser,256,firefox,undo,2,100,,0,100,100,25198.289,1,true
browser,256,firefox,redo,2,100,,0,100,100,25198.289,1,true
browser,256,firefox,open,3,,,1831,100,100,25470.195,1,false
browser,256,firefox,first-edit,3,,,1736,100,100,25063.738,1,false
browser,256,firefox,seek,3,,2047,31,99,99,25445.734,1,true
browser,256,firefox,seek,3,,2016,747,99,99,25445.734,1,true
browser,256,firefox,seek,3,,1948,1813,100,100,25823.297,2,false
browser,256,firefox,seek,3,,2048,1144,100,100,25823.297,1,true
browser,256,firefox,save,3,,,2116,100,100,25516.332,3,false
browser,256,firefox,saved-file-open,3,,,1690,100,100,24916.242,2,false
browser,256,firefox,undo,3,1,,36,100,100,24913.758,1,true
browser,256,firefox,redo,3,1,,34,100,100,24913.758,1,true
browser,256,firefox,undo,3,32,,0,100,100,24546.199,1,true
browser,256,firefox,redo,3,32,,0,100,100,24611.969,1,true
browser,256,firefox,undo,3,100,,2,100,100,24793.609,1,true
browser,256,firefox,redo,3,100,,0,100,100,24793.609,1,true
browser,256,firefox,open-plus-first-edit,1,,,4086,100,100,23459.445,2,false
browser,256,firefox,open-plus-first-edit,2,,,3345,100,100,23752.723,2,false
browser,256,firefox,open-plus-first-edit,3,,,3567,100,100,25029.254,3,false
browser,256,firefox,undo-to-depth,1,1,,49,100,100,23275.34,1,true
browser,256,firefox,undo-to-depth,1,32,,880,100,100,23275.34,1,true
browser,256,firefox,undo-to-depth,1,100,,2885,100,100,23294.457,1,false
browser,256,firefox,undo-to-depth,2,1,,36,100,100,23670.301,1,true
browser,256,firefox,undo-to-depth,2,32,,864,100,100,23670.301,1,true
browser,256,firefox,undo-to-depth,2,100,,2590,100,100,26066.5,1,false
browser,256,firefox,undo-to-depth,3,1,,31,99,99,25445.734,1,true
browser,256,firefox,undo-to-depth,3,32,,778,99,99,25445.734,1,true
browser,256,firefox,undo-to-depth,3,100,,2591,100,100,25823.297,2,false
browser,512,firefox,open,1,,,6377,99,100,26331.648,5,false
browser,512,firefox,first-edit,1,,,4186,86,99,26267.305,3,false
browser,512,firefox,seek,1,,2047,113,91,91,26839.09,1,true
browser,512,firefox,seek,1,,2016,3541,91,95,26186.98,3,false
browser,512,firefox,seek,1,,1948,6990,89,98,26569.504,5,false
browser,512,firefox,seek,1,,2048,12807,98,100,25071.094,8,false
browser,512,firefox,save,1,,,7025,100,100,25254.063,4,false
browser,512,firefox,saved-file-open,1,,,7496,100,100,24745.355,5,false
browser,512,firefox,undo,1,1,,102,99,99,25504.762,1,true
browser,512,firefox,redo,1,1,,112,99,99,25504.762,1,true
browser,512,firefox,undo,1,32,,1,96,96,25430.594,1,true
browser,512,firefox,redo,1,32,,0,96,96,25430.594,1,true
browser,512,firefox,undo,1,100,,0,96,96,24983.746,1,true
browser,512,firefox,redo,1,100,,0,96,96,24983.746,1,true
browser,512,firefox,open,2,,,6940,100,100,25531.824,5,false
browser,512,firefox,first-edit,2,,,7124,100,100,25264.73,4,false
browser,512,firefox,seek,2,,2047,124,100,100,25259.355,1,true
browser,512,firefox,seek,2,,2016,4174,100,100,24992.91,3,false
browser,512,firefox,seek,2,,1948,7708,100,100,25143.539,5,false
browser,512,firefox,seek,2,,2048,13267,100,100,24854.559,8,false
browser,512,firefox,save,2,,,5666,99.5,100,24847.297,4,false
browser,512,firefox,saved-file-open,2,,,7291,100,100,24688.734,5,false
browser,512,firefox,undo,2,1,,123,100,100,24625.77,1,true
browser,512,firefox,redo,2,1,,111,100,100,25024.137,1,true
browser,512,firefox,undo,2,32,,0,100,100,25219.383,1,true
browser,512,firefox,redo,2,32,,0,100,100,25219.383,1,true
browser,512,firefox,undo,2,100,,1,100,100,24468.266,1,true
browser,512,firefox,redo,2,100,,0,100,100,24468.266,1,true
browser,512,firefox,open,3,,,7264,100,100,24131.473,5,false
browser,512,firefox,first-edit,3,,,8297,100,100,23419.184,5,false
browser,512,firefox,seek,3,,2047,187,100,100,23572.883,1,true
browser,512,firefox,seek,3,,2016,4426,100,100,23319.867,2,false
browser,512,firefox,seek,3,,1948,9356,100,100,23423.457,5,false
browser,512,firefox,seek,3,,2048,15594,100,100,23066.813,9,false
browser,512,firefox,save,3,,,5669,100,100,23282.77,3,false
browser,512,firefox,saved-file-open,3,,,7742,100,100,23071.352,5,false
browser,512,firefox,undo,3,1,,109,75,75,27359.891,1,true
browser,512,firefox,redo,3,1,,67,89,89,27184.77,1,true
browser,512,firefox,undo,3,32,,0,76,76,26722.293,1,true
browser,512,firefox,redo,3,32,,1,76,76,26722.293,1,true
browser,512,firefox,undo,3,100,,0,73,73,27354.891,1,true
browser,512,firefox,redo,3,100,,0,73,73,27354.891,1,true
browser,512,firefox,open-plus-first-edit,1,,,10563,98,100,26267.305,8,false
browser,512,firefox,open-plus-first-edit,2,,,14064,100,100,25264.73,10,false
browser,512,firefox,open-plus-first-edit,3,,,15561,100,100,23419.184,10,false
browser,512,firefox,undo-to-depth,1,1,,113,91,91,26839.09,1,true
browser,512,firefox,undo-to-depth,1,32,,3654,91,95,26186.98,3,false
browser,512,firefox,undo-to-depth,1,100,,10644,89,98,26186.98,8,false
browser,512,firefox,undo-to-depth,2,1,,124,100,100,25259.355,1,true
browser,512,firefox,undo-to-depth,2,32,,4298,100,100,24992.91,3,false
browser,512,firefox,undo-to-depth,2,100,,12006,100,100,24992.91,8,false
browser,512,firefox,undo-to-depth,3,1,,187,100,100,23572.883,1,true
browser,512,firefox,undo-to-depth,3,32,,4613,100,100,23319.867,2,false
browser,512,firefox,undo-to-depth,3,100,,13969,100,100,23319.867,8,false
browser,256,webkit,open,1,,,3329,100,100,23507.441,3,false
browser,256,webkit,first-edit,1,,,2701,100,100,23475.953,2,false
browser,256,webkit,seek,1,,2047,56,100,100,23629.301,1,true
browser,256,webkit,seek,1,,2016,649,100,100,23629.301,1,false
browser,256,webkit,seek,1,,1948,1286,100,100,23109.25,2,false
browser,256,webkit,seek,1,,2048,1103,100,100,22976.555,1,false
browser,256,webkit,save,1,,,6137,100,100,23017.668,7,false
browser,256,webkit,saved-file-open,1,,,4659,100,100,23028.512,6,false
browser,256,webkit,undo,1,1,,42,100,100,25019.543,1,true
browser,256,webkit,redo,1,1,,30,100,100,25019.543,1,true
browser,256,webkit,undo,1,32,,1,100,100,25328.355,1,true
browser,256,webkit,redo,1,32,,0,100,100,25328.355,1,true
browser,256,webkit,undo,1,100,,0,100,100,23630.059,1,true
browser,256,webkit,redo,1,100,,0,100,100,23630.059,1,true
browser,256,webkit,open,2,,,2936,100,100,26074.91,2,false
browser,256,webkit,first-edit,2,,,2235,99.5,100,25148.887,2,false
browser,256,webkit,seek,2,,2047,84,100,100,24863.758,1,true
browser,256,webkit,seek,2,,2016,1007,100,100,24355.816,1,false
browser,256,webkit,seek,2,,1948,1685,100,100,24123.824,1,false
browser,256,webkit,seek,2,,2048,982,100,100,24123.824,1,true
browser,256,webkit,save,2,,,5525,100,100,23914.566,3,false
browser,256,webkit,saved-file-open,2,,,4140,100,100,23787.516,3,false
browser,256,webkit,undo,2,1,,76,100,100,23721.695,1,true
browser,256,webkit,redo,2,1,,53,100,100,23581.336,1,true
browser,256,webkit,undo,2,32,,1,100,100,22525.484,1,true
browser,256,webkit,redo,2,32,,1,100,100,22525.484,1,true
browser,256,webkit,undo,2,100,,1,100,100,25157.188,1,true
browser,256,webkit,redo,2,100,,9,100,100,25157.188,1,true
browser,256,webkit,open,3,,,3511,100,100,24598.438,2,false
browser,256,webkit,first-edit,3,,,2665,100,100,23527.332,1,false
browser,256,webkit,seek,3,,2047,73,100,100,23687.336,1,true
browser,256,webkit,seek,3,,2016,1041,100,100,23687.336,1,false
browser,256,webkit,seek,3,,1948,2461,100,100,22939.668,1,false
browser,256,webkit,seek,3,,2048,1517,100,100,22970.809,1,false
browser,256,webkit,save,3,,,10407,100,100,22979.859,6,false
browser,256,webkit,saved-file-open,3,,,10658,100,100,22609.754,6,false
browser,256,webkit,undo,3,1,,91,100,100,22003.027,1,true
browser,256,webkit,redo,3,1,,68,100,100,22003.027,1,true
browser,256,webkit,undo,3,32,,0,100,100,21931.27,1,true
browser,256,webkit,redo,3,32,,0,100,100,21931.27,1,true
browser,256,webkit,undo,3,100,,0,100,100,20887.242,1,true
browser,256,webkit,redo,3,100,,0,100,100,20887.242,1,true
browser,256,webkit,open-plus-first-edit,1,,,6030,100,100,23475.953,7,false
browser,256,webkit,open-plus-first-edit,2,,,5171,100,100,25148.887,4,false
browser,256,webkit,open-plus-first-edit,3,,,6176,100,100,23527.332,4,false
browser,256,webkit,undo-to-depth,1,1,,56,100,100,23629.301,1,true
browser,256,webkit,undo-to-depth,1,32,,705,100,100,23629.301,1,false
browser,256,webkit,undo-to-depth,1,100,,1991,100,100,23109.25,3,false
browser,256,webkit,undo-to-depth,2,1,,84,100,100,24863.758,1,true
browser,256,webkit,undo-to-depth,2,32,,1091,100,100,24355.816,1,false
browser,256,webkit,undo-to-depth,2,100,,2776,100,100,24123.824,2,false
browser,256,webkit,undo-to-depth,3,1,,73,100,100,23687.336,1,true
browser,256,webkit,undo-to-depth,3,32,,1114,100,100,23687.336,1,false
browser,256,webkit,undo-to-depth,3,100,,3575,100,100,22939.668,2,false
browser,512,webkit,open,1,,,5408,90,96,26726.215,4,false
browser,512,webkit,first-edit,1,,,3083,87.5,93,25281.293,2,false
browser,512,webkit,seek,1,,2047,86,80,80,25476.246,1,true
browser,512,webkit,seek,1,,2016,2541,79.5,80,25093.219,2,false
browser,512,webkit,seek,1,,1948,4731,84.5,91,25114.906,4,false
browser,512,webkit,seek,1,,2048,8125,91.5,97,24143.434,6,false
browser,512,webkit,save,1,,,6465,82,90,24456.727,5,false
browser,512,webkit,saved-file-open,1,,,7544,93,98,24585.676,5,false
browser,512,webkit,undo,1,1,,83,77,77,23649.465,1,true
browser,512,webkit,redo,1,1,,124,77,77,23649.465,1,true
browser,512,webkit,undo,1,32,,1,100,100,21312.117,1,true
browser,512,webkit,redo,1,32,,0,100,100,21312.117,1,true
browser,512,webkit,undo,1,100,,0,97,97,21239.734,1,true
browser,512,webkit,redo,1,100,,0,97,97,21239.734,1,true
browser,512,webkit,open,2,,,6184,98.5,100,25796.867,10,false
browser,512,webkit,first-edit,2,,,3534,93.5,99,24314.891,6,false
browser,512,webkit,seek,2,,2047,111,89,89,23677.426,1,true
browser,512,webkit,seek,2,,2016,2702,92.5,97,23360.219,4,false
browser,512,webkit,seek,2,,1948,5277,95,100,22518.133,7,false
browser,512,webkit,seek,2,,2048,9044,92,97,21484.891,13,false
browser,512,webkit,save,2,,,7409,91,99,22172.984,10,false
browser,512,webkit,saved-file-open,2,,,8746,95.5,100,23358.32,12,false
browser,512,webkit,undo,2,1,,103,76,76,24328.078,1,true
browser,512,webkit,redo,2,1,,116,76,76,24328.078,1,true
browser,512,webkit,undo,2,32,,0,88,88,22103.344,1,true
browser,512,webkit,redo,2,32,,0,88,88,22103.344,1,true
browser,512,webkit,undo,2,100,,0,100,100,26357.754,1,true
browser,512,webkit,redo,2,100,,0,100,100,26357.754,1,true
browser,512,webkit,open,3,,,5822,94.5,100,26051.008,8,false
browser,512,webkit,first-edit,3,,,4453,100,100,24260.797,5,false
browser,512,webkit,seek,3,,2047,130,100,100,24712.922,1,true
browser,512,webkit,seek,3,,2016,3614,100,100,23779.832,4,false
browser,512,webkit,seek,3,,1948,8435,100,100,21614.723,10,false
browser,512,webkit,seek,3,,2048,15407,100,100,21331.684,16,false
browser,512,webkit,save,3,,,11097,100,100,22159.285,8,false
browser,512,webkit,saved-file-open,3,,,12610,100,100,23593.98,8,false
browser,512,webkit,undo,3,1,,111,100,100,23336.391,1,true
browser,512,webkit,redo,3,1,,165,100,100,23336.391,1,true
browser,512,webkit,undo,3,32,,1,100,100,21590,1,true
browser,512,webkit,redo,3,32,,2,100,100,22005.57,1,true
browser,512,webkit,undo,3,100,,1,97,97,22564.355,1,true
browser,512,webkit,redo,3,100,,0,98,98,28166.824,1,true
browser,512,webkit,open-plus-first-edit,1,,,8491,93,97,25281.293,7,false
browser,512,webkit,open-plus-first-edit,2,,,9718,94.5,100,24314.891,16,false
browser,512,webkit,open-plus-first-edit,3,,,10275,97,100,24260.797,14,false
browser,512,webkit,undo-to-depth,1,1,,86,80,80,25476.246,1,true
browser,512,webkit,undo-to-depth,1,32,,2627,79.5,80,25093.219,2,false
browser,512,webkit,undo-to-depth,1,100,,7358,79.5,91,25093.219,6,false
browser,512,webkit,undo-to-depth,2,1,,111,89,89,23677.426,1,true
browser,512,webkit,undo-to-depth,2,32,,2813,92.5,97,23360.219,4,false
browser,512,webkit,undo-to-depth,2,100,,8090,94,100,22518.133,11,false
browser,512,webkit,undo-to-depth,3,1,,130,100,100,24712.922,1,true
browser,512,webkit,undo-to-depth,3,32,,3744,100,100,23779.832,4,false
browser,512,webkit,undo-to-depth,3,100,,12179,100,100,21614.723,14,false
