size,seed,all_three,promise,standout,water,accepted,failed_checks,absolute_failures,cause,mechanism,mechanism_status,provenance,d348_failed,high,cliffs,plateaus,planned_falls,clean_fall_tiles,tallest_clean_fall,start_level_area,first_land_ms,first_water_ms,final_ms,cpu_land_ms,cpu_water_ms,attempts,screened,shown,changed,planned_promise,planned_water,logs,level,mine_sites
96,1,False,False,True,True,True,,,high 0.585<0.600,upland distribution too low relative to the median wet surface; already misses on the plan; capped shared screen exhausted,inferred from measurements and plan/settled comparison,measured first map,True,0.585,0.134,5,6,5,5.83,402,2118,2520,2970,2117,2520,17,6,1,45,False,True,336,429,2
96,2,False,False,True,True,True,,,high 0.372<0.600,upland distribution too low relative to the median wet surface; settled surface/terrain changes lose the planned promise,inferred from measurements and plan/settled comparison,measured first map,True,0.372,0.134,10,9,17,6.11,1746,853,1182,1778,852,1182,5,3,1,46,True,True,419,570,2
96,3,False,False,True,True,True,,,high 0.444<0.600,upland distribution too low relative to the median wet surface; already misses on the plan; capped shared screen exhausted,inferred from measurements and plan/settled comparison,measured first map,True,0.444,0.129,9,12,18,3,681,2825,3331,3838,2824,3331,20,6,1,54,False,True,406,411,2
96,4,False,False,True,False,True,,,high 0.512<0.600; cliffs 0.102<0.115; the main system holds 68% of the water,upland distribution too low relative to the median wet surface; too little terrace rim drops two levels; already misses on the plan; capped shared screen exhausted; separate outlets divide the clean drainage,inferred from measurements and plan/settled comparison,measured first map,True,0.512,0.102,5,3,5,6.57,80,2878,3722,4559,2877,3722,20,6,1,90,False,False,346,244,2
96,5,True,True,True,True,True,,,,,inferred from measurements and plan/settled comparison,measured first map,True,0.603,0.139,4,10,2,3,181,2187,2538,2970,2186,2538,14,6,1,56,False,True,244,201,2
96,6,True,True,True,True,True,,,,,inferred from measurements and plan/settled comparison,measured first map,True,0.722,0.159,7,9,20,4.22,981,1335,3650,4020,1334,3650,9,5,1,72,,,259,827,2
96,7,False,False,True,False,True,,,high 0.431<0.600; the main system holds 37% of the water; 3 rivers never join it,upland distribution too low relative to the median wet surface; already misses on the plan; capped shared screen exhausted; separate outlets divide the clean drainage,inferred from measurements and plan/settled comparison,measured first map,True,0.431,0.133,9,8,7,3.13,1466,6524,7721,9686,5608,6638,24,6,1,103,False,False,254,610,2
96,8,True,True,True,True,True,,,,,inferred from measurements and plan/settled comparison,measured first map,True,0.793,0.16,15,5,6,9.52,709,3074,4431,5281,2973,4286,7,4,1,77,True,True,298,589,2
96,9,True,True,True,True,True,,,,,inferred from measurements and plan/settled comparison,measured first map,True,0.812,0.132,10,4,6,8.99,859,2094,5567,5928,2094,5567,10,5,1,82,,,316,553,2
96,10,False,False,True,True,True,,,high 0.416<0.600,upland distribution too low relative to the median wet surface; already misses on the plan; capped shared screen exhausted,inferred from measurements and plan/settled comparison,measured first map,True,0.416,0.123,6,14,21,3,2046,3083,3457,3930,3082,3457,20,6,1,47,False,True,581,378,2
96,11,False,True,True,False,True,,,the main system holds 33% of the water,separate outlets divide the clean drainage,inferred from measurements and plan/settled comparison,measured first map,True,0.733,0.217,16,4,11,3.85,183,2171,2538,3358,2170,2538,9,6,1,59,True,False,298,266,2
96,12,True,True,True,True,True,,,,,inferred from measurements and plan/settled comparison,measured first map,True,0.779,0.24,7,2,3,3.87,560,4383,10318,10795,4382,10318,38,6,1,67,,,279,650,2
96,13,False,False,True,False,True,,,cliffs 0.094<0.115; the main system holds 53% of the water; only 33% of the land lies near clean water,too little terrace rim drops two levels; already misses on the plan; capped shared screen exhausted; source/courses concentrated in too little of the map; separate outlets divide the clean drainage,inferred from measurements and plan/settled comparison,measured first map,True,0.617,0.094,4,2,5,2.91,310,2711,3202,3935,2710,3202,16,6,1,63,False,False,325,304,2
96,14,True,True,True,True,True,,,,,inferred from measurements and plan/settled comparison,measured first map,True,0.877,0.14,10,7,9,6.07,740,2272,13047,13431,2199,12628,10,0,1,88,,,474,450,2
96,15,True,True,True,True,True,,,,,inferred from measurements and plan/settled comparison,measured first map,True,0.788,0.123,6,8,13,4.34,1271,2206,2643,3184,2205,2643,13,6,1,64,False,True,459,802,2
96,16,True,True,True,True,True,,,,,inferred from measurements and plan/settled comparison,measured first map,True,0.632,0.153,8,9,2,7.57,1708,2161,2652,3210,2158,2652,12,6,1,45,False,True,276,499,2
96,17,False,True,True,False,True,,,only 33% of the land lies near clean water,source/courses concentrated in too little of the map,inferred from measurements and plan/settled comparison,measured first map,True,0.706,0.153,9,8,9,6.99,1288,3411,3863,4385,3410,3863,21,6,1,72,False,False,418,933,2
96,18,False,False,True,True,True,,,high 0.531<0.600; cliffs 0.113<0.115,upland distribution too low relative to the median wet surface; too little terrace rim drops two levels,inferred from measurements and plan/settled comparison,measured first map,True,0.531,0.113,7,7,9,4.1,332,4050,20860,21221,3971,20459,26,6,1,51,,,262,346,2
96,19,False,False,True,True,True,,,high 0.449<0.600,upland distribution too low relative to the median wet surface; already misses on the plan; capped shared screen exhausted,inferred from measurements and plan/settled comparison,measured first map,True,0.449,0.15,6,11,11,3.06,194,2739,3346,3904,2736,3346,16,6,1,60,False,True,215,231,2
96,20,True,True,True,True,True,,,,,inferred from measurements and plan/settled comparison,measured first map,True,0.776,0.159,11,18,26,5.08,797,908,1361,1920,907,1361,3,0,1,46,True,True,363,442,2
128,1,False,False,True,False,True,,,cliffs 0.094<0.100; only 16% of the land lies near clean water,too little terrace rim drops two levels; already misses on the plan; capped shared screen exhausted; source/courses concentrated in too little of the map,inferred from measurements and plan/settled comparison,measured first map,True,0.867,0.094,7,0,0,0,970,5196,6061,7353,5195,6061,21,6,1,74,False,False,347,368,2
128,2,True,True,True,True,True,,,,,inferred from measurements and plan/settled comparison,measured first map,True,0.686,0.125,9,7,10,5.99,665,3708,10664,12197,3567,10260,7,3,1,57,True,True,275,474,2
128,3,False,True,True,False,True,,,2 rivers never join it,planned tributaries split by shallow settled gaps (shared hydrology/settle interaction),inferred from measurements and plan/settled comparison,measured first map,True,0.811,0.106,7,6,5,6.09,1807,5721,7210,8767,5352,6746,13,6,1,76,False,True,954,427,2
128,4,True,True,True,True,True,,,,,inferred from measurements and plan/settled comparison,measured first map,True,0.661,0.15,8,19,20,5.12,574,4640,6747,7494,4639,6747,13,6,1,73,True,True,272,507,2
128,5,True,True,True,True,True,,,,,inferred from measurements and plan/settled comparison,measured first map,True,0.819,0.106,7,8,0,0,1675,4728,5815,6708,4727,5815,13,6,1,69,False,True,682,696,2
128,6,True,True,True,True,True,,,,,inferred from measurements and plan/settled comparison,measured first map,True,0.686,0.168,9,8,13,4.99,496,3026,5270,6012,3025,5270,7,6,1,70,True,True,270,535,2
128,7,True,True,True,True,True,,,,,inferred from measurements and plan/settled comparison,measured first map,True,0.626,0.144,9,12,23,6,2291,1527,2955,3675,1526,2955,5,1,1,84,True,True,276,653,2
128,8,True,True,True,True,True,,,,,inferred from measurements and plan/settled comparison,measured first map,True,0.825,0.145,10,9,18,6.29,1884,2016,3209,4274,2015,3209,5,4,1,93,True,True,330,436,2
128,9,False,False,True,False,True,,,high 0.320<0.600; plateaus 2<3; cliffs 0.085<0.100; only 30% of the land lies near clean water,upland distribution too low relative to the median wet surface; too few broad elevated level regions survive shaping; too little terrace rim drops two levels; already misses on the plan; capped shared screen exhausted; source/courses concentrated in too little of the map,inferred from measurements and plan/settled comparison,measured first map,True,0.32,0.085,2,8,8,3.99,4571,3752,4509,5083,3751,4509,17,6,1,84,False,False,482,702,2
128,10,True,True,True,True,True,,,,,inferred from measurements and plan/settled comparison,measured first map,True,0.648,0.132,4,10,14,9,2872,1888,2553,3212,1887,2553,6,3,1,47,True,True,330,514,2
128,11,False,False,True,True,True,,,cliffs 0.075<0.100,too little terrace rim drops two levels; already misses on the plan; capped shared screen exhausted,inferred from measurements and plan/settled comparison,measured first map,True,0.645,0.075,5,6,1,3.1,796,3520,4597,5334,3520,4597,15,6,1,53,False,True,298,523,2
128,12,True,True,True,True,True,,,,,inferred from measurements and plan/settled comparison,measured first map,True,0.758,0.142,9,14,13,7.57,675,1590,3351,4137,1585,3351,2,1,1,53,True,True,276,414,2
128,13,True,True,True,True,True,,,,,inferred from measurements and plan/settled comparison,measured first map,True,0.765,0.169,15,12,6,3.01,159,5382,6864,8276,5380,6864,20,6,1,62,False,True,245,220,2
128,14,True,True,True,True,True,,,,,inferred from measurements and plan/settled comparison,measured first map,True,0.668,0.11,7,6,3,2.99,257,1369,2010,2751,1368,2010,3,1,1,34,True,True,403,330,2
128,15,True,True,True,True,True,,,,,inferred from measurements and plan/settled comparison,measured first map,True,0.866,0.185,10,11,18,5.83,3575,2331,3136,4426,2331,3136,5,3,1,66,True,True,330,578,2
128,16,True,True,True,True,True,,,,,inferred from measurements and plan/settled comparison,measured first map,True,0.64,0.123,7,13,22,5.82,2374,2346,4064,5454,2345,4064,6,3,1,85,True,True,272,741,2
128,17,False,False,True,True,True,,,high 0.220<0.600,upland distribution too low relative to the median wet surface; already misses on the plan; capped shared screen exhausted,inferred from measurements and plan/settled comparison,measured first map,True,0.22,0.156,7,12,22,3,616,3739,5331,6382,3738,5331,12,6,1,70,False,True,283,516,2
128,18,True,True,True,True,True,,,,,inferred from measurements and plan/settled comparison,measured first map,True,0.703,0.195,14,10,6,9.89,1304,2744,3825,4661,2744,3825,8,3,1,55,True,True,459,591,2
128,19,True,True,True,True,True,,,,,inferred from measurements and plan/settled comparison,measured first map,True,0.79,0.144,11,9,10,7.81,746,1717,3038,3988,1716,3038,3,1,1,50,True,True,513,725,2
128,20,True,True,True,True,True,,,,,inferred from measurements and plan/settled comparison,measured first map,True,0.773,0.13,14,18,26,3.02,1855,1088,2155,3256,1087,2155,1,0,1,53,True,True,340,561,2
256,1,True,True,True,True,True,,,,,inferred from measurements and plan/settled comparison,measured first map,True,0.645,0.136,14,20,6,4,1906,17778,36891,40421,17420,36150,13,3,1,324,True,True,321,957,3
256,2,False,True,True,False,True,,,only 30% of the land lies near clean water,source/courses concentrated in too little of the map,inferred from measurements and plan/settled comparison,measured first map,True,0.774,0.072,4,7,11,5.71,1020,9404,15850,17435,9403,15850,7,3,1,169,False,False,309,534,3
256,3,True,True,True,True,True,,,,,inferred from measurements and plan/settled comparison,measured first map,True,0.789,0.086,13,14,22,8.08,5622,9307,12431,14626,9306,12431,6,2,1,121,True,True,415,263,3
256,4,True,True,True,True,True,,,,,inferred from measurements and plan/settled comparison,measured first map,True,0.632,0.094,14,13,9,5.8,1666,3419,9173,11885,3370,9044,1,0,1,193,True,True,338,671,3
256,5,False,False,True,True,True,,,high 0.560<0.600,upland distribution too low relative to the median wet surface; already misses on the plan; capped shared screen exhausted,inferred from measurements and plan/settled comparison,measured first map,True,0.56,0.136,12,22,25,2.05,627,17093,24045,26597,17093,24045,13,3,1,74,False,True,414,700,3
256,6,False,False,True,True,True,,,high 0.214<0.600,upland distribution too low relative to the median wet surface; already misses on the plan; capped shared screen exhausted,inferred from measurements and plan/settled comparison,measured first map,True,0.214,0.104,7,16,7,3,8828,6878,16646,18239,6877,16646,5,3,1,165,False,True,398,811,3
256,7,False,False,True,True,True,,,high 0.559<0.600,upland distribution too low relative to the median wet surface; settled surface/terrain changes lose the planned promise,inferred from measurements and plan/settled comparison,measured first map,True,0.559,0.097,7,7,13,3.71,590,10637,17403,20124,10636,17403,10,3,1,173,True,True,443,517,3
256,8,True,True,True,True,True,,,,,inferred from measurements and plan/settled comparison,measured first map,True,0.667,0.075,8,6,13,6.18,2160,9863,48077,51717,9863,48077,12,3,1,155,,,255,601,3
256,9,False,False,True,False,True,,,high 0.588<0.600; only 28% of the land lies near clean water,upland distribution too low relative to the median wet surface; already misses on the plan; capped shared screen exhausted; source/courses concentrated in too little of the map,inferred from measurements and plan/settled comparison,measured first map,True,0.588,0.077,7,15,13,3.3,15714,12052,15070,17505,10850,13573,6,3,1,186,False,False,400,657,3
256,10,True,True,True,True,True,,,,,inferred from measurements and plan/settled comparison,measured first map,True,0.663,0.086,5,12,23,5.8,15778,5243,11609,14751,4969,11006,2,0,1,145,True,True,476,623,3
256,11,True,True,True,True,True,,,,,inferred from measurements and plan/settled comparison,measured first map,True,0.678,0.072,3,12,6,1.98,1811,15237,19675,21633,15236,19675,10,3,1,86,False,True,272,906,3
256,12,False,True,True,False,True,,,the main system holds 25% of the water; 5 rivers never join it,plug divides otherwise joined water (shared intention/story interaction),inferred from measurements and plan/settled comparison,measured first map,True,0.756,0.16,13,13,16,10.87,2780,7795,14857,17204,7794,14857,4,3,1,184,True,True,335,740,3
256,13,True,True,True,True,True,,,,,inferred from measurements and plan/settled comparison,measured first map,True,0.864,0.088,9,16,10,3.69,11585,5689,12759,14669,5675,12735,3,1,1,95,True,True,341,726,3
256,14,True,True,True,True,True,,,,,inferred from measurements and plan/settled comparison,measured first map,True,0.882,0.098,10,18,23,3,9219,8346,13250,15207,8345,13250,6,3,1,168,True,True,283,531,3
256,15,True,True,True,True,True,,,,,inferred from measurements and plan/settled comparison,measured first map,True,0.686,0.093,9,14,20,6.12,1216,8103,14825,17814,7220,13211,4,3,1,87,True,True,247,392,3
256,16,True,True,True,True,True,,,,,inferred from measurements and plan/settled comparison,measured first map,True,0.725,0.126,15,26,29,5.87,2658,13489,20877,24229,12500,19348,10,3,1,64,True,True,255,276,3
256,17,False,False,True,True,True,,,high 0.518<0.600,upland distribution too low relative to the median wet surface; already misses on the plan; capped shared screen exhausted,inferred from measurements and plan/settled comparison,measured first map,True,0.518,0.089,15,11,7,5.98,8035,19571,23380,25738,19105,22824,12,3,1,68,False,True,312,865,3
256,18,True,True,True,True,True,,,,,inferred from measurements and plan/settled comparison,measured first map,True,0.736,0.101,11,13,20,6,5687,2274,7025,8549,2272,7025,1,0,1,115,True,True,333,742,3
256,19,True,True,True,True,True,,,,,inferred from measurements and plan/settled comparison,measured first map,True,0.781,0.106,10,12,35,5.74,2241,2109,98102,101737,1864,86769,9,0,1,103,,,374,440,3
256,20,True,True,True,True,True,,,,,inferred from measurements and plan/settled comparison,measured first map,True,0.712,0.117,14,17,26,5.3,2437,3007,12666,16418,2578,10861,1,0,1,163,True,True,426,850,3
