theme,size,outcomes_before_of_40,outcomes_after_of_40,redraw_mean_before,redraw_worst_before,redraw_mean_after,redraw_worst_after,refused_mean_before,refused_worst_before,refused_mean_after,refused_worst_after,land_median_before_ms,land_worst_before_ms,land_median_after_ms,land_worst_after_ms,settled_median_before_ms,settled_worst_before_ms,settled_median_after_ms,settled_worst_after_ms,cpu_per_input_median_saving,load_median_before,load_worst_before,load_missing_before,load_median_after,load_worst_after,load_missing_after
any,96,35,36,1.225,5,1.25,5,2.525,13,2.575,13,517,2722,437,1477,1349,7792,1138,3134,0.09933865509313078,96.6893969390693,100,8,67.76775834145764,100,14
riverValley,96,34,34,0.725,5,0.8,5,1.65,11,1.875,11,389.5,2597,329.5,1783,1040.5,4520,933,2804,0.10677607513593673,97.59268053244395,100,11,69.20396800716847,100,16
canyon,96,26,28,5.225,15,2.55,11,10.575,35,8.275,33,1010.5,5200,758.5,2923,1957.5,5820,1467.5,3493,0.14043260176734756,96.73882499599023,100,5,69.68720694267367,100,3
highlands,96,21,23,6.85,14,6.975,14,12.95,34,13.275,34,1462.5,5530,1258,3329,2155.5,7706,1837.5,3875,0.09855113999650211,96.23616571304827,100,0,69.12182859379153,100,1
lakeBasin,96,23,24,2.125,7,2.45,10,3.925,14,4.675,23,580.5,2053,556,2264,1588.5,6655,1382.5,5384,0.07757816856417998,97.34837608324358,100,2,68.02500151506257,100,2
delta,96,35,35,0.6,3,0.6,3,1.925,9,1.925,9,265,844,220.5,586,1082.5,2880,880.5,2205,0.08274790134615123,97.05053934916329,100,8,68.7545759454099,100,9
islands,96,39,40,0,0,0,0,0.025,1,0.075,1,242,547,201.5,403,3088,7197,2541.5,4374,0.09834873188405802,97.01090958038012,100,0,69.62150821095949,100,0
any,128,33,33,1,5,1,5,2.225,9,2.225,9,609,2811,674.5,3198,1814,4982,1816,5301,-0.010638230018330197,87.97162742603697,99.71207038074287,0,93.60976190068982,100,0
riverValley,128,35,35,0.675,6,0.675,6,1.4,14,1.4,14,455.5,2443,476.5,4125,1665,5921,1712,5913,-0.009629382365758943,88.01728653554221,99.71161812676498,0,92.79388236829277,100,0
canyon,128,31,33,4.225,13,2.2,6,8.45,31,7.175,20,1478.5,5933,1439,4169,2797,6602,2644,7626,0.024582156523004828,88.03290392663499,99.7119033280638,0,93.50215053170936,100,0
highlands,128,30,30,4.8,12,4.8,12,7.9,26,7.9,26,1691.5,5034,1773,5662,2513.5,5661,2657.5,6549,-0.012661781940046857,87.69817102142372,100,0,92.74451924597733,100,0
lakeBasin,128,26,26,1.95,8,1.95,8,3.75,15,3.75,15,930,2922,957.5,3484,2248,8882,2379.5,9704,-0.0225496891616922,87.52843182486635,100,0,93.26193632422708,100,0
delta,128,33,33,0.425,2,0.425,2,1.475,7,1.475,7,308,1019,328.5,1184,1779.5,3941,1922.5,5072,-0.01672270037654655,87.67844284640853,100,0,93.65191624495344,100,0
islands,128,40,40,0,0,0,0,0,0,0,0,304,471,323,568,4676,10690,4984,9589,-0.028331039779717404,87.5224880201572,100,0,93.07269113120324,100,0
any,256,34,34,0.65,4,0.65,4,1.35,8,1.35,8,2834,13123,2621.5,10103,8539.5,55199,8497.5,41185,0.011231175160595797,82.74946225291653,100,0,82.10842079684352,99.71078221780559,0
riverValley,256,32,32,0.525,4,0.525,4,1.55,8,1.55,8,2301.5,8551,2141,9206,7670.5,45821,7365,44671,0.0037542274349338656,83.51704434290053,100,0,81.41642021687154,100,0
canyon,256,32,32,1.65,7,1.625,7,3.325,17,3.175,16,3849,19311,3931.5,18609,8201,24298,8087.5,22042,0.00891642671993137,82.5837161074985,100,0,82.44201627373523,99.71078221780559,0
highlands,256,34,34,1.775,5,1.775,5,2.85,10,2.85,10,4264,12189,4010,12665,8574,31624,7918.5,20025,0.006830838154677499,82.77909882795062,100,0,81.97379331137546,99.90383106093267,0
lakeBasin,256,23,24,1.725,7,1.575,6,3.35,15,3.325,15,4422.5,14891,4232.5,12721,11345,48309,11763.5,53187,0.0075601429875225,83.62573933272267,100,0,81.47191624872548,100,0
delta,256,34,34,0.075,1,0.075,1,0.45,3,0.45,3,1192,3952,1126,4519,6125,10710,5850.5,9872,0.013254207110853122,84.13110248455348,100,0,81.61656142191225,100,0
islands,256,40,40,0.025,1,0.025,1,0.15,3,0.15,3,1200,2661,1168.5,2734,20499.5,32504,20241.5,24658,0.008079946067746369,81.72642748212779,100,0,81.61596736847928,100,0
