variant,size,theme,maps,baseline_valid,baseline_water,baseline_promise,baseline_standout,baseline_all_three,valid,water,promise,standout,all_three,gained,lost,median_raw_final_ms,p90_raw_final_ms,median_cpu_estimated_final_ms,p90_cpu_estimated_final_ms,median_raw_land_ms,p90_raw_land_ms,median_raw_first_water_ms,p90_raw_first_water_ms,median_cpu_estimated_land_ms,p90_cpu_estimated_land_ms,median_cpu_estimated_first_water_ms,p90_cpu_estimated_first_water_ms
verticality,96,any,5,5,5,5,5,5,5,4,5,5,4,0,1,5765,7565,2281,5296,2188,3071,4075,4658,820,2127,1577,3226
verticality,96,riverValley,5,5,4,5,5,4,5,4,5,4,3,1,2,3605,8513,1500,2485,1348,3352,3077,5483,457,1103,944,1864
verticality,96,canyon,5,5,4,3,5,2,5,4,3,5,2,1,1,7342,12433,2906,4406,2535,6749,6518,11464,877,3281,2577,4158
verticality,96,highlands,5,5,4,4,5,3,5,5,2,5,2,0,1,8201,17369,3735,5750,4583,7078,7730,16974,2823,3259,3106,5615
verticality,96,lakeBasin,5,5,5,4,5,4,5,5,5,5,5,1,0,4429,6869,1562,2547,1428,2817,3650,6444,440,1387,1337,2383
verticality,96,delta,5,5,5,5,5,5,5,5,5,4,4,0,1,3899,5555,1047,2391,852,3597,2452,4956,252,1547,731,2132
verticality,96,islands,5,4,4,4,4,4,5,5,5,5,5,1,0,9828,10915,3250,4797,946,1595,7132,10102,369,527,2357,4439
lakes,96,any,5,5,5,5,5,5,5,5,5,5,5,0,0,2296,4235,2332,4272,879,2273,1482,3390,879,2273,1482,3390
lakes,96,riverValley,5,5,4,5,5,4,5,5,5,5,5,1,0,1684,2453,1297,1719,613,814,1149,2144,474,570,922,1500
lakes,96,canyon,5,5,4,3,5,2,5,4,3,5,2,0,0,3661,7028,2953,6718,1746,5788,3341,6584,1333,5530,2656,6290
lakes,96,highlands,5,5,4,4,5,3,5,4,3,5,3,2,2,3635,7047,2703,4579,2912,6224,3266,6675,2160,4038,2423,4330
lakes,96,lakeBasin,5,5,5,4,5,4,5,3,4,5,2,0,2,3623,6020,2672,4156,904,2751,3212,5556,621,2304,2366,3820
lakes,96,delta,5,5,5,5,5,5,5,5,5,5,5,0,0,2540,3841,1376,1610,676,1014,1906,2780,281,523,1021,1157
lakes,96,islands,5,4,4,4,4,4,4,4,4,4,4,0,0,5569,9678,3281,6626,743,1127,3731,6036,486,669,2443,3620
verticality,128,any,5,5,4,5,5,4,5,5,5,5,5,1,0,5516,8545,3218,5594,1979,4258,3733,6770,1056,2778,1992,4417
verticality,128,riverValley,5,5,5,5,5,5,5,5,5,4,4,0,1,7068,8071,2531,3235,1685,4414,5380,6199,869,1385,1752,2483
verticality,128,canyon,5,5,3,4,5,3,5,5,3,5,3,2,2,7236,13077,2750,5063,4818,9895,6373,11971,1781,3826,2339,4629
verticality,128,highlands,5,5,4,2,5,2,5,5,4,5,4,3,1,4845,15599,2501,5734,2320,12658,4083,14157,1196,4651,2105,5201
verticality,128,lakeBasin,5,5,4,4,5,4,5,5,5,5,5,1,0,8233,15483,2702,3579,3067,9841,6767,12992,1006,2274,2085,3001
verticality,128,delta,5,5,5,5,5,5,5,5,5,3,3,0,2,7733,15755,2516,4062,1622,2285,5956,14330,560,598,1678,3693
verticality,128,islands,5,5,5,5,5,5,5,5,5,5,5,0,0,13497,21868,6046,6187,2090,2700,9280,17256,779,1203,4029,4878
lakes,128,any,5,5,4,5,5,4,5,3,5,5,3,1,2,6313,10509,3860,10203,2419,4913,5478,8285,1619,4733,3053,7983
lakes,128,riverValley,5,5,5,5,5,5,5,5,5,5,5,0,0,3810,4984,2484,3110,1398,1581,2665,3715,871,1202,1934,2315
lakes,128,canyon,5,5,3,4,5,3,5,5,4,5,4,2,1,3873,7122,2999,5250,2607,5658,3387,6535,2016,4308,2618,4747
lakes,128,highlands,5,5,4,2,5,2,5,4,3,5,3,2,1,6508,9576,5485,8109,5203,7685,5803,8940,4381,6504,4887,7565
lakes,128,lakeBasin,5,5,4,4,5,4,5,3,5,5,3,0,1,5700,25062,4204,15859,3084,4141,4545,24329,2465,2666,3636,15383
lakes,128,delta,5,5,5,5,5,5,5,5,5,5,5,0,0,3561,6011,2233,4375,809,1011,2528,4955,507,626,1583,3598
lakes,128,islands,5,5,5,5,5,5,5,5,5,5,5,0,0,8067,10082,5641,5937,1217,1354,5783,8704,718,966,4024,5122
verticality,256,any,5,5,4,5,5,4,5,5,5,4,4,1,1,45902,53224,11921,18656,18587,22326,32323,48394,4791,7815,9461,16940
verticality,256,riverValley,5,5,5,4,5,4,5,5,5,4,4,1,1,31155,163908,12125,56250,11031,17401,24881,142118,4269,6041,8286,48701
verticality,256,canyon,5,5,5,4,5,4,5,3,2,5,1,0,3,26834,30254,11859,20827,15227,24947,23158,28726,9769,12894,11249,17952
verticality,256,highlands,5,5,5,5,5,5,5,4,5,5,4,0,1,18790,23562,13499,16969,11606,16172,16272,22140,8313,11622,11654,15911
verticality,256,lakeBasin,5,5,3,3,5,2,5,4,4,5,4,2,0,21988,27202,16110,18266,11574,14240,18614,23122,7295,9187,13606,16288
verticality,256,delta,5,5,5,5,5,5,5,5,5,5,5,0,0,12736,17022,8875,9422,3305,4630,9646,12293,1887,2559,6494,6794
verticality,256,islands,5,5,5,5,5,5,5,5,5,5,5,0,0,27638,36924,22032,22547,3402,4093,24731,28843,2699,3103,18748,19502
lakes,256,any,5,5,4,5,5,4,5,2,5,5,2,0,2,12593,25102,12297,23234,4671,10771,9651,23147,4671,9936,9651,21353
lakes,256,riverValley,5,5,5,4,5,4,5,5,5,5,5,1,0,11465,14311,9516,12203,2965,7003,8616,12814,2323,5955,6469,10895
lakes,256,canyon,5,5,5,4,5,4,5,5,3,5,3,1,2,18499,22843,14938,19032,12187,17397,16054,21152,9442,14452,12723,17571
lakes,256,highlands,5,5,5,5,5,5,5,5,5,5,5,0,0,14130,39436,11344,24828,8279,33136,12385,37321,6631,20847,9920,23480
lakes,256,lakeBasin,5,5,3,3,5,2,5,2,3,5,0,0,2,23812,73638,16765,61484,8177,11300,22062,71523,7369,8457,15510,59679
lakes,256,delta,5,5,5,5,5,5,5,5,5,5,5,0,0,11359,12353,8312,9625,2052,2295,8627,9679,1570,1746,6295,7524
lakes,256,islands,5,5,5,5,5,5,5,5,5,5,5,0,0,31689,35010,25266,26219,2735,3225,28194,32359,2121,2611,22209,24218
