setting,theme,seed,from,to,measure,before,after,gain
verticality,any,1,0,25,relief,4,7,3
verticality,any,1,25,50,relief,7,11,4
verticality,any,1,50,75,relief,11,15,4
verticality,any,1,75,100,relief,15,19,4
verticality,any,2,0,25,relief,4,7,3
verticality,any,2,25,50,relief,7,11,4
verticality,any,2,50,75,relief,11,14,3
verticality,any,2,75,100,relief,14,18,4
verticality,any,3,0,25,relief,4,7,3
verticality,any,3,25,50,relief,7,10,3
verticality,any,3,50,75,relief,10,14,4
verticality,any,3,75,100,relief,14,19,5
verticality,any,4,0,25,relief,4,7,3
verticality,any,4,25,50,relief,7,11,4
verticality,any,4,50,75,relief,11,15,4
verticality,any,4,75,100,relief,15,19,4
verticality,any,5,0,25,relief,3,7,4
verticality,any,5,25,50,relief,7,8,1
verticality,any,5,50,75,relief,8,13,5
verticality,any,5,75,100,relief,13,19,6
verticality,riverValley,1,0,25,relief,3,7,4
verticality,riverValley,1,25,50,relief,7,10,3
verticality,riverValley,1,50,75,relief,10,14,4
verticality,riverValley,1,75,100,relief,14,17,3
verticality,riverValley,2,0,25,relief,4,7,3
verticality,riverValley,2,25,50,relief,7,10,3
verticality,riverValley,2,50,75,relief,10,14,4
verticality,riverValley,2,75,100,relief,14,18,4
verticality,riverValley,3,0,25,relief,4,7,3
verticality,riverValley,3,25,50,relief,7,11,4
verticality,riverValley,3,50,75,relief,11,14,3
verticality,riverValley,3,75,100,relief,14,17,3
verticality,riverValley,4,0,25,relief,4,7,3
verticality,riverValley,4,25,50,relief,7,11,4
verticality,riverValley,4,50,75,relief,11,15,4
verticality,riverValley,4,75,100,relief,15,18,3
verticality,riverValley,5,0,25,relief,3,7,4
verticality,riverValley,5,25,50,relief,7,10,3
verticality,riverValley,5,50,75,relief,10,14,4
verticality,riverValley,5,75,100,relief,14,18,4
verticality,canyon,1,0,25,relief,5,9,4
verticality,canyon,1,25,50,relief,9,12,3
verticality,canyon,1,50,75,relief,12,14,2
verticality,canyon,1,75,100,relief,14,16,2
verticality,canyon,2,0,25,relief,6,8,2
verticality,canyon,2,25,50,relief,8,11,3
verticality,canyon,2,50,75,relief,11,13,2
verticality,canyon,2,75,100,relief,13,18,5
verticality,canyon,3,0,25,relief,5,9,4
verticality,canyon,3,25,50,relief,9,12,3
verticality,canyon,3,50,75,relief,12,15,3
verticality,canyon,3,75,100,relief,15,17,2
verticality,canyon,4,0,25,relief,6,9,3
verticality,canyon,4,25,50,relief,9,11,2
verticality,canyon,4,50,75,relief,11,15,4
verticality,canyon,4,75,100,relief,15,17,2
verticality,canyon,5,0,25,relief,6,9,3
verticality,canyon,5,25,50,relief,9,11,2
verticality,canyon,5,50,75,relief,11,13,2
verticality,canyon,5,75,100,relief,13,18,5
verticality,highlands,1,0,25,relief,9,11,2
verticality,highlands,1,25,50,relief,11,13,2
verticality,highlands,1,50,75,relief,13,16,3
verticality,highlands,1,75,100,relief,16,19,3
verticality,highlands,2,0,25,relief,9,11,2
verticality,highlands,2,25,50,relief,11,12,1
verticality,highlands,2,50,75,relief,12,15,3
verticality,highlands,2,75,100,relief,15,18,3
verticality,highlands,3,0,25,relief,9,11,2
verticality,highlands,3,25,50,relief,11,12,1
verticality,highlands,3,50,75,relief,12,15,3
verticality,highlands,3,75,100,relief,15,18,3
verticality,highlands,4,0,25,relief,9,11,2
verticality,highlands,4,25,50,relief,11,13,2
verticality,highlands,4,50,75,relief,13,15,2
verticality,highlands,4,75,100,relief,15,19,4
verticality,highlands,5,0,25,relief,8,11,3
verticality,highlands,5,25,50,relief,11,12,1
verticality,highlands,5,50,75,relief,12,15,3
verticality,highlands,5,75,100,relief,15,18,3
verticality,lakeBasin,1,0,25,relief,6,10,4
verticality,lakeBasin,1,25,50,relief,10,12,2
verticality,lakeBasin,1,50,75,relief,12,14,2
verticality,lakeBasin,1,75,100,relief,14,17,3
verticality,lakeBasin,2,0,25,relief,6,8,2
verticality,lakeBasin,2,25,50,relief,8,11,3
verticality,lakeBasin,2,50,75,relief,11,13,2
verticality,lakeBasin,2,75,100,relief,13,16,3
verticality,lakeBasin,3,0,25,relief,6,8,2
verticality,lakeBasin,3,25,50,relief,8,12,4
verticality,lakeBasin,3,50,75,relief,12,15,3
verticality,lakeBasin,3,75,100,relief,15,18,3
verticality,lakeBasin,4,0,25,relief,6,8,2
verticality,lakeBasin,4,25,50,relief,8,11,3
verticality,lakeBasin,4,50,75,relief,11,13,2
verticality,lakeBasin,4,75,100,relief,13,16,3
verticality,lakeBasin,5,0,25,relief,7,10,3
verticality,lakeBasin,5,25,50,relief,10,11,1
verticality,lakeBasin,5,50,75,relief,11,14,3
verticality,lakeBasin,5,75,100,relief,14,17,3
verticality,delta,1,0,25,relief,7,10,3
verticality,delta,1,25,50,relief,10,13,3
verticality,delta,1,50,75,relief,13,16,3
verticality,delta,1,75,100,relief,16,19,3
verticality,delta,2,0,25,relief,7,10,3
verticality,delta,2,25,50,relief,10,12,2
verticality,delta,2,50,75,relief,12,16,4
verticality,delta,2,75,100,relief,16,19,3
verticality,delta,3,0,25,relief,7,10,3
verticality,delta,3,25,50,relief,10,13,3
verticality,delta,3,50,75,relief,13,16,3
verticality,delta,3,75,100,relief,16,19,3
verticality,delta,4,0,25,relief,7,10,3
verticality,delta,4,25,50,relief,10,13,3
verticality,delta,4,50,75,relief,13,16,3
verticality,delta,4,75,100,relief,16,19,3
verticality,delta,5,0,25,relief,7,10,3
verticality,delta,5,25,50,relief,10,13,3
verticality,delta,5,50,75,relief,13,16,3
verticality,delta,5,75,100,relief,16,19,3
verticality,islands,1,0,25,relief,3,5,2
verticality,islands,1,25,50,relief,5,9,4
verticality,islands,1,50,75,relief,9,13,4
verticality,islands,1,75,100,relief,13,17,4
verticality,islands,2,0,25,relief,4,7,3
verticality,islands,2,25,50,relief,7,11,4
verticality,islands,2,50,75,relief,11,15,4
verticality,islands,2,75,100,relief,15,19,4
verticality,islands,3,0,25,relief,4,7,3
verticality,islands,3,25,50,relief,7,11,4
verticality,islands,3,50,75,relief,11,15,4
verticality,islands,3,75,100,relief,15,19,4
verticality,islands,4,0,25,relief,4,7,3
verticality,islands,4,25,50,relief,7,11,4
verticality,islands,4,50,75,relief,11,15,4
verticality,islands,4,75,100,relief,15,19,4
verticality,islands,5,0,25,relief,4,7,3
verticality,islands,5,25,50,relief,7,11,4
verticality,islands,5,50,75,relief,11,15,4
verticality,islands,5,75,100,relief,15,19,4
lakes,any,1,0,25,standingTiles,38,156,118
lakes,any,1,25,50,standingTiles,156,432,276
lakes,any,1,50,75,standingTiles,432,616,184
lakes,any,1,75,100,standingTiles,616,792,176
lakes,any,2,0,25,standingTiles,0,130,130
lakes,any,2,25,50,standingTiles,130,442,312
lakes,any,2,50,75,standingTiles,442,644,202
lakes,any,2,75,100,standingTiles,644,837,193
lakes,any,3,0,25,standingTiles,0,98,98
lakes,any,3,25,50,standingTiles,98,185,87
lakes,any,3,50,75,standingTiles,185,283,98
lakes,any,3,75,100,standingTiles,283,389,106
lakes,any,4,0,25,standingTiles,0,83,83
lakes,any,4,25,50,standingTiles,83,122,39
lakes,any,4,50,75,standingTiles,122,173,51
lakes,any,4,75,100,standingTiles,173,225,52
lakes,any,5,0,25,standingTiles,20,211,191
lakes,any,5,25,50,standingTiles,211,612,401
lakes,any,5,50,75,standingTiles,612,1015,403
lakes,any,5,75,100,standingTiles,1015,1357,342
lakes,riverValley,1,0,25,standingTiles,0,183,183
lakes,riverValley,1,25,50,standingTiles,183,337,154
lakes,riverValley,1,50,75,standingTiles,337,495,158
lakes,riverValley,1,75,100,standingTiles,495,661,166
lakes,riverValley,2,0,25,standingTiles,30,181,151
lakes,riverValley,2,25,50,standingTiles,181,481,300
lakes,riverValley,2,50,75,standingTiles,481,671,190
lakes,riverValley,2,75,100,standingTiles,671,860,189
lakes,riverValley,3,0,25,standingTiles,0,20,20
lakes,riverValley,3,25,50,standingTiles,20,34,14
lakes,riverValley,3,50,75,standingTiles,34,47,13
lakes,riverValley,3,75,100,standingTiles,47,61,14
lakes,riverValley,4,0,25,standingTiles,0,149,149
lakes,riverValley,4,25,50,standingTiles,149,256,107
lakes,riverValley,4,50,75,standingTiles,256,358,102
lakes,riverValley,4,75,100,standingTiles,358,460,102
lakes,riverValley,5,0,25,standingTiles,0,112,112
lakes,riverValley,5,25,50,standingTiles,112,249,137
lakes,riverValley,5,50,75,standingTiles,249,354,105
lakes,riverValley,5,75,100,standingTiles,354,459,105
lakes,canyon,1,0,25,standingTiles,84,202,118
lakes,canyon,1,25,50,standingTiles,202,354,152
lakes,canyon,1,50,75,standingTiles,354,469,115
lakes,canyon,1,75,100,standingTiles,469,608,139
lakes,canyon,2,0,25,standingTiles,480,574,94
lakes,canyon,2,25,50,standingTiles,574,881,307
lakes,canyon,2,50,75,standingTiles,881,1117,236
lakes,canyon,2,75,100,standingTiles,1117,1311,194
lakes,canyon,3,0,25,standingTiles,25,162,137
lakes,canyon,3,25,50,standingTiles,162,490,328
lakes,canyon,3,50,75,standingTiles,490,973,483
lakes,canyon,3,75,100,standingTiles,973,1298,325
lakes,canyon,4,0,25,standingTiles,125,237,112
lakes,canyon,4,25,50,standingTiles,237,535,298
lakes,canyon,4,50,75,standingTiles,535,896,361
lakes,canyon,4,75,100,standingTiles,896,1674,778
lakes,canyon,5,0,25,standingTiles,0,128,128
lakes,canyon,5,25,50,standingTiles,128,458,330
lakes,canyon,5,50,75,standingTiles,458,716,258
lakes,canyon,5,75,100,standingTiles,716,920,204
lakes,highlands,1,0,25,standingTiles,0,63,63
lakes,highlands,1,25,50,standingTiles,63,346,283
lakes,highlands,1,50,75,standingTiles,346,716,370
lakes,highlands,1,75,100,standingTiles,716,992,276
lakes,highlands,2,0,25,standingTiles,0,149,149
lakes,highlands,2,25,50,standingTiles,149,247,98
lakes,highlands,2,50,75,standingTiles,247,343,96
lakes,highlands,2,75,100,standingTiles,343,442,99
lakes,highlands,3,0,25,standingTiles,0,104,104
lakes,highlands,3,25,50,standingTiles,104,299,195
lakes,highlands,3,50,75,standingTiles,299,587,288
lakes,highlands,3,75,100,standingTiles,587,801,214
lakes,highlands,4,0,25,standingTiles,24,65,41
lakes,highlands,4,25,50,standingTiles,65,150,85
lakes,highlands,4,50,75,standingTiles,150,350,200
lakes,highlands,4,75,100,standingTiles,350,459,109
lakes,highlands,5,0,25,standingTiles,0,108,108
lakes,highlands,5,25,50,standingTiles,108,460,352
lakes,highlands,5,50,75,standingTiles,460,666,206
lakes,highlands,5,75,100,standingTiles,666,882,216
lakes,lakeBasin,1,0,25,standingTiles,1263,1358,95
lakes,lakeBasin,1,25,50,standingTiles,1358,1466,108
lakes,lakeBasin,1,50,75,standingTiles,1466,1547,81
lakes,lakeBasin,1,75,100,standingTiles,1547,1624,77
lakes,lakeBasin,2,0,25,standingTiles,2095,2115,20
lakes,lakeBasin,2,25,50,standingTiles,2115,2290,175
lakes,lakeBasin,2,50,75,standingTiles,2290,2393,103
lakes,lakeBasin,2,75,100,standingTiles,2393,2527,134
lakes,lakeBasin,3,0,25,standingTiles,382,519,137
lakes,lakeBasin,3,25,50,standingTiles,519,632,113
lakes,lakeBasin,3,50,75,standingTiles,632,739,107
lakes,lakeBasin,3,75,100,standingTiles,739,897,158
lakes,lakeBasin,4,0,25,standingTiles,2162,2315,153
lakes,lakeBasin,4,25,50,standingTiles,2315,2625,310
lakes,lakeBasin,4,50,75,standingTiles,2625,3072,447
lakes,lakeBasin,4,75,100,standingTiles,3072,3427,355
lakes,lakeBasin,5,0,25,standingTiles,983,1068,85
lakes,lakeBasin,5,25,50,standingTiles,1068,1186,118
lakes,lakeBasin,5,50,75,standingTiles,1186,1294,108
lakes,lakeBasin,5,75,100,standingTiles,1294,1431,137
lakes,delta,1,0,25,standingTiles,0,85,85
lakes,delta,1,25,50,standingTiles,85,391,306
lakes,delta,1,50,75,standingTiles,391,684,293
lakes,delta,1,75,100,standingTiles,684,886,202
lakes,delta,2,0,25,standingTiles,0,174,174
lakes,delta,2,25,50,standingTiles,174,496,322
lakes,delta,2,50,75,standingTiles,496,733,237
lakes,delta,2,75,100,standingTiles,733,944,211
lakes,delta,3,0,25,standingTiles,0,156,156
lakes,delta,3,25,50,standingTiles,156,454,298
lakes,delta,3,50,75,standingTiles,454,782,328
lakes,delta,3,75,100,standingTiles,782,1006,224
lakes,delta,4,0,25,standingTiles,0,127,127
lakes,delta,4,25,50,standingTiles,127,439,312
lakes,delta,4,50,75,standingTiles,439,754,315
lakes,delta,4,75,100,standingTiles,754,989,235
lakes,delta,5,0,25,standingTiles,0,179,179
lakes,delta,5,25,50,standingTiles,179,469,290
lakes,delta,5,50,75,standingTiles,469,800,331
lakes,delta,5,75,100,standingTiles,800,1033,233
lakes,islands,1,0,25,standingTiles,8542,8587,45
lakes,islands,1,25,50,standingTiles,8587,8650,63
lakes,islands,1,50,75,standingTiles,8650,8779,129
lakes,islands,1,75,100,standingTiles,8779,8899,120
lakes,islands,2,0,25,standingTiles,8466,8506,40
lakes,islands,2,25,50,standingTiles,8506,8604,98
lakes,islands,2,50,75,standingTiles,8604,8723,119
lakes,islands,2,75,100,standingTiles,8723,8846,123
lakes,islands,3,0,25,standingTiles,8381,8446,65
lakes,islands,3,25,50,standingTiles,8446,8530,84
lakes,islands,3,50,75,standingTiles,8530,8676,146
lakes,islands,3,75,100,standingTiles,8676,8827,151
lakes,islands,4,0,25,standingTiles,8545,8585,40
lakes,islands,4,25,50,standingTiles,8585,8616,31
lakes,islands,4,50,75,standingTiles,8616,8744,128
lakes,islands,4,75,100,standingTiles,8744,8885,141
lakes,islands,5,0,25,standingTiles,8535,8575,40
lakes,islands,5,25,50,standingTiles,8575,8640,65
lakes,islands,5,50,75,standingTiles,8640,8798,158
lakes,islands,5,75,100,standingTiles,8798,8922,124
