variant,connection,cpu,visit,runs,editable_median,editable_worst,firstFrame_median,firstFrame_worst,fcp_median,fcp_worst,response_median,response_worst,workerReady_median,workerReady_worst,projectOpen_median,projectOpen_worst,parse_median,parse_worst,compile_median,compile_worst,evaluate_median,evaluate_worst,transferred_median,transferred_worst
before,fast,1,cold,5,2322,2395,2224,2309,172,204,216,272,212,255,463,489,122,145,122,126,1021,1033,797446,797446
before,fast,1,warm,5,1173,1526,1124,1480,60,84,105,113,90,156,714,958,75,106,103,107,576,597,0,0
before,fast,4,cold,5,3084,3376,2917,3159,236,284,326,441,233,319,465,521,165,167,145,158,997,1046,797446,797446
before,fast,4,warm,5,1928,2252,1781,2124,132,204,280,347,181,263,501,549,149,160,152,179,1023,1033,0,0
before,typical,1,cold,5,2832,2968,2754,2866,324,336,344,377,555,557,474,511,132,143,120,121,988,1007,797446,797446
before,typical,1,warm,5,1089,1164,1037,1115,52,68,99,134,82,105,608,694,109,136,108,137,559,583,0,0
before,typical,4,cold,5,3815,3854,3562,3635,396,412,496,571,529,558,435,445,154,158,142,151,980,1011,797446,797446
before,typical,4,warm,5,2243,2483,2070,2277,168,188,316,408,231,248,538,678,143,163,151,176,1050,1067,0,0
after,fast,1,cold,5,1999,2067,1914,1977,200,208,227,232,210,233,434,511,137,145,119,122,958,990,794944,794944
after,fast,1,warm,5,845,937,808,885,44,56,81,118,67,92,469,505,122,135,124,126,537,549,0,0
after,fast,4,cold,5,2812,3185,2615,2950,204,232,368,420,255,306,420,431,82,152,106,145,961,972,794944,794944
after,fast,4,warm,5,2064,2308,1863,2085,108,148,315,352,174,218,554,626,103,140,135,147,1041,1114,0,0
after,typical,1,cold,5,2552,2634,2372,2552,292,308,353,392,502,568,451,555,115,152,107,116,986,1011,794944,794944
after,typical,1,warm,5,1094,1659,1043,1274,52,76,108,473,83,167,667,800,85,103,102,124,557,608,0,0
after,typical,4,cold,5,3619,4124,3405,3948,384,392,619,715,595,729,434,663,82,83,101,103,987,1110,794944,794944
after,typical,4,warm,5,1969,2162,1682,2033,56,108,186,259,100,157,636,740,76,88,113,119,1085,1156,0,0
