case,stage,baseline_cpu_ms,fast_cpu_ms,cpu_ratio,baseline_wall_ms,fast_wall_ms,wall_ratio
generated-any-128-1,canonical,125,94,1.3297872340425532,121.51909999999998,94.83089999999993,1.267179576484426
generated-any-128-1,live,78,62,1.2741935483870968,75.6594,58.039200000000164,1.3051317303396304
generated-any-128-1,drought,329,250,1.316,333.12469999999985,244.1239999999998,1.3645275361392781
generated-any-128-1,badtide,859,656,1.3074581430745815,858.8644999999997,649.2046000000009,1.3101128882689728
generated-riverValley-128-1,canonical,250,203,1.2266009852216748,247.52300000000105,192.37259999999878,1.2851445580087792
generated-riverValley-128-1,live,62,47,1.3191489361702127,61.91579999999885,46.786299999999756,1.3361934936622069
generated-riverValley-128-1,drought,360,281,1.376,365.0540000000001,291.6898999999976,1.2932917875573546
generated-riverValley-128-1,badtide,1437,1031,1.3924418604651163,1446.5314999999973,1029.5024000000012,1.3998393694643474
generated-canyon-128-1,canonical,438,328,1.3323170731707317,454.625,333.0248999999967,1.3952513824798045
generated-canyon-128-1,live,63,47,1.3404255319148937,64.68250000000262,47.231800000001385,1.3708145505649338
generated-canyon-128-1,drought,609,454,1.3195876288659794,633.5656000000017,450.94570000000385,1.3300832738349115
generated-canyon-128-1,badtide,2906,2094,1.3692762186115215,2919.1865000000034,2098.2035000000033,1.3495619577538063
generated-highlands-128-1,canonical,203,140,1.3428571428571427,191.82710000000952,142.7326999999932,1.3386913269277083
generated-highlands-128-1,live,156,94,1.4403669724770642,149.05319999999483,103.17900000000373,1.3593999957925778
generated-highlands-128-1,drought,250,187,1.4224598930481283,244.2564999999886,190.01879999999073,1.2854333360699073
generated-highlands-128-1,badtide,1469,1062,1.3832391713747645,1488.0088999999862,1061.3392000000022,1.4020106861218196
generated-lakeBasin-128-1,canonical,360,250,1.387900355871886,361.3445999999967,252.5743999999977,1.377510299296608
generated-lakeBasin-128-1,live,79,78,1.1595744680851063,81.1140999999916,66.33349999999336,1.2159361408641831
generated-lakeBasin-128-1,drought,891,734,1.2138964577656677,912.5278000000108,726.7160000000003,1.2189549975506144
generated-lakeBasin-128-1,badtide,1438,1078,1.3324444444444445,1474.4633999999933,1069.955999999991,1.361756304439069
generated-delta-128-1,canonical,282,219,1.2831050228310503,290.1488000000245,218.27460000000428,1.3209832935210906
generated-delta-128-1,live,156,110,1.4311926605504588,158.0289000000048,108.01399999999558,1.5085038283216199
generated-delta-128-1,drought,250,188,1.3297872340425532,246.52760000000126,190.1577999999863,1.28890689732419
generated-delta-128-1,badtide,2219,1593,1.3339610797237915,2239.2637000000104,1605.1582000000053,1.3322548582783948
generated-islands-128-1,canonical,1031,704,1.3746666666666667,1021.0094999999856,709.9876999999979,1.3864426102029677
generated-islands-128-1,live,94,62,1.5161290322580645,92.99590000000899,66.54739999998128,1.4123241479009774
generated-islands-128-1,drought,1890,1453,1.2870722433460076,1888.2217999999993,1449.0420999999915,1.2905796958204718
generated-islands-128-1,badtide,2750,2000,1.4189886480908154,2746.324899999978,2008.0278999999864,1.4032065761625268
generated-any-256-1,canonical,719,593,1.2753108348134992,740.3396000000066,594.8310999999812,1.2859171284084001
generated-any-256-1,live,79,62,1.2741935483870968,80.98410000000149,59.111999999993714,1.3700111652458062
generated-any-256-1,drought,750,578,1.2975778546712802,738.3479999999981,574.4378999999899,1.296330305189257
generated-any-256-1,badtide,3469,2468,1.4064,3478.1281000000017,2505.805000000022,1.3986221505724985
generated-riverValley-256-1,canonical,1141,812,1.4051724137931034,1145.3093999999692,823.9322000000393,1.3974594026061207
generated-riverValley-256-1,live,203,141,1.4038461538461537,206.17739999998594,145.61620000004768,1.4221625715831159
generated-riverValley-256-1,drought,1297,969,1.3384932920536636,1304.9624000000185,973.358200000017,1.330914456774442
generated-riverValley-256-1,badtide,6360,4376,1.4424131627056673,6401.4059000000125,4432.59639999998,1.4470916851177462
generated-canyon-256-1,canonical,1078,781,1.380281690140845,1070.266100000008,777.6574999999721,1.4046774549564078
generated-canyon-256-1,live,156,125,1.248,159.01049999997485,132.42210000002524,1.205147314589951
generated-canyon-256-1,drought,797,594,1.3417508417508417,813.6449999999604,605.0562999999966,1.3190026712541263
generated-canyon-256-1,badtide,4827,3360,1.4501061571125264,4858.347400000028,3359.7101999999722,1.446061448990472
generated-highlands-256-1,canonical,1548,1141,1.376,1563.6894999999786,1139.6180000000168,1.3836789390448017
generated-highlands-256-1,live,203,141,1.4038461538461537,201.89480000000913,143.438300000038,1.37139939894261
generated-highlands-256-1,drought,875,657,1.3318112633181127,890.8513000000385,669.2509999999893,1.3347827646129675
generated-highlands-256-1,badtide,3626,2687,1.3494603647190175,3628.057700000005,2684.206999999995,1.3516311148879396
generated-lakeBasin-256-1,canonical,3829,2578,1.4666408068269976,3891.410899999959,2600.353000000003,1.4649982004977127
generated-lakeBasin-256-1,live,875,594,1.486159169550173,877.8314999999711,590.3223999999464,1.4449166610372772
generated-lakeBasin-256-1,drought,2969,2172,1.3764487714418174,2978.8887000000104,2190.925099999993,1.3691018008785516
generated-lakeBasin-256-1,badtide,7438,5016,1.4875770224607434,7556.266399999964,5054.790299999993,1.4841053841541143
generated-delta-256-1,canonical,796,578,1.374784110535406,791.7784000000684,579.2456000000238,1.3783757202960398
generated-delta-256-1,live,344,234,1.4292237442922375,343.3843999999808,231.35210000001825,1.4798774278933127
generated-delta-256-1,drought,375,297,1.3345195729537367,374.2188000000315,288.6728000000585,1.3118401472331365
generated-delta-256-1,badtide,4172,2813,1.4747944225956382,4229.087300000014,2821.6860999999335,1.4781961862177504
generated-islands-256-1,canonical,2328,1624,1.4233846153846155,2338.1071999999695,1621.528099999996,1.4395862952516991
generated-islands-256-1,live,500,328,1.524390243902439,515.0884000000078,335.6550999999745,1.5217055627813174
generated-islands-256-1,drought,1358,1000,1.344,1369.019100000034,1031.6933000000427,1.3195488426646433
generated-islands-256-1,badtide,7203,4860,1.501440329218107,7309.076800000039,4858.653799999971,1.5043419640230558
