engine,theme,rep,backend,generation_ms,analysis_ms,analysis_share,cpu_mean_percent,cpu_max_percent,cpu_samples
"chromium","any",0,"typescript",22277.399999976158,4649.900000035763,0.20872723028902562,100,100,91
"chromium","any",0,"wasm",23134.700000047684,3915.8999990820885,0.1692652162800476,100,100,91
"chromium","any",1,"wasm",18664.399999976158,3336.500000655651,0.17876277837272633,100,100,91
"chromium","any",1,"typescript",22607.19999998808,4513.300000190735,0.19963993772749897,100,100,91
"chromium","any",2,"typescript",20993.600000023842,4340.800000488758,0.20676777686932343,100,100,91
"chromium","any",2,"wasm",20699.899999976158,3834.2000002264977,0.18522794797225658,100,100,91
"chromium","riverValley",0,"typescript",50060.69999998808,5014.199999809265,0.10016240283916245,99.99971159605441,100,239
"chromium","riverValley",0,"wasm",54787.10000002384,3613.300000011921,0.06595165650327081,99.99971159605441,100,239
"chromium","riverValley",1,"wasm",55130.200000047684,3125.5000000596046,0.056693064782222836,99.99971159605441,100,239
"chromium","riverValley",1,"typescript",57605.80000001192,4156.699999511242,0.07215766467109877,99.99971159605441,100,239
"chromium","riverValley",2,"typescript",53691.80000001192,3877.7000002264977,0.07222145653946481,99.99971159605441,100,239
"chromium","riverValley",2,"wasm",57040.69999998808,3439.7999995350838,0.060304309020327636,99.99971159605441,100,239
"chromium","canyon",0,"typescript",41455.19999998808,3375.2000000476837,0.08141801269921878,99.99955437975389,100,123
"chromium","canyon",0,"wasm",35510.60000002384,2874.800000011921,0.0809561088804467,99.99955437975389,100,123
"chromium","canyon",1,"wasm",35402.19999998808,2649.1999999284744,0.07483150764442228,99.99955437975389,100,123
"chromium","canyon",1,"typescript",33468.59999996424,2895.6000003814697,0.08651691437301123,99.99955437975389,100,123
"chromium","canyon",2,"typescript",28586.400000035763,2905.899999678135,0.10165323369415175,99.99955437975389,100,123
"chromium","canyon",2,"wasm",28490.80000001192,2448.9000000953674,0.08595406236730252,99.99955437975389,100,123
"chromium","highlands",0,"typescript",14703.699999988079,2682.0999994277954,0.1824098695858845,100,100,56
"chromium","highlands",0,"wasm",14269.100000023842,2529.69999986887,0.1772851826579562,100,100,56
"chromium","highlands",1,"wasm",15222,2578.4999998807907,0.16939298383134876,100,100,56
"chromium","highlands",1,"typescript",16001,3058.2999997138977,0.19113180424435333,100,100,56
"chromium","highlands",2,"typescript",15618.199999988079,3071.600000321865,0.19666798992996692,100,100,56
"chromium","highlands",2,"wasm",16510,2771.299999833107,0.1678558449323505,100,100,56
"chromium","lakeBasin",0,"typescript",26055.30000001192,3793.6999997496605,0.14560185450744859,99.9993284032931,100,88
"chromium","lakeBasin",0,"wasm",24447.100000023842,2765.0999997854233,0.11310543990014058,99.9993284032931,100,88
"chromium","lakeBasin",1,"wasm",24104.399999976158,2885.600000023842,0.11971258359580392,99.9993284032931,100,88
"chromium","lakeBasin",1,"typescript",23510.5,3398.799999296665,0.14456519424498268,99.9993284032931,100,88
"chromium","lakeBasin",2,"typescript",23026.600000023842,3424.100000500679,0.14870193604340778,99.9993284032931,100,88
"chromium","lakeBasin",2,"wasm",21905.19999998808,2581.8000002503395,0.1178624253716809,99.9993284032931,100,88
"chromium","delta",0,"typescript",22210.19999998808,4829.000000357628,0.21742262565669015,99.99976128563962,100,84
"chromium","delta",0,"wasm",21977.30000001192,3247.999999821186,0.1477888548556658,99.99976128563962,100,84
"chromium","delta",1,"wasm",22095.80000001192,3258.4000002145767,0.14746693942798264,99.99976128563962,100,84
"chromium","delta",1,"typescript",23425.5,4823.999999880791,0.20592943586607718,99.99976128563962,100,84
"chromium","delta",2,"typescript",21115.80000001192,3943.000000178814,0.18673221001224619,99.99976128563962,100,84
"chromium","delta",2,"wasm",18254.799999952316,2563.7000000476837,0.14043977474715583,99.99976128563962,100,84
"chromium","islands",0,"typescript",45739.89999997616,2128.700000524521,0.04653923599582925,99.99970633253362,100,104
"chromium","islands",0,"wasm",40002.19999998808,2726.19999986887,0.06815125167789977,99.99970633253362,100,104
"chromium","islands",1,"wasm",45726.59999996424,1497.400000154972,0.03274680383313308,99.99970633253362,100,104
"chromium","islands",1,"typescript",47106.30000001192,1760.2999999523163,0.03736867467731218,99.99970633253362,100,104
"chromium","islands",2,"typescript",46952.19999998808,1451.3999999761581,0.030912289519479955,99.99970633253362,100,104
"chromium","islands",2,"wasm",40422.200000047684,1387.8000003099442,0.0343326192119258,99.99970633253362,100,104
"firefox","any",0,"typescript",17818,3006,0.16870580312044,100,100,102
"firefox","any",0,"wasm",21399,6685,0.3123977755969905,100,100,102
"firefox","any",1,"wasm",21957,6648,0.30277360295122285,100,100,102
"firefox","any",1,"typescript",15688,2971,0.18938041815400306,100,100,102
"firefox","any",2,"typescript",17764,3382,0.19038504841251971,100,100,102
"firefox","any",2,"wasm",21658,6847,0.3161418413519254,100,100,102
"firefox","riverValley",0,"typescript",37834,3225,0.085240788708569,99.99958248485044,100,200
"firefox","riverValley",0,"wasm",38892,6239,0.16041859508382186,99.99958248485044,100,200
"firefox","riverValley",1,"wasm",39401,6395,0.16230552524047612,99.99958248485044,100,200
"firefox","riverValley",1,"typescript",37456,3623,0.09672682614267407,99.99958248485044,100,200
"firefox","riverValley",2,"typescript",37517,3489,0.0929978409787563,99.99958248485044,100,200
"firefox","riverValley",2,"wasm",41031,6806,0.16587458263264362,99.99958248485044,100,200
"firefox","canyon",0,"typescript",29448,3117,0.10584759576202118,100,100,168
"firefox","canyon",0,"wasm",32421,5834,0.17994509731346967,100,100,168
"firefox","canyon",1,"wasm",33690,6284,0.1865241911546453,100,100,168
"firefox","canyon",1,"typescript",33701,3649,0.10827571882139995,100,100,168
"firefox","canyon",2,"typescript",31197,3113,0.0997852357598487,100,100,168
"firefox","canyon",2,"wasm",31278,5304,0.16957605985037408,100,100,168
"firefox","highlands",0,"typescript",14818,3672,0.24780672155486572,99.99908704315303,100,95
"firefox","highlands",0,"wasm",18868,6803,0.36055755776976894,99.99908704315303,100,95
"firefox","highlands",1,"wasm",18201,6733,0.36992472941047194,99.99908704315303,100,95
"firefox","highlands",1,"typescript",14863,3547,0.23864630289981834,99.99908704315303,100,95
"firefox","highlands",2,"typescript",17319,4247,0.24522201050868989,99.99908704315303,100,95
"firefox","highlands",2,"wasm",18611,7005,0.37639030680780183,99.99908704315303,100,95
"firefox","lakeBasin",0,"typescript",22957,4064,0.17702661497582436,100,100,138
"firefox","lakeBasin",0,"wasm",26493,6751,0.254822028460348,100,100,138
"firefox","lakeBasin",1,"wasm",26942,6833,0.25361888501224855,100,100,138
"firefox","lakeBasin",1,"typescript",23090,3897,0.16877436119532266,100,100,138
"firefox","lakeBasin",2,"typescript",24175,4344,0.17968976215098242,100,100,138
"firefox","lakeBasin",2,"wasm",26131,6825,0.2611840342887758,100,100,138
"firefox","delta",0,"typescript",25391,8688,0.3421684848962231,99.99919758786878,100,109
"firefox","delta",0,"wasm",38169,14302,0.3747019832848647,99.99919758786878,100,109
"firefox","delta",1,"wasm",35366,13644,0.3857942656789006,99.99919758786878,100,109
"firefox","delta",1,"typescript",28358,7246,0.25551872487481486,99.99919758786878,100,109
"firefox","delta",2,"typescript",26037,6366,0.24449821407996314,99.99919758786878,100,109
"firefox","delta",2,"wasm",29323,11351,0.3871022746649388,99.99919758786878,100,109
"firefox","islands",0,"typescript",75362,3821,0.05070194527746079,99.99914563039896,100,272
"firefox","islands",0,"wasm",45712,4459,0.09754550227511376,99.99914563039896,100,272
"firefox","islands",1,"wasm",61358,4904,0.07992437823918641,99.99914563039896,100,272
"firefox","islands",1,"typescript",58341,3295,0.05647829142455563,99.99914563039896,100,272
"firefox","islands",2,"typescript",57711,3191,0.05529275181507858,99.99914563039896,100,272
"firefox","islands",2,"wasm",52531,5217,0.09931278673545145,99.99914563039896,100,272
"webkit","any",0,"typescript",137725,40304.00000000007,0.2926411326919591,99.99975133411894,100,484
"webkit","any",0,"wasm",120695,25882.99999999962,0.21444964580139708,99.99975133411894,100,484
"webkit","any",1,"wasm",112408,22106.99999999971,0.19666749697530167,99.99975133411894,100,484
"webkit","any",1,"typescript",127996.99999999994,35440.00000000006,0.27688148940990864,99.99975133411894,100,484
"webkit","any",2,"typescript",86547.00000000012,27554.999999998603,0.3183819196505779,99.99975133411894,100,484
"webkit","any",2,"wasm",87904,16490.000000000466,0.1875910083727756,99.99975133411894,100,484
"webkit","riverValley",0,"typescript",118906,17239.000000000116,0.14498006828923785,99.9994824606464,100,199
"webkit","riverValley",0,"wasm",53583,11419.999999999418,0.21312729783698967,99.9994824606464,100,199
"webkit","riverValley",1,"wasm",47101,6788.999999999418,0.14413706715355126,99.9994824606464,100,199
"webkit","riverValley",1,"typescript",48106,10648.000000000815,0.2213445308277723,99.9994824606464,100,199
"webkit","riverValley",2,"typescript",46191,8391.999999998254,0.18168041393341244,99.9994824606464,100,199
"webkit","riverValley",2,"wasm",25470,3163.999999998603,0.12422457793477043,99.9994824606464,100,199
"webkit","canyon",0,"typescript",18550.000000000233,2884.0000000009313,0.1554716981132558,99.99960780426542,100,75
"webkit","canyon",0,"wasm",30532.999999999767,4115.0000000006985,0.1347722136704788,99.99960780426542,100,75
"webkit","canyon",1,"wasm",31209,3725.9999999979045,0.11938863789284836,99.99960780426542,100,75
"webkit","canyon",1,"typescript",27123,4917.000000000931,0.18128525605578039,99.99960780426542,100,75
"webkit","canyon",2,"typescript",28471,4995.0000000006985,0.1754416774964244,99.99960780426542,100,75
"webkit","canyon",2,"wasm",34063,4658.000000000466,0.13674661656344025,99.99960780426542,100,75
"webkit","highlands",0,"typescript",16117,6255.9999999993015,0.38816156853008016,99.99896433428171,100,40
"webkit","highlands",0,"wasm",13676.999999999767,2965,0.21678730715800618,99.99896433428171,100,40
"webkit","highlands",1,"wasm",12219,2761.0000000020955,0.22595957115984086,99.99896433428171,100,40
"webkit","highlands",1,"typescript",14143,5924.000000001164,0.41886445591466903,99.99896433428171,100,40
"webkit","highlands",2,"typescript",15166,5905.999999999767,0.3894237109323333,99.99896433428171,100,40
"webkit","highlands",2,"wasm",14808,3207.0000000006985,0.21657212317670843,99.99896433428171,100,40
"webkit","lakeBasin",0,"typescript",18256.999999999767,4471,0.244892370049847,99.99918538188986,100,136
"webkit","lakeBasin",0,"wasm",41598,6818.000000000931,0.1639021106784204,99.99918538188986,100,136
"webkit","lakeBasin",1,"wasm",53494,9453.000000000233,0.17671140688675802,99.99918538188986,100,136
"webkit","lakeBasin",1,"typescript",56097,14624.000000000698,0.260691302565212,99.99918538188986,100,136
"webkit","lakeBasin",2,"typescript",55274,10734.000000000233,0.19419618627203084,99.99918538188986,100,136
"webkit","lakeBasin",2,"wasm",50625,8166.99999999837,0.16132345679009127,99.99918538188986,100,136
"webkit","delta",0,"typescript",58556,24412.999999998836,0.4169171391488291,99.9989014032431,100,152
"webkit","delta",0,"wasm",42143.00000000023,7749,0.18387395296964992,99.9989014032431,100,152
"webkit","delta",1,"wasm",44926,9591.000000000466,0.2134843965632477,99.9989014032431,100,152
"webkit","delta",1,"typescript",58995,25811,0.4375116535299602,99.9989014032431,100,152
"webkit","delta",2,"typescript",62056,24110.999999999767,0.3885361608869371,99.9989014032431,100,152
"webkit","delta",2,"wasm",43580,10504.000000000698,0.2410279944929027,99.9989014032431,100,152
"webkit","islands",0,"typescript",107345.00000000023,24809.999999998836,0.2311239461549097,99.99919783639449,100,222
"webkit","islands",0,"wasm",72338.00000000023,9737.999999999302,0.13461804307555186,99.99919783639449,100,222
"webkit","islands",1,"wasm",49702,18928.99999999907,0.38084986519655284,99.99919783639449,100,222
"webkit","islands",1,"typescript",70284,15653.000000000931,0.2227107165215544,99.99919783639449,100,222
"webkit","islands",2,"typescript",59465,13844.999999998603,0.2328260321197108,99.99919783639449,100,222
"webkit","islands",2,"wasm",54702,12000.000000001863,0.2193704069321389,99.99919783639449,100,222
"native","any",0,"typescript",51781.0686,10322.836399999935,0.1993554146157566,"","",0
"native","any",0,"native",40322.0108,7342.984199999897,0.1821085817476121,"","",0
"native","any",1,"native",41978.2797,7132.540200000003,0.16991025480255692,"","",0
"native","any",1,"typescript",37747.97270000001,7553.93419999996,0.200114964054744,"","",0
"native","any",2,"typescript",40220.03650000002,7375.71619999985,0.1833841249746217,"","",0
"native","any",2,"native",35903.441899999976,6525.359800000122,0.18174747196034502,"","",0
"native","riverValley",0,"typescript",83112.535,7252.567299999937,0.08726201529047257,"","",0
"native","riverValley",0,"native",89029.18179999996,6452.343199999828,0.07247447488054788,"","",0
"native","riverValley",1,"native",113353.99740000005,10280.282800000161,0.09069184180354416,"","",0
"native","riverValley",1,"typescript",161791.08640000003,12467.75139999995,0.0770608052484154,"","",0
"native","riverValley",2,"typescript",159775.32900000003,13539.03210000007,0.08473793910948584,"","",0
"native","riverValley",2,"native",105294.29229999997,9209.451200000127,0.08746391659826114,"","",0
"native","canyon",0,"typescript",98468.39810000011,9204.632699998096,0.09347803841238772,"","",0
"native","canyon",0,"native",61297.66060000006,5319.051999998745,0.08677414354698455,"","",0
"native","canyon",1,"native",64769.94290000014,5434.190600000322,0.08389988251788794,"","",0
"native","canyon",1,"typescript",43866.11550000007,4311.031500002602,0.09827702888354897,"","",0
"native","canyon",2,"typescript",47774.37690000003,5705.456400002353,0.11942503011488464,"","",0
"native","canyon",2,"native",40608.11679999996,4668.170200000051,0.11495657932110893,"","",0
"native","highlands",0,"typescript",19911.054100000067,5188.405999998795,0.26057917245068296,"","",0
"native","highlands",0,"native",23990.053700000048,4292.582299999194,0.17893175036949524,"","",0
"native","highlands",1,"native",37810.854799999855,6941.64579999866,0.1835887032101344,"","",0
"native","highlands",1,"typescript",45126.22130000009,11046.146000000183,0.2447833140418553,"","",0
"native","highlands",2,"typescript",59529.18299999996,13646.897899999283,0.2292471895674982,"","",0
"native","highlands",2,"native",50840.29700000002,8820.29310000129,0.17349019617256145,"","",0
"native","lakeBasin",0,"typescript",67940.30450000009,8744.886700000381,0.12871427003981664,"","",0
"native","lakeBasin",0,"native",57353.36250000005,7155.093499998562,0.12475455994404087,"","",0
"native","lakeBasin",1,"native",64480.6128,8203.379400003701,0.12722241684408592,"","",0
"native","lakeBasin",1,"typescript",57314.740100000054,10840.705899998778,0.189143418971881,"","",0
"native","lakeBasin",2,"typescript",63712.39810000011,11325.178399998927,0.17775470297356313,"","",0
"native","lakeBasin",2,"native",44130.09189999988,8567.405499999644,0.19413976112747836,"","",0
"native","delta",0,"typescript",49910.07070000004,13641.85740000289,0.2733287532690848,"","",0
"native","delta",0,"native",39786.816399999894,8687.110100002028,0.21834142276339685,"","",0
"native","delta",1,"native",43321.37079999992,8366.639800000237,0.19312961814219076,"","",0
"native","delta",1,"typescript",47747.61899999995,15762.954399998998,0.33013068986746785,"","",0
"native","delta",2,"typescript",39499.90719999978,12463.765899999067,0.31553911853238825,"","",0
"native","delta",2,"native",26592.503700000234,5243.718099996913,0.19718783004237644,"","",0
"native","islands",0,"typescript",90625.1148000001,13041.720999999437,0.14390846321994866,"","",0
"native","islands",0,"native",77238.28309999965,7389.97020000359,0.09567755656137343,"","",0
"native","islands",1,"native",85526.16790000023,7634.8121000034735,0.08926872660692954,"","",0
"native","islands",1,"typescript",88318.23460000008,7762.436800000723,0.08789166625847293,"","",0
"native","islands",2,"typescript",76359.85490000015,8755.354199999012,0.11465912568148418,"","",0
"native","islands",2,"native",85132.05270000035,7137.6317999996245,0.08384188532552082,"","",0
