id,size,name,typescript_median_ms,typescript_worst_ms,before_median_ms,before_worst_ms,after_median_ms,after_worst_ms,typescript_0,typescript_1,typescript_2,before_0,before_1,before_2,after_0,after_1,after_2,cpu_mean_percent,cpu_max_percent,cpu_samples
"m9b-any-96-1",96,"levelRegions",0.3333333333333333,0.335,0.4,0.495,0.45,0.6333333333333333,0.26666666666666666,0.3333333333333333,0.335,0.4,0.3,0.495,0.43,0.45,0.6333333333333333,99.29681138064689,100,9
"m9b-any-96-1",96,"distanceFrom",0.4,0.5,0.12,0.185,0.135,0.15,0.26666666666666666,0.4,0.5,0.185,0.12,0.1,0.135,0.15,0.13,99.29681138064689,100,9
"m9b-any-96-1",96,"spillLevels",2.5,2.9,1.1333333333333333,1.8,1.1333333333333333,1.2666666666666666,2.5,2.9,2.3333333333333335,1.8,1.1,1.1333333333333333,1.1,1.2666666666666666,1.1333333333333333,99.29681138064689,100,9
"m9b-any-96-1",96,"walkDistance",0.66,1.25,0.16666666666666666,0.185,0.195,0.26666666666666666,1.25,0.66,0.65,0.13333333333333333,0.16666666666666666,0.185,0.26666666666666666,0.13333333333333333,0.195,99.29681138064689,100,9
"m9b-any-96-1",96,"landRegions",0.305,0.3333333333333333,0.26666666666666666,0.28,0.325,0.33,0.3333333333333333,0.305,0.3,0.23333333333333334,0.26666666666666666,0.28,0.33,0.325,0.26666666666666666,99.29681138064689,100,9
"m9b-any-96-1",96,"walkRegions",0.4,0.55,0.365,0.415,0.3333333333333333,0.36666666666666664,0.4,0.55,0.4,0.415,0.3,0.365,0.36666666666666664,0.3333333333333333,0.3,99.29681138064689,100,9
"m9b-any-96-1",96,"components",0.1,0.105,0.06666666666666667,0.14,0.145,0.195,0.1,0.09,0.105,0.06666666666666667,0.06666666666666667,0.14,0.145,0.195,0.14,99.29681138064689,100,9
"m9b-any-96-1",96,"damSites",64,69,12.333333333333334,13,11,13.333333333333334,64,56,69,12,12.333333333333334,13,10.666666666666666,11,13.333333333333334,99.29681138064689,100,9
"m9b-any-96-1",96,"roomMap",3.2,3.25,2.066666666666667,2.2666666666666666,0.9333333333333333,1.1,3,3.2,3.25,2.2666666666666666,1.9,2.066666666666667,0.9333333333333333,1.1,0.9333333333333333,99.29681138064689,100,9
"m9b-any-96-1",96,"checks",180,189,80,80,80,97,189,180,145,80,80,76,97,80,72,99.29681138064689,100,9
"m9b-any-96-1",96,"measures",5.5,5.75,1.9333333333333333,2.7333333333333334,2.466666666666667,6,5.75,5.5,4,2.7333333333333334,1.9333333333333333,1.8666666666666667,1.6,6,2.466666666666667,99.29681138064689,100,9
"m9b-any-96-1",96,"outcomes",4.8,12,3.875,23.5,3.375,4.6,12,4.8,3.375,23.5,3.625,3.875,3.375,4.6,3.375,99.29681138064689,100,9
"m9b-any-96-1",96,"m9bMeasures",0.43333333333333335,1.6,0.47,0.5333333333333333,0.3333333333333333,0.41,1.6,0.43333333333333335,0.43,0.5333333333333333,0.4,0.47,0.3333333333333333,0.41,0.3333333333333333,99.29681138064689,100,9
"m9b-any-128-1",128,"levelRegions",0.4666666666666667,0.6,0.7333333333333333,0.7333333333333333,0.7,0.7333333333333333,0.4666666666666667,0.4666666666666667,0.6,0.6666666666666666,0.7333333333333333,0.7333333333333333,0.7333333333333333,0.7,0.7,98.37742200313254,100,12
"m9b-any-128-1",128,"distanceFrom",0.6666666666666666,0.7,0.235,0.245,0.215,0.22,0.6666666666666666,0.375,0.7,0.245,0.23333333333333334,0.235,0.16666666666666666,0.215,0.22,98.37742200313254,100,12
"m9b-any-128-1",128,"spillLevels",3.6,4.2,1.5333333333333334,1.6,1.6333333333333333,2.1,3.5,4.2,3.6,1.4666666666666666,1.5333333333333334,1.6,2.1,1.6333333333333333,1.625,98.37742200313254,100,12
"m9b-any-128-1",128,"walkDistance",1.1666666666666667,2,0.3333333333333333,0.365,0.415,0.5,1.1,1.1666666666666667,2,0.3333333333333333,0.365,0.3333333333333333,0.415,0.36,0.5,98.37742200313254,100,12
"m9b-any-128-1",128,"landRegions",0.7,0.7,0.5333333333333333,0.5333333333333333,0.5333333333333333,0.545,0.7,0.55,0.7,0.5,0.5333333333333333,0.5333333333333333,0.545,0.5333333333333333,0.5333333333333333,98.37742200313254,100,12
"m9b-any-128-1",128,"walkRegions",0.72,1.8,0.5666666666666667,0.6666666666666666,0.6,0.6333333333333333,0.72,0.5,1.8,0.5666666666666667,0.43333333333333335,0.6666666666666666,0.5666666666666667,0.6333333333333333,0.6,98.37742200313254,100,12
"m9b-any-128-1",128,"components",0.39,0.4666666666666667,0.23333333333333334,0.6666666666666666,0.425,0.43333333333333335,0.3333333333333333,0.39,0.4666666666666667,0.23333333333333334,0.6666666666666666,0.23333333333333334,0.425,0.26666666666666666,0.43333333333333335,98.37742200313254,100,12
"m9b-any-128-1",128,"damSites",254,262,37,50,41,45,254,262,201,50,31,37,45,41,31.5,98.37742200313254,100,12
"m9b-any-128-1",128,"roomMap",8.25,8.666666666666666,5.75,5.8,3,3,8.666666666666666,7.666666666666667,8.25,5.8,5.75,5.6,2.7333333333333334,3,3,98.37742200313254,100,12
"m9b-any-128-1",128,"checks",286,319,122,122,120,127,319,286,253,122,122,113,116,120,127,98.37742200313254,100,12
"m9b-any-128-1",128,"measures",4.8,10,2.5,3.8,2.875,9,10,4.75,4.8,3.8,2.5,2.5,2.875,2.8,9,98.37742200313254,100,12
"m9b-any-128-1",128,"outcomes",7.2,36,7,37,6,6.2,36,6,7.2,37,6.4,7,6,6.2,5.4,98.37742200313254,100,12
"m9b-any-128-1",128,"m9bMeasures",0.77,2.1,0.7,0.745,0.7333333333333333,0.7666666666666667,2.1,0.7,0.77,0.7,0.745,0.6,0.7666666666666667,0.6,0.7333333333333333,98.37742200313254,100,12
"m9b-any-256-1",256,"levelRegions",2.4,2.466666666666667,3.25,3.5,3.1,3.6666666666666665,2.4,2.25,2.466666666666667,3.25,3,3.5,3,3.6666666666666665,3.1,98.68658156546604,100,29
"m9b-any-256-1",256,"distanceFrom",1.8666666666666667,1.9333333333333333,1.13,1.1333333333333333,1.0666666666666667,1.2333333333333334,1.9333333333333333,1.8666666666666667,1.5,1.0666666666666667,1.1333333333333333,1.13,1.04,1.2333333333333334,1.0666666666666667,98.68658156546604,100,29
"m9b-any-256-1",256,"spillLevels",23.5,27.5,11.2,12.2,10.8,14,15.5,23.5,27.5,11.2,10.6,12.2,10.8,10.666666666666666,14,98.68658156546604,100,29
"m9b-any-256-1",256,"walkDistance",2.8333333333333335,3.3333333333333335,1.0666666666666667,1.165,0.9666666666666667,1.1333333333333333,2.8333333333333335,1.9333333333333333,3.3333333333333335,0.9666666666666667,1.165,1.0666666666666667,0.9666666666666667,0.9333333333333333,1.1333333333333333,98.68658156546604,100,29
"m9b-any-256-1",256,"landRegions",2,2.7,1.9,2.5,2,2.4,2.7,1.9333333333333333,2,2.5,1.9,1.8,1.9333333333333333,2.4,2,98.68658156546604,100,29
"m9b-any-256-1",256,"walkRegions",3,3.3,2.75,2.8,2.8,2.9,3.3,3,2.9,2.6,2.8,2.75,2.8,2.9,2.8,98.68658156546604,100,29
"m9b-any-256-1",256,"components",0.5666666666666667,0.685,0.8666666666666667,0.9,0.9333333333333333,1.0666666666666667,0.5666666666666667,0.685,0.5666666666666667,0.8666666666666667,0.9,0.8666666666666667,1.0666666666666667,0.8666666666666667,0.9333333333333333,98.68658156546604,100,29
"m9b-any-256-1",256,"damSites",134,140,24.5,26,25,25,130,140,134,23,24.5,26,24,25,25,98.68658156546604,100,29
"m9b-any-256-1",256,"roomMap",746,799,240,245,164,170,799,746,703,240,245,223,164,164,170,98.68658156546604,100,29
"m9b-any-256-1",256,"checks",459,472,296,359,278,285,459,410,472,296,213,359,285,249,278,98.68658156546604,100,29
"m9b-any-256-1",256,"measures",19.5,20,10.666666666666666,17,12,12.333333333333334,20,17,19.5,17,10.666666666666666,10,12.333333333333334,12,12,98.68658156546604,100,29
"m9b-any-256-1",256,"outcomes",22.5,59,25,30,25,33,59,22,22.5,30,23,25,25,23,33,98.68658156546604,100,29
"m9b-any-256-1",256,"m9bMeasures",3.6,12.666666666666666,2.75,2.8,2.8,10.666666666666666,12.666666666666666,3.6,2.8,2.8,2.75,2.466666666666667,2.8,2.466666666666667,10.666666666666666,98.68658156546604,100,29
"m9b-riverValley-96-1",96,"levelRegions",0.26666666666666666,0.3333333333333333,0.44,0.5333333333333333,0.43333333333333335,0.44,0.26666666666666666,0.3333333333333333,0.2,0.5333333333333333,0.36666666666666664,0.44,0.44,0.4,0.43333333333333335,98.53901499256826,99.90357664876427,9
"m9b-riverValley-96-1",96,"distanceFrom",0.2,0.3333333333333333,0.13,0.155,0.13,0.16,0.2,0.3333333333333333,0.195,0.13,0.155,0.12,0.1,0.13,0.16,98.53901499256826,99.90357664876427,9
"m9b-riverValley-96-1",96,"spillLevels",1.8333333333333333,1.8666666666666667,0.755,0.8333333333333334,0.8,0.9,1.8,1.8333333333333333,1.8666666666666667,0.8333333333333334,0.7333333333333333,0.755,0.9,0.7666666666666667,0.8,98.53901499256826,99.90357664876427,9
"m9b-riverValley-96-1",96,"walkDistance",1.7,2,0.4666666666666667,0.5,0.5,0.5,1.7,1.6,2,0.4666666666666667,0.5,0.4666666666666667,0.5,0.36666666666666664,0.5,98.53901499256826,99.90357664876427,9
"m9b-riverValley-96-1",96,"landRegions",0.28,0.3333333333333333,0.24,0.31,0.23,0.25,0.28,0.26666666666666666,0.3333333333333333,0.31,0.24,0.2,0.225,0.25,0.23,98.53901499256826,99.90357664876427,9
"m9b-riverValley-96-1",96,"walkRegions",0.49,2.625,0.3,0.39,0.345,0.35,0.395,0.49,2.625,0.26666666666666666,0.39,0.3,0.35,0.26666666666666666,0.345,98.53901499256826,99.90357664876427,9
"m9b-riverValley-96-1",96,"components",0.13,0.135,0.2,0.33,0.165,0.17,0.1,0.13,0.135,0.33,0.13333333333333333,0.2,0.165,0.17,0.165,98.53901499256826,99.90357664876427,9
"m9b-riverValley-96-1",96,"damSites",99,119,20,20.5,18.666666666666668,19,119,99,94,20.5,20,18,19,18,18.666666666666668,98.53901499256826,99.90357664876427,9
"m9b-riverValley-96-1",96,"roomMap",5,5.333333333333333,2.6,2.625,1.4666666666666666,1.5,4.4,5,5.333333333333333,2.6,2.5,2.625,1.5,1.4666666666666666,1.3333333333333333,98.53901499256826,99.90357664876427,9
"m9b-riverValley-96-1",96,"checks",147,161,70,101,70,71,147,146,161,70,101,70,70,70,71,98.53901499256826,99.90357664876427,9
"m9b-riverValley-96-1",96,"measures",4.333333333333333,6.666666666666667,2.1666666666666665,2.7333333333333334,2,2.4,6.666666666666667,2.8,4.333333333333333,2.1666666666666665,2.7333333333333334,1.9666666666666666,1.6,2,2.4,98.53901499256826,99.90357664876427,9
"m9b-riverValley-96-1",96,"outcomes",19.5,23,4,22.5,19,19,23,3.8333333333333335,19.5,22.5,3.4,4,19,13.5,19,98.53901499256826,99.90357664876427,9
"m9b-riverValley-96-1",96,"m9bMeasures",0.415,0.9,0.36666666666666664,0.43333333333333335,0.4,0.415,0.9,0.415,0.405,0.43333333333333335,0.36666666666666664,0.3333333333333333,0.4,0.4,0.415,98.53901499256826,99.90357664876427,9
"m9b-riverValley-128-1",128,"levelRegions",0.5333333333333333,0.7333333333333333,0.6666666666666666,0.845,0.6666666666666666,0.6666666666666666,0.505,0.5333333333333333,0.7333333333333333,0.6666666666666666,0.845,0.6,0.6666666666666666,0.6,0.6666666666666666,96.78590040343758,100,13
"m9b-riverValley-128-1",128,"distanceFrom",0.455,0.5,0.25,0.26,0.205,0.23333333333333334,0.5,0.455,0.2,0.205,0.25,0.26,0.205,0.2,0.23333333333333334,96.78590040343758,100,13
"m9b-riverValley-128-1",128,"spillLevels",3.3333333333333335,3.625,1.4666666666666666,1.4666666666666666,1.6,1.6666666666666667,3.3333333333333335,3.3,3.625,1.4666666666666666,1.4,1.4666666666666666,1.6666666666666667,1.6,1.5333333333333334,96.78590040343758,100,13
"m9b-riverValley-128-1",128,"walkDistance",0.58,0.6,0.24,0.26,0.18,0.19,0.6,0.58,0.4666666666666667,0.26,0.24,0.15,0.19,0.18,0.13333333333333333,96.78590040343758,100,13
"m9b-riverValley-128-1",128,"landRegions",0.6,0.61,0.5666666666666667,0.6,0.58,0.6,0.61,0.6,0.495,0.5666666666666667,0.6,0.4666666666666667,0.58,0.6,0.5,96.78590040343758,100,13
"m9b-riverValley-128-1",128,"walkRegions",1.1666666666666667,1.5333333333333334,0.7666666666666667,0.785,0.8666666666666667,0.9666666666666667,1.1666666666666667,0.625,1.5333333333333334,0.7666666666666667,0.785,0.68,0.8666666666666667,0.7666666666666667,0.9666666666666667,96.78590040343758,100,13
"m9b-riverValley-128-1",128,"components",0.255,0.4,0.23333333333333334,0.26666666666666666,0.4,0.43333333333333335,0.255,0.245,0.4,0.23333333333333334,0.26666666666666666,0.23333333333333334,0.26666666666666666,0.43333333333333335,0.4,96.78590040343758,100,13
"m9b-riverValley-128-1",128,"damSites",209,225,41,44,35,39,225,209,192,41,44,40,35,34,39,96.78590040343758,100,13
"m9b-riverValley-128-1",128,"roomMap",20.5,23.5,11.5,12.75,6.666666666666667,9.5,23.5,18.5,20.5,10.25,11.5,12.75,6.666666666666667,9.5,5.4,96.78590040343758,100,13
"m9b-riverValley-128-1",128,"checks",278,359,140,207,145,148,359,278,268,207,140,125,145,119,148,96.78590040343758,100,13
"m9b-riverValley-128-1",128,"measures",4.4,8.666666666666666,9.666666666666666,10.25,3,3.1,8.666666666666666,4.4,3.375,9.666666666666666,2.8,10.25,3,3.1,2.1333333333333333,96.78590040343758,100,13
"m9b-riverValley-128-1",128,"outcomes",6.5,13.5,4.6,15.5,3.7,4.375,13.5,6.5,3.75,15.5,4.6,4,3.625,4.375,3.7,96.78590040343758,100,13
"m9b-riverValley-128-1",128,"m9bMeasures",0.5666666666666667,0.9,0.6333333333333333,0.71,0.4,0.785,0.5666666666666667,0.48,0.9,0.4,0.6333333333333333,0.71,0.4,0.385,0.785,96.78590040343758,100,13
"m9b-riverValley-256-1",256,"levelRegions",2.4,3.125,2.8,3.5,2.7,2.8,2.4,2.066666666666667,3.125,2.6,2.8,3.5,2.7,2.6,2.8,98.19164644336313,100,30
"m9b-riverValley-256-1",256,"distanceFrom",2.2,2.2666666666666666,0.9333333333333333,1.2,1.0666666666666667,1.1333333333333333,2.2,2.2666666666666666,1.6,0.9333333333333333,1.2,0.8666666666666667,0.9333333333333333,1.1333333333333333,1.0666666666666667,98.19164644336313,100,30
"m9b-riverValley-256-1",256,"spillLevels",16,16,7.4,7.4,6.8,7,14,16,16,6.8,7.4,7.4,6.666666666666667,6.8,7,98.19164644336313,100,30
"m9b-riverValley-256-1",256,"walkDistance",2.5,3,1.0666666666666667,1.2666666666666666,1.1333333333333333,1.2,2.5,3,2.466666666666667,1.0666666666666667,1.2666666666666666,1.0666666666666667,1.1333333333333333,1.1333333333333333,1.2,98.19164644336313,100,30
"m9b-riverValley-256-1",256,"landRegions",2.466666666666667,3.2,2.2666666666666666,2.5,2.2,2.4,2.466666666666667,3.2,2.3333333333333335,2.5,2.2666666666666666,2,2.2,2,2.4,98.19164644336313,100,30
"m9b-riverValley-256-1",256,"walkRegions",3.125,3.6,2.6,2.6,2.5,4.8,3.125,2.75,3.6,2.6,2.6,2.5,4.8,2.5,2.466666666666667,98.19164644336313,100,30
"m9b-riverValley-256-1",256,"components",0.9,1.0666666666666667,1,2.2666666666666666,0.9333333333333333,0.9333333333333333,1.0666666666666667,0.9,0.9,1,1,2.2666666666666666,0.9333333333333333,0.8666666666666667,0.9333333333333333,98.19164644336313,100,30
"m9b-riverValley-256-1",256,"damSites",86,89,15.5,17.5,16,16.5,86,86,89,15.5,17.5,14.5,16,14.666666666666666,16.5,98.19164644336313,100,30
"m9b-riverValley-256-1",256,"roomMap",867,994,259,328,210,217,994,819,867,328,254,259,217,210,180,98.19164644336313,100,30
"m9b-riverValley-256-1",256,"checks",476,646,391,438,393,460,646,476,352,438,391,365,393,460,342,98.19164644336313,100,30
"m9b-riverValley-256-1",256,"measures",12.333333333333334,19,9,9.25,10,11.25,19,11.333333333333334,12.333333333333334,9,9.25,8.333333333333334,11.25,9.25,10,98.19164644336313,100,30
"m9b-riverValley-256-1",256,"outcomes",26,37,25.5,27,24,70.5,37,26,22.5,22,25.5,27,17.5,70.5,24,98.19164644336313,100,30
"m9b-riverValley-256-1",256,"m9bMeasures",3,9.75,2.466666666666667,2.7333333333333334,2.466666666666667,2.6,9.75,2.4,3,2.466666666666667,2.7333333333333334,2.4,2.466666666666667,2.3,2.6,98.19164644336313,100,30
"m9b-canyon-96-1",96,"levelRegions",0.315,0.3333333333333333,0.4,0.575,0.36666666666666664,0.505,0.315,0.3333333333333333,0.24,0.4,0.575,0.36666666666666664,0.36666666666666664,0.505,0.3,100,100,9
"m9b-canyon-96-1",96,"distanceFrom",0.265,0.3,0.14,0.145,0.1,0.14,0.265,0.3,0.16666666666666666,0.13333333333333333,0.145,0.14,0.14,0.1,0.1,100,100,9
"m9b-canyon-96-1",96,"spillLevels",2.1666666666666665,2.6666666666666665,0.92,0.96,0.9,1.2333333333333334,2.1666666666666665,1.75,2.6666666666666665,0.92,0.96,0.7333333333333333,0.9,1.2333333333333334,0.7,100,100,9
"m9b-canyon-96-1",96,"walkDistance",0.4,0.6333333333333333,0.1,0.1,0.1,0.13333333333333333,0.6333333333333333,0.4,0.24,0.06666666666666667,0.1,0.1,0.13333333333333333,0.1,0.085,100,100,9
"m9b-canyon-96-1",96,"landRegions",0.34,0.5,0.3,0.34,0.26666666666666666,0.36666666666666664,0.325,0.34,0.5,0.3,0.3,0.34,0.36666666666666664,0.26666666666666666,0.23333333333333334,100,100,9
"m9b-canyon-96-1",96,"walkRegions",0.53,0.555,0.355,0.385,0.32,0.335,0.51,0.555,0.53,0.34,0.385,0.355,0.26666666666666666,0.32,0.335,100,100,9
"m9b-canyon-96-1",96,"components",0.115,0.125,0.145,0.26666666666666666,0.16666666666666666,0.18,0.115,0.125,0.11,0.26666666666666666,0.145,0.135,0.15,0.18,0.16666666666666666,100,100,9
"m9b-canyon-96-1",96,"damSites",84,97,15.333333333333334,16.666666666666668,15.333333333333334,17.333333333333332,78,84,97,16.666666666666668,12.666666666666666,15.333333333333334,17.333333333333332,14,15.333333333333334,100,100,9
"m9b-canyon-96-1",96,"roomMap",6.5,8.5,2.4,3.2,1.3,1.8666666666666667,6.5,8.5,5,3.2,2.4,2.3333333333333335,1.3,1.8666666666666667,1.2333333333333334,100,100,9
"m9b-canyon-96-1",96,"checks",129,156,76,80,77,91,129,156,127,76,80,59,91,71,77,100,100,9
"m9b-canyon-96-1",96,"measures",2.4,5.75,1.7333333333333334,2.3,1.7333333333333334,1.8666666666666667,5.75,2.375,2.4,2.3,1.5,1.7333333333333334,1.7333333333333334,1.8666666666666667,1.6,100,100,9
"m9b-canyon-96-1",96,"outcomes",4.1,22,3.375,23.5,3.375,3.5,22,3.4,4.1,23.5,3.3,3.375,3.25,3.375,3.5,100,100,9
"m9b-canyon-96-1",96,"m9bMeasures",0.4,1.4666666666666666,0.4,1.375,0.36,0.36666666666666664,1.4666666666666666,0.4,0.36666666666666664,0.38,1.375,0.4,0.36666666666666664,0.36,0.34,100,100,9
"m9b-canyon-128-1",128,"levelRegions",0.47,0.6,0.7333333333333333,0.7666666666666667,0.6666666666666666,0.8,0.47,0.47,0.6,0.7333333333333333,0.7666666666666667,0.7,0.6666666666666666,0.6666666666666666,0.8,99.5369627713265,100,11
"m9b-canyon-128-1",128,"distanceFrom",0.5,0.5333333333333333,0.25,0.28,0.23,0.275,0.45,0.5333333333333333,0.5,0.28,0.2,0.25,0.275,0.23,0.205,99.5369627713265,100,11
"m9b-canyon-128-1",128,"spillLevels",3.6,4.4,1.5333333333333334,1.6666666666666667,1.5,1.6333333333333333,4.4,3.5,3.6,1.5333333333333334,1.6666666666666667,1.4666666666666666,1.4,1.6333333333333333,1.5,99.5369627713265,100,11
"m9b-canyon-128-1",128,"walkDistance",0.8666666666666667,1.1,0.3,0.36666666666666664,0.26666666666666666,0.26666666666666666,1.1,0.805,0.8666666666666667,0.36666666666666664,0.3,0.3,0.26666666666666666,0.26666666666666666,0.265,99.5369627713265,100,11
"m9b-canyon-128-1",128,"landRegions",0.6,0.7333333333333333,0.4666666666666667,0.5,0.5333333333333333,0.535,0.7333333333333333,0.6,0.55,0.4,0.5,0.4666666666666667,0.5333333333333333,0.4,0.535,99.5369627713265,100,11
"m9b-canyon-128-1",128,"walkRegions",0.77,0.8,0.5666666666666667,0.6333333333333333,0.5333333333333333,0.6,0.77,0.625,0.8,0.5666666666666667,0.6333333333333333,0.5333333333333333,0.5333333333333333,0.6,0.5333333333333333,99.5369627713265,100,11
"m9b-canyon-128-1",128,"components",0.26666666666666666,0.3,0.255,0.275,0.23333333333333334,0.26666666666666666,0.3,0.26666666666666666,0.2,0.275,0.13333333333333333,0.255,0.26666666666666666,0.23333333333333334,0.2,99.5369627713265,100,11
"m9b-canyon-128-1",128,"damSites",156,161,30,33,29,31.5,148,161,156,30,30,33,29,31.5,28,99.5369627713265,100,11
"m9b-canyon-128-1",128,"roomMap",24.5,28,9.666666666666666,10,5.833333333333333,6,24.5,24.5,28,9.333333333333334,10,9.666666666666666,5.8,5.833333333333333,6,99.5369627713265,100,11
"m9b-canyon-128-1",128,"checks",238,255,128,137,130,153,208,238,255,137,128,116,130,153,120,99.5369627713265,100,11
"m9b-canyon-128-1",128,"measures",4.666666666666667,22.666666666666668,3,8.25,2.75,10,22.666666666666668,3.8,4.666666666666667,8.25,3,2.9,2.6,2.75,10,99.5369627713265,100,11
"m9b-canyon-128-1",128,"outcomes",6.6,24,6.2,13,7,9.333333333333334,24,6.333333333333333,6.6,13,5.6,6.2,6,9.333333333333334,7,99.5369627713265,100,11
"m9b-canyon-128-1",128,"m9bMeasures",0.6666666666666666,1.1333333333333333,0.595,0.69,0.5666666666666667,0.63,1.1333333333333333,0.63,0.6666666666666666,0.595,0.5666666666666667,0.69,0.5666666666666667,0.5666666666666667,0.63,99.5369627713265,100,11
"m9b-canyon-256-1",256,"levelRegions",1.8333333333333333,2,3,3.125,3,3.2,1.8,1.8333333333333333,2,3,3,3.125,3,3.2,2.875,99.61204433493053,100,29
"m9b-canyon-256-1",256,"distanceFrom",1.755,1.8333333333333333,1.1,1.1333333333333333,1,1.0666666666666667,1.8333333333333333,1.6,1.755,1.1,1.1,1.1333333333333333,0.9666666666666667,1.0666666666666667,1,99.61204433493053,100,29
"m9b-canyon-256-1",256,"spillLevels",16,19.5,7.25,7.8,6.6,8,16,15,19.5,7.8,6.4,7.25,6.6,6.6,8,99.61204433493053,100,29
"m9b-canyon-256-1",256,"walkDistance",2.3666666666666667,2.5,0.8,0.9,1,1.0666666666666667,1.8333333333333333,2.5,2.3666666666666667,0.8,0.9,0.7666666666666667,1.0666666666666667,0.8666666666666667,1,99.61204433493053,100,29
"m9b-canyon-256-1",256,"landRegions",2.7333333333333334,2.8666666666666667,2.1,3.1,2.6,3.6,2.6,2.8666666666666667,2.7333333333333334,2.1,2.1,3.1,2,3.6,2.6,99.61204433493053,100,29
"m9b-canyon-256-1",256,"walkRegions",3.9,4.5,2.7,3.1,3,4.25,3.9,4.5,3.4,2.2,3.1,2.7,3,2.875,4.25,99.61204433493053,100,29
"m9b-canyon-256-1",256,"components",0.8,0.9,1.2666666666666666,1.3,1.1666666666666667,1.3,0.8,0.9,0.8,1.2666666666666666,1.0666666666666667,1.3,1.1333333333333333,1.1666666666666667,1.3,99.61204433493053,100,29
"m9b-canyon-256-1",256,"damSites",251,281,39,46,41,42,281,230,251,46,39,39,42,41,39,99.61204433493053,100,29
"m9b-canyon-256-1",256,"roomMap",470,504,141,150,109,111,445,470,504,141,150,130,109,111,100,99.61204433493053,100,29
"m9b-canyon-256-1",256,"checks",631,699,408,481,378,390,699,592,631,388,481,408,378,366,390,99.61204433493053,100,29
"m9b-canyon-256-1",256,"measures",18,30,12,12.666666666666666,12.666666666666666,16,30,18,18,12.666666666666666,11.666666666666666,12,16,12.666666666666666,11.666666666666666,99.61204433493053,100,29
"m9b-canyon-256-1",256,"outcomes",27,42,28,35.5,32.5,96.5,42,25,27,28,35.5,25,22,96.5,32.5,99.61204433493053,100,29
"m9b-canyon-256-1",256,"m9bMeasures",3.8,6.333333333333333,3.066666666666667,3.5,2.8,4.1,6.333333333333333,3.8,2.9,2.8666666666666667,3.066666666666667,3.5,4.1,2.8,2.6,99.61204433493053,100,29
"m9b-highlands-96-1",96,"levelRegions",0.255,0.265,0.36666666666666664,0.445,0.44,0.545,0.255,0.265,0.24,0.36666666666666664,0.445,0.26666666666666666,0.44,0.545,0.4,99.66776854170071,100,9
"m9b-highlands-96-1",96,"distanceFrom",0.095,0.2,0.065,0.1,0.06,0.07,0.2,0.095,0.06666666666666667,0.065,0.03333333333333333,0.1,0.07,0.06,0.03333333333333333,99.66776854170071,100,9
"m9b-highlands-96-1",96,"spillLevels",2.4,2.6,0.9333333333333333,0.965,0.9,1.02,2.6,2.2,2.4,0.9333333333333333,0.965,0.8333333333333334,1.02,0.8,0.9,99.66776854170071,100,9
"m9b-highlands-96-1",96,"walkDistance",0.6,1,0.16666666666666666,0.21,0.2,0.235,0.5,1,0.6,0.21,0.13333333333333333,0.16666666666666666,0.2,0.235,0.185,99.66776854170071,100,9
"m9b-highlands-96-1",96,"landRegions",0.305,0.4,0.23333333333333334,0.3,0.23333333333333334,0.28,0.305,0.265,0.4,0.23333333333333334,0.16666666666666666,0.3,0.28,0.2,0.23333333333333334,99.66776854170071,100,9
"m9b-highlands-96-1",96,"walkRegions",0.4666666666666667,0.57,0.38,0.38,0.3,0.4,0.4666666666666667,0.57,0.43333333333333335,0.38,0.38,0.26666666666666666,0.3,0.4,0.3,99.66776854170071,100,9
"m9b-highlands-96-1",96,"components",0.14,0.2,0.13333333333333333,0.18,0.16666666666666666,0.205,0.13333333333333333,0.2,0.14,0.13333333333333333,0.13333333333333333,0.18,0.16666666666666666,0.14,0.205,99.66776854170071,100,9
"m9b-highlands-96-1",96,"damSites",54,57,10.666666666666666,11.75,9.25,12,54,47,57,10.666666666666666,10.25,11.75,9.25,8.75,12,99.66776854170071,100,9
"m9b-highlands-96-1",96,"roomMap",20,20.666666666666668,7.166666666666667,7.25,3.6,3.8,16.5,20,20.666666666666668,7.25,6.833333333333333,7.166666666666667,3.6,3.8,3.5,99.66776854170071,100,9
"m9b-highlands-96-1",96,"checks",124,156,68,81,79,79,156,124,116,81,66,68,76,79,79,99.66776854170071,100,9
"m9b-highlands-96-1",96,"measures",3.7,8.333333333333334,1.8,2.6,2.1333333333333333,2.1333333333333333,8.333333333333334,3.466666666666667,3.7,2.6,1.8,1.7333333333333334,2.1333333333333333,1.7333333333333334,2.1333333333333333,99.66776854170071,100,9
"m9b-highlands-96-1",96,"outcomes",3.875,23,3.125,36,3.2,3.625,23,3.875,3.375,36,3.125,3.125,3.2,3.625,3.1,99.66776854170071,100,9
"m9b-highlands-96-1",96,"m9bMeasures",0.3,0.7333333333333333,0.26666666666666666,0.29,0.235,0.26,0.7333333333333333,0.275,0.3,0.26666666666666666,0.29,0.255,0.2,0.235,0.26,99.66776854170071,100,9
"m9b-highlands-128-1",128,"levelRegions",0.5,0.565,0.6333333333333333,0.6666666666666666,0.6666666666666666,0.7333333333333333,0.47,0.5,0.565,0.6666666666666666,0.6333333333333333,0.6,0.6666666666666666,0.7333333333333333,0.6666666666666666,99.31054501492136,100,15
"m9b-highlands-128-1",128,"distanceFrom",0.26,0.3333333333333333,0.125,0.155,0.1,0.11,0.19,0.3333333333333333,0.26,0.155,0.125,0.115,0.1,0.06666666666666667,0.11,99.31054501492136,100,15
"m9b-highlands-128-1",128,"spillLevels",4.3,4.333333333333333,1.5333333333333334,1.8,1.4666666666666666,1.5,4.3,4.333333333333333,3.625,1.5333333333333334,1.8,1.5,1.5,1.4666666666666666,1.4666666666666666,99.31054501492136,100,15
"m9b-highlands-128-1",128,"walkDistance",0.3333333333333333,1.9,0.17,0.2,0.13333333333333333,0.195,0.3333333333333333,0.26666666666666666,1.9,0.17,0.13333333333333333,0.2,0.195,0.13333333333333333,0.13333333333333333,99.31054501492136,100,15
"m9b-highlands-128-1",128,"landRegions",0.555,0.56,0.5333333333333333,0.6666666666666666,0.5,0.5666666666666667,0.555,0.485,0.56,0.5333333333333333,0.6666666666666666,0.43333333333333335,0.4666666666666667,0.5,0.5666666666666667,99.31054501492136,100,15
"m9b-highlands-128-1",128,"walkRegions",1.0666666666666667,1.1666666666666667,0.6,0.7333333333333333,0.6333333333333333,0.7,1,1.1666666666666667,1.0666666666666667,0.5333333333333333,0.6,0.7333333333333333,0.6333333333333333,0.6,0.7,99.31054501492136,100,15
"m9b-highlands-128-1",128,"components",0.25,0.26666666666666666,0.33,0.36666666666666664,0.33,0.37,0.2,0.26666666666666666,0.25,0.33,0.23333333333333334,0.36666666666666664,0.33,0.26666666666666666,0.37,99.31054501492136,100,15
"m9b-highlands-128-1",128,"damSites",340,348,65,68,58,68,348,340,321,65,59,68,58,50,68,99.31054501492136,100,15
"m9b-highlands-128-1",128,"roomMap",7.333333333333333,8.2,4.75,5,3.1,3.2666666666666666,7.333333333333333,8.2,7,4.75,4.5,5,2.466666666666667,3.1,3.2666666666666666,99.31054501492136,100,15
"m9b-highlands-128-1",128,"checks",424,453,178,182,175,182,453,424,377,178,170,182,175,159,182,99.31054501492136,100,15
"m9b-highlands-128-1",128,"measures",5.6,14.5,3.3,5,3.5,3.9,14.5,5.2,5.6,5,3.3,3.2,3.9,3.5,3.3,99.31054501492136,100,15
"m9b-highlands-128-1",128,"outcomes",26,33,10.5,38,12.2,30,26,8.25,33,10.5,6.833333333333333,38,6.6,12.2,30,99.31054501492136,100,15
"m9b-highlands-128-1",128,"m9bMeasures",0.7333333333333333,1,0.71,0.725,0.7666666666666667,0.8,1,0.7333333333333333,0.6333333333333333,0.71,0.725,0.6333333333333333,0.8,0.7666666666666667,0.6333333333333333,99.31054501492136,100,15
"m9b-highlands-256-1",256,"levelRegions",2.2666666666666666,3,3.2,3.4,3.375,3.7,3,2.1,2.2666666666666666,3.4,3.1666666666666665,3.2,3.7,3,3.375,99.13623777346297,100,37
"m9b-highlands-256-1",256,"distanceFrom",2.6666666666666665,2.7,1.1333333333333333,1.2666666666666666,1.405,1.4666666666666666,2.7,2.2,2.6666666666666665,1.2666666666666666,1.0666666666666667,1.1333333333333333,1.405,1.4666666666666666,1.2666666666666666,99.13623777346297,100,37
"m9b-highlands-256-1",256,"spillLevels",19.5,20.5,8.25,9.2,9.2,9.75,18.5,19.5,20.5,8.25,9.2,7.8,8,9.75,9.2,99.13623777346297,100,37
"m9b-highlands-256-1",256,"walkDistance",2,3.5,0.9666666666666667,1.275,1.2,1.3666666666666667,2,3.5,1.8,0.7333333333333333,0.9666666666666667,1.275,1.2,1.2,1.3666666666666667,99.13623777346297,100,37
"m9b-highlands-256-1",256,"landRegions",2.9,3.875,2.625,2.8,2.4,3.3,3.875,2.9,2.066666666666667,2.8,2.4,2.625,2.2,2.4,3.3,99.13623777346297,100,37
"m9b-highlands-256-1",256,"walkRegions",3.25,5.333333333333333,2.7,2.9,2.6,2.8,3.1666666666666665,3.25,5.333333333333333,2.7,2.6666666666666665,2.9,2.8,2.6,2.6,99.13623777346297,100,37
"m9b-highlands-256-1",256,"components",0.75,0.9333333333333333,0.875,0.9,0.9666666666666667,1.085,0.9333333333333333,0.6,0.75,0.875,0.9,0.8666666666666667,1.085,0.9666666666666667,0.8333333333333334,99.13623777346297,100,37
"m9b-highlands-256-1",256,"damSites",166,170,37,39,32,32.5,157,166,170,39,33.5,37,32,28,32.5,99.13623777346297,100,37
"m9b-highlands-256-1",256,"roomMap",1446,1743,486,493,315,501,1403,1446,1743,438,486,493,315,312,501,99.13623777346297,100,37
"m9b-highlands-256-1",256,"checks",446,465,331,399,289,306,465,370,446,245,399,331,306,225,289,99.13623777346297,100,37
"m9b-highlands-256-1",256,"measures",17.5,21,10.666666666666666,11.666666666666666,11,13,21,17.5,17,10.666666666666666,11.666666666666666,10.333333333333334,11,13,10.333333333333334,99.13623777346297,100,37
"m9b-highlands-256-1",256,"outcomes",29,41,24.5,72,26,26,41,24.5,29,72,23.5,24.5,24,26,26,99.13623777346297,100,37
"m9b-highlands-256-1",256,"m9bMeasures",2.2333333333333334,4.5,1.7333333333333334,2,1.8666666666666667,2,4.5,1.8666666666666667,2.2333333333333334,2,1.7333333333333334,1.6666666666666667,1.8666666666666667,1.8,2,99.13623777346297,100,37
"m9b-lakeBasin-96-1",96,"levelRegions",0.32,0.355,0.5333333333333333,0.5333333333333333,0.43333333333333335,0.43333333333333335,0.32,0.355,0.3,0.5333333333333333,0.5333333333333333,0.47,0.43333333333333335,0.4,0.43333333333333335,97.66751535401713,100,10
"m9b-lakeBasin-96-1",96,"distanceFrom",0.3,0.4,0.115,0.13,0.115,0.12,0.4,0.3,0.2,0.13,0.115,0.105,0.1,0.12,0.115,97.66751535401713,100,10
"m9b-lakeBasin-96-1",96,"spillLevels",2.066666666666667,2.2,0.9,1.0333333333333334,0.9,0.9,2.066666666666667,2,2.2,0.9,1.0333333333333334,0.8666666666666667,0.9,0.9,0.9,97.66751535401713,100,10
"m9b-lakeBasin-96-1",96,"walkDistance",0.105,0.16,0.06666666666666667,0.06666666666666667,0.075,0.085,0.16,0.09,0.105,0.06666666666666667,0.03333333333333333,0.06666666666666667,0.075,0.085,0.06666666666666667,97.66751535401713,100,10
"m9b-lakeBasin-96-1",96,"landRegions",0.26666666666666666,0.26666666666666666,0.27,0.3,0.24,0.3,0.255,0.26666666666666666,0.26666666666666666,0.27,0.3,0.245,0.3,0.24,0.2,97.66751535401713,100,10
"m9b-lakeBasin-96-1",96,"walkRegions",0.4666666666666667,0.6,0.395,0.4,0.3333333333333333,0.36666666666666664,0.4666666666666667,0.6,0.4666666666666667,0.4,0.3333333333333333,0.395,0.36666666666666664,0.3333333333333333,0.3333333333333333,97.66751535401713,100,10
"m9b-lakeBasin-96-1",96,"components",0.26666666666666666,0.3333333333333333,0.18,0.195,0.18,0.185,0.26666666666666666,0.2,0.3333333333333333,0.195,0.18,0.16666666666666666,0.185,0.13333333333333333,0.18,97.66751535401713,100,10
"m9b-lakeBasin-96-1",96,"damSites",164,197,35,39,35,35,197,164,151,39,35,34,35,35,26.5,97.66751535401713,100,10
"m9b-lakeBasin-96-1",96,"roomMap",1.2,1.75,1.2,1.4666666666666666,0.43333333333333335,0.6,0.8,1.2,1.75,1.2,1.1,1.4666666666666666,0.43333333333333335,0.43333333333333335,0.6,97.66751535401713,100,10
"m9b-lakeBasin-96-1",96,"checks",289,298,116,119,121,131,289,287,298,119,116,115,131,121,114,97.66751535401713,100,10
"m9b-lakeBasin-96-1",96,"measures",2.8,3.3333333333333335,3.75,9,1.6666666666666667,2,3.3333333333333335,2.625,2.8,9,1.6666666666666667,3.75,2,1.6666666666666667,1.6666666666666667,97.66751535401713,100,10
"m9b-lakeBasin-96-1",96,"outcomes",5,17.5,3.6,23,3.5,3.9,17.5,5,4.2,23,3.5,3.6,3.9,3.5,3.25,97.66751535401713,100,10
"m9b-lakeBasin-96-1",96,"m9bMeasures",0.4666666666666667,1,0.9,2.1666666666666665,0.48,0.6333333333333333,1,0.4666666666666667,0.45,0.43333333333333335,2.1666666666666665,0.9,0.48,0.6333333333333333,0.45,97.66751535401713,100,10
"m9b-lakeBasin-128-1",128,"levelRegions",0.4666666666666667,0.525,0.7666666666666667,0.8,0.7333333333333333,0.7333333333333333,0.4666666666666667,0.525,0.4666666666666667,0.8,0.6,0.7666666666666667,0.7333333333333333,0.7333333333333333,0.7333333333333333,99.06880174762223,100,16
"m9b-lakeBasin-128-1",128,"distanceFrom",0.475,0.6666666666666666,0.16666666666666666,0.2,0.23333333333333334,0.245,0.6666666666666666,0.25,0.475,0.16666666666666666,0.1,0.2,0.245,0.23333333333333334,0.23,99.06880174762223,100,16
"m9b-lakeBasin-128-1",128,"spillLevels",3.3333333333333335,3.75,1.6666666666666667,1.8,1.6333333333333333,1.6666666666666667,3.3333333333333335,3.75,3,1.8,1.6666666666666667,1.5333333333333334,1.6666666666666667,1.6333333333333333,1.4,99.06880174762223,100,16
"m9b-lakeBasin-128-1",128,"walkDistance",0.3333333333333333,0.3333333333333333,0.1,0.115,0.1,0.125,0.3333333333333333,0.13,0.3333333333333333,0.1,0.115,0.1,0.125,0.06666666666666667,0.1,99.06880174762223,100,16
"m9b-lakeBasin-128-1",128,"landRegions",0.355,0.43,0.36666666666666664,0.4,0.3,0.455,0.3,0.355,0.43,0.3,0.4,0.36666666666666664,0.26666666666666666,0.3,0.455,99.06880174762223,100,16
"m9b-lakeBasin-128-1",128,"walkRegions",0.86,0.9,0.5333333333333333,0.6333333333333333,0.6,0.7,0.7333333333333333,0.9,0.86,0.5333333333333333,0.5,0.6333333333333333,0.7,0.6,0.6,99.06880174762223,100,16
"m9b-lakeBasin-128-1",128,"components",0.29,0.3333333333333333,0.275,0.31,0.275,0.285,0.26666666666666666,0.3333333333333333,0.29,0.31,0.27,0.275,0.275,0.2,0.285,99.06880174762223,100,16
"m9b-lakeBasin-128-1",128,"damSites",334,360,53,67,52,53,360,326,334,67,53,52,52,53,49,99.06880174762223,100,16
"m9b-lakeBasin-128-1",128,"roomMap",6.333333333333333,7,4.1,4.666666666666667,1.9333333333333333,2,5,7,6.333333333333333,3.375,4.1,4.666666666666667,1.9333333333333333,1.9333333333333333,2,99.06880174762223,100,16
"m9b-lakeBasin-128-1",128,"checks",475,541,192,212,173,198,445,541,475,168,192,212,153,173,198,99.06880174762223,100,16
"m9b-lakeBasin-128-1",128,"measures",5.8,9.333333333333334,3.2,5.666666666666667,3.25,4.4,9.333333333333334,5.8,4.75,5.666666666666667,3.2,3,4.4,2.875,3.25,99.06880174762223,100,16
"m9b-lakeBasin-128-1",128,"outcomes",7.2,28,6.6,46,7,7.5,28,7.2,6.6,46,6.5,6.6,7.5,7,5.833333333333333,99.06880174762223,100,16
"m9b-lakeBasin-128-1",128,"m9bMeasures",0.575,0.8,0.505,0.52,0.4666666666666667,0.525,0.8,0.575,0.5333333333333333,0.505,0.52,0.4666666666666667,0.4666666666666667,0.4666666666666667,0.525,99.06880174762223,100,16
"m9b-lakeBasin-256-1",256,"levelRegions",1.9333333333333333,2.1333333333333333,2.5,2.75,3.375,3.375,1.9333333333333333,2.1333333333333333,1.4,2.5,2.75,2.5,3.375,3.375,2.6,99.22469429913384,100,48
"m9b-lakeBasin-256-1",256,"distanceFrom",1.6,2,0.8666666666666667,0.9,0.7666666666666667,0.8666666666666667,1.6,2,1.6,0.8,0.9,0.8666666666666667,0.8666666666666667,0.7666666666666667,0.7,99.22469429913384,100,48
"m9b-lakeBasin-256-1",256,"spillLevels",17.5,17.5,7.6,8,7.6,9.4,16.666666666666668,17.5,17.5,7.4,7.6,8,7.6,7.25,9.4,99.22469429913384,100,48
"m9b-lakeBasin-256-1",256,"walkDistance",1.5,1.6666666666666667,0.8333333333333334,0.9666666666666667,0.815,0.8666666666666667,1.5,1.6666666666666667,1.4666666666666666,0.8333333333333334,0.8333333333333334,0.9666666666666667,0.8,0.8666666666666667,0.815,99.22469429913384,100,48
"m9b-lakeBasin-256-1",256,"landRegions",2.1666666666666665,2.7333333333333334,1.9,2,2,2.4,1.9,2.1666666666666665,2.7333333333333334,2,1.9,1.8,2,1.8,2.4,99.22469429913384,100,48
"m9b-lakeBasin-256-1",256,"walkRegions",4.166666666666667,4.25,2.875,3.3333333333333335,2.9,3.1,3.6,4.25,4.166666666666667,3.3333333333333335,2.875,2.5,3.1,2.7,2.9,99.22469429913384,100,48
"m9b-lakeBasin-256-1",256,"components",1.0666666666666667,1.125,1.2666666666666666,1.3,1.2,1.4666666666666666,1.0666666666666667,0.9333333333333333,1.125,1.2666666666666666,1.2,1.3,1.4666666666666666,1.2,1.2,99.22469429913384,100,48
"m9b-lakeBasin-256-1",256,"damSites",1318,1456,221,224,212,213,1456,1318,1208,224,221,187,212,213,179,99.22469429913384,100,48
"m9b-lakeBasin-256-1",256,"roomMap",500,552,153,158,108,113,455,552,500,151,158,153,113,108,105,99.22469429913384,100,48
"m9b-lakeBasin-256-1",256,"checks",1563,1613,633,660,625,645,1563,1613,1496,631,660,633,595,625,645,99.22469429913384,100,48
"m9b-lakeBasin-256-1",256,"measures",21.5,25,11.666666666666666,14.5,12.333333333333334,15,25,18.5,21.5,11.5,14.5,11.666666666666666,12.333333333333334,15,12,99.22469429913384,100,48
"m9b-lakeBasin-256-1",256,"outcomes",31.5,64,36,114,30,32.5,64,31.5,27,36,114,29,29,32.5,30,99.22469429913384,100,48
"m9b-lakeBasin-256-1",256,"m9bMeasures",2.6666666666666665,13.666666666666666,2.533333333333333,2.6666666666666665,2.7333333333333334,3.066666666666667,13.666666666666666,2.6666666666666665,2.466666666666667,2.5,2.533333333333333,2.6666666666666665,2.7,3.066666666666667,2.7333333333333334,99.22469429913384,100,48
"m9b-delta-96-1",96,"levelRegions",0.265,0.26666666666666666,0.26666666666666666,0.335,0.345,0.4,0.265,0.23333333333333334,0.26666666666666666,0.26666666666666666,0.335,0.26666666666666666,0.345,0.3333333333333333,0.4,99.73102351523094,100,9
"m9b-delta-96-1",96,"distanceFrom",0.13,0.16666666666666666,0.1,0.1,0.075,0.085,0.13,0.115,0.16666666666666666,0.095,0.1,0.1,0.07,0.075,0.085,99.73102351523094,100,9
"m9b-delta-96-1",96,"spillLevels",1.8333333333333333,2,0.7,0.7333333333333333,0.6666666666666666,0.73,2,1.7666666666666666,1.8333333333333333,0.6666666666666666,0.7,0.7333333333333333,0.73,0.6333333333333333,0.6666666666666666,99.73102351523094,100,9
"m9b-delta-96-1",96,"walkDistance",2.1666666666666665,2.3333333333333335,0.6666666666666666,0.67,0.67,0.7333333333333333,2.1666666666666665,2.066666666666667,2.3333333333333335,0.6,0.6666666666666666,0.67,0.7333333333333333,0.6666666666666666,0.67,99.73102351523094,100,9
"m9b-delta-96-1",96,"landRegions",0.305,0.4,0.235,0.24,0.235,0.26666666666666666,0.3,0.4,0.305,0.23333333333333334,0.235,0.24,0.26666666666666666,0.235,0.23333333333333334,99.73102351523094,100,9
"m9b-delta-96-1",96,"walkRegions",0.4,0.4,0.39,0.4,0.37,0.385,0.4,0.4,0.39,0.4,0.39,0.36666666666666664,0.37,0.26666666666666666,0.385,99.73102351523094,100,9
"m9b-delta-96-1",96,"components",0.2,0.2,0.185,0.2,0.16666666666666666,0.17,0.155,0.2,0.2,0.16666666666666666,0.185,0.2,0.13333333333333333,0.17,0.16666666666666666,99.73102351523094,100,9
"m9b-delta-96-1",96,"damSites",130,131,21,23.5,21.5,24,131,125,130,21,21,23.5,21,21.5,24,99.73102351523094,100,9
"m9b-delta-96-1",96,"roomMap",18.5,26,6,6.333333333333333,3.4,4,16,26,18.5,5.4,6.333333333333333,6,3.125,3.4,4,99.73102351523094,100,9
"m9b-delta-96-1",96,"checks",169,211,87,88,85,87,169,211,166,70,88,87,85,87,85,99.73102351523094,100,9
"m9b-delta-96-1",96,"measures",2.6666666666666665,3,2.6,4.333333333333333,2.433333333333333,3.1333333333333333,2.6666666666666665,2.375,3,1.75,2.6,4.333333333333333,3.1333333333333333,1.4666666666666666,2.433333333333333,99.73102351523094,100,9
"m9b-delta-96-1",96,"outcomes",10,24.5,3.5,16,4.3,18.5,10,3.2,24.5,16,3.5,3.5,4.3,3.5,18.5,99.73102351523094,100,9
"m9b-delta-96-1",96,"m9bMeasures",0.43333333333333335,0.7,0.385,0.405,0.385,0.5,0.7,0.42,0.43333333333333335,0.405,0.355,0.385,0.3,0.5,0.385,99.73102351523094,100,9
"m9b-delta-128-1",128,"levelRegions",0.5,1,0.625,0.7,0.8,0.81,0.5,0.385,1,0.5333333333333333,0.625,0.7,0.8,0.81,0.5666666666666667,99.98198853108943,100,16
"m9b-delta-128-1",128,"distanceFrom",0.3,0.335,0.155,0.16,0.185,0.195,0.3,0.25,0.335,0.13333333333333333,0.16,0.155,0.185,0.195,0.145,99.98198853108943,100,16
"m9b-delta-128-1",128,"spillLevels",4.833333333333333,7.25,1.4666666666666666,2,1.4,1.6333333333333333,3.4,4.833333333333333,7.25,1.315,1.4666666666666666,2,1.4,1.2333333333333334,1.6333333333333333,99.98198853108943,100,16
"m9b-delta-128-1",128,"walkDistance",5.333333333333333,5.375,1.5666666666666667,1.9333333333333333,1.3666666666666667,1.5333333333333334,5.333333333333333,4.625,5.375,1.9333333333333333,1.3333333333333333,1.5666666666666667,1.3666666666666667,1.5333333333333334,1.2,99.98198853108943,100,16
"m9b-delta-128-1",128,"landRegions",0.53,0.7333333333333333,0.5,0.8666666666666667,0.4666666666666667,0.505,0.53,0.4666666666666667,0.7333333333333333,0.8666666666666667,0.455,0.5,0.505,0.4666666666666667,0.4666666666666667,99.98198853108943,100,16
"m9b-delta-128-1",128,"walkRegions",0.77,1.375,0.57,0.625,0.62,0.8,0.625,0.77,1.375,0.57,0.5666666666666667,0.625,0.62,0.8,0.5,99.98198853108943,100,16
"m9b-delta-128-1",128,"components",0.26666666666666666,0.4,0.295,0.7333333333333333,0.4,0.4,0.23333333333333334,0.26666666666666666,0.4,0.295,0.7333333333333333,0.26666666666666666,0.4,0.345,0.4,99.98198853108943,100,16
"m9b-delta-128-1",128,"damSites",293,325,58,59,58,75,293,325,271,58,53,59,58,75,49,99.98198853108943,100,16
"m9b-delta-128-1",128,"roomMap",55,56,18,19.5,10.666666666666666,12,55,54,56,18,18,19.5,10.666666666666666,10.666666666666666,12,99.98198853108943,100,16
"m9b-delta-128-1",128,"checks",394,423,177,230,156,170,423,394,382,230,177,166,170,142,156,99.98198853108943,100,16
"m9b-delta-128-1",128,"measures",4.333333333333333,9,2.8,4.4,9.666666666666666,11.333333333333334,9,4.25,4.333333333333333,4.4,2.8,2.7,11.333333333333334,2.4,9.666666666666666,99.98198853108943,100,16
"m9b-delta-128-1",128,"outcomes",7,7.6,6.4,22,6.6,22,7,6.4,7.6,22,6.4,6,22,6,6.6,99.98198853108943,100,16
"m9b-delta-128-1",128,"m9bMeasures",0.7666666666666667,1,0.8333333333333334,2.8,0.7333333333333333,0.8666666666666667,1,0.7666666666666667,0.72,2.8,0.8333333333333334,0.5666666666666667,0.7333333333333333,0.8666666666666667,0.61,99.98198853108943,100,16
"m9b-delta-256-1",256,"levelRegions",1.6,2.3333333333333335,2.3333333333333335,2.4,2.533333333333333,2.8333333333333335,2.3333333333333335,1.6,1.5333333333333334,2,2.4,2.3333333333333335,2.533333333333333,2.8333333333333335,2.466666666666667,99.44591255903346,100,63
"m9b-delta-256-1",256,"distanceFrom",0.8666666666666667,0.9666666666666667,0.66,0.7666666666666667,0.7666666666666667,0.8333333333333334,0.9666666666666667,0.8333333333333334,0.8666666666666667,0.66,0.5333333333333333,0.7666666666666667,0.6666666666666666,0.7666666666666667,0.8333333333333334,99.44591255903346,100,63
"m9b-delta-256-1",256,"spillLevels",16,19.666666666666668,5.2,6.5,6.333333333333333,7,19.666666666666668,15,16,5.2,6.5,5.2,6,7,6.333333333333333,99.44591255903346,100,63
"m9b-delta-256-1",256,"walkDistance",5,5,1.6,1.6,1.6333333333333333,2,5,5,5,1.5,1.6,1.6,1.6333333333333333,1.6,2,99.44591255903346,100,63
"m9b-delta-256-1",256,"landRegions",2.2,2.533333333333333,2.2,2.4,2.2,2.5,2.533333333333333,2.2,2.125,2.4,2.2,1.75,2.5,2.2,2.066666666666667,99.44591255903346,100,63
"m9b-delta-256-1",256,"walkRegions",2.9,3,2.1,2.3,2.25,2.3,2.6,2.9,3,2.1,2.1,2.3,2,2.25,2.3,99.44591255903346,100,63
"m9b-delta-256-1",256,"components",0.6,0.69,1.11,1.1333333333333333,1.0333333333333334,1.1,0.6,0.69,0.6,0.8666666666666667,1.1333333333333333,1.11,1.0333333333333334,1.1,0.9333333333333333,99.44591255903346,100,63
"m9b-delta-256-1",256,"damSites",1370,1607,239,297,249,267,1128,1607,1370,233,239,297,249,267,220,99.44591255903346,100,63
"m9b-delta-256-1",256,"roomMap",1793,2017,556,573,553,558,1793,2017,1421,555,573,556,558,553,367,99.44591255903346,100,63
"m9b-delta-256-1",256,"checks",1591,2140,519,644,480,529,1591,2140,1486,499,644,519,480,442,529,99.44591255903346,100,63
"m9b-delta-256-1",256,"measures",21,25.5,11.333333333333334,12.666666666666666,11.333333333333334,15,25.5,19,21,12.666666666666666,9.333333333333334,11.333333333333334,15,11.333333333333334,11,99.44591255903346,100,63
"m9b-delta-256-1",256,"outcomes",25,46,27.5,70,24,25,46,24.5,25,70,27.5,23.5,24,25,23,99.44591255903346,100,63
"m9b-delta-256-1",256,"m9bMeasures",2.3,7.5,2.1333333333333333,2.2,2.1333333333333333,2.2,7.5,2.3,2.2666666666666666,2.2,2.1333333333333333,2.1,2.2,2.1333333333333333,2.1333333333333333,99.44591255903346,100,63
"m9b-islands-96-1",96,"levelRegions",0.23333333333333334,0.3,0.26666666666666666,0.32,0.3333333333333333,0.36,0.225,0.3,0.23333333333333334,0.26666666666666666,0.32,0.26666666666666666,0.3333333333333333,0.26666666666666666,0.36,99.24556781246585,100,21
"m9b-islands-96-1",96,"distanceFrom",0.2,0.4,0.125,0.13333333333333333,0.105,0.115,0.2,0.16666666666666666,0.4,0.125,0.06666666666666667,0.13333333333333333,0.105,0.105,0.115,99.24556781246585,100,21
"m9b-islands-96-1",96,"spillLevels",1.875,1.9333333333333333,0.7333333333333333,0.775,0.7,0.8,1.9333333333333333,1.75,1.875,0.7,0.7333333333333333,0.775,0.8,0.6666666666666666,0.7,99.24556781246585,100,21
"m9b-islands-96-1",96,"walkDistance",0.4,0.6666666666666666,0.13,0.145,0.13333333333333333,0.13333333333333333,0.4,0.36666666666666664,0.6666666666666666,0.145,0.13,0.115,0.13333333333333333,0.1,0.13333333333333333,99.24556781246585,100,21
"m9b-islands-96-1",96,"landRegions",0.13333333333333333,0.135,0.17,0.17,0.155,0.155,0.135,0.13333333333333333,0.13333333333333333,0.17,0.17,0.13333333333333333,0.155,0.145,0.155,99.24556781246585,100,21
"m9b-islands-96-1",96,"walkRegions",0.5,0.875,0.31,0.3333333333333333,0.3,0.355,0.5,0.405,0.875,0.3,0.31,0.3333333333333333,0.355,0.26666666666666666,0.3,99.24556781246585,100,21
"m9b-islands-96-1",96,"components",0.445,0.4666666666666667,0.235,0.28,0.23,0.255,0.4666666666666667,0.445,0.38,0.2,0.28,0.235,0.255,0.2,0.23,99.24556781246585,100,21
"m9b-islands-96-1",96,"damSites",744,813,138,140,116,130,729,744,813,115,138,140,114,116,130,99.24556781246585,100,21
"m9b-islands-96-1",96,"roomMap",1.25,1.5,0.8,0.9666666666666667,0.545,0.6,1.25,1.1,1.5,0.8,0.9666666666666667,0.7333333333333333,0.545,0.43333333333333335,0.6,99.24556781246585,100,21
"m9b-islands-96-1",96,"checks",909,924,239,239,246,250,924,909,863,239,231,239,246,221,250,99.24556781246585,100,21
"m9b-islands-96-1",96,"measures",3.2666666666666666,3.4,2.8,8.666666666666666,3.2,6.5,3,3.4,3.2666666666666666,8.666666666666666,1.7333333333333334,2.8,6.5,3.2,2,99.24556781246585,100,21
"m9b-islands-96-1",96,"outcomes",4.5,15.5,3.4,15.666666666666666,3.6,12,15.5,4.2,4.5,15.666666666666666,3.4,3.4,12,3.6,3.5,99.24556781246585,100,21
"m9b-islands-96-1",96,"m9bMeasures",0.455,1.3333333333333333,0.3333333333333333,0.5333333333333333,0.44,0.54,1.3333333333333333,0.455,0.43,0.5333333333333333,0.3333333333333333,0.3333333333333333,0.44,0.54,0.3333333333333333,99.24556781246585,100,21
"m9b-islands-128-1",128,"levelRegions",0.455,0.6,0.6,0.89,0.6,0.88,0.455,0.3333333333333333,0.6,0.6,0.5333333333333333,0.89,0.6,0.6,0.88,99.1056710522641,100,28
"m9b-islands-128-1",128,"distanceFrom",0.375,0.6666666666666666,0.24,0.295,0.3333333333333333,0.335,0.6666666666666666,0.375,0.3,0.295,0.24,0.22,0.3333333333333333,0.335,0.2,99.1056710522641,100,28
"m9b-islands-128-1",128,"spillLevels",3.8333333333333335,4.625,1.4,1.4,1.2666666666666666,1.4,3.625,3.8333333333333335,4.625,1.4,1.4,1.3333333333333333,1.2666666666666666,1.2666666666666666,1.4,99.1056710522641,100,28
"m9b-islands-128-1",128,"walkDistance",0.8666666666666667,1,0.31,0.4,0.23333333333333334,0.25,0.8,1,0.8666666666666667,0.23333333333333334,0.31,0.4,0.25,0.23333333333333334,0.13333333333333333,99.1056710522641,100,28
"m9b-islands-128-1",128,"landRegions",0.485,0.5,0.3333333333333333,0.41,0.4,0.425,0.4,0.5,0.485,0.41,0.3333333333333333,0.33,0.2,0.4,0.425,99.1056710522641,100,28
"m9b-islands-128-1",128,"walkRegions",1.2,1.5,0.7333333333333333,1,0.755,0.83,1.2,1.0333333333333334,1.5,0.7333333333333333,1,0.6,0.83,0.755,0.5,99.1056710522641,100,28
"m9b-islands-128-1",128,"components",0.8,1.2,0.4,0.655,0.7666666666666667,1,0.8,0.8,1.2,0.4,0.655,0.4,1,0.36666666666666664,0.7666666666666667,99.1056710522641,100,28
"m9b-islands-128-1",128,"damSites",1038,1076,161,168,168,168,880,1076,1038,157,168,161,168,151,168,99.1056710522641,100,28
"m9b-islands-128-1",128,"roomMap",7.333333333333333,8,3.125,4,1.5333333333333334,2,7.333333333333333,7.333333333333333,8,2.5,4,3.125,1.5333333333333334,1.4666666666666666,2,99.1056710522641,100,28
"m9b-islands-128-1",128,"checks",1133,1217,333,385,295,306,1217,1047,1133,333,290,385,295,277,306,99.1056710522641,100,28
"m9b-islands-128-1",128,"measures",5.25,7,4,6.333333333333333,3.7,7.75,7,5.25,5.25,3.6666666666666665,6.333333333333333,4,7.75,3.4,3.7,99.1056710522641,100,28
"m9b-islands-128-1",128,"outcomes",9,21,7.166666666666667,18,7,21.75,21,6.8,9,18,5.666666666666667,7.166666666666667,21.75,7,7,99.1056710522641,100,28
"m9b-islands-128-1",128,"m9bMeasures",0.695,1.0666666666666667,0.6333333333333333,0.8666666666666667,0.64,0.67,1.0666666666666667,0.635,0.695,0.8666666666666667,0.615,0.6333333333333333,0.67,0.64,0.6,99.1056710522641,100,28
"m9b-islands-256-1",256,"levelRegions",1.6666666666666667,1.9,2.2666666666666666,2.6666666666666665,2.466666666666667,2.5,1.9,1.4,1.6666666666666667,2.6666666666666665,2.2666666666666666,2.2,2.5,2.2,2.466666666666667,99.86233250310639,100,37
"m9b-islands-256-1",256,"distanceFrom",1.5,1.7333333333333334,0.9,1,0.8666666666666667,0.8666666666666667,1.7333333333333334,1.4,1.5,0.8333333333333334,1,0.9,0.8666666666666667,0.8666666666666667,0.8,99.86233250310639,100,37
"m9b-islands-256-1",256,"spillLevels",14,14.5,5.666666666666667,5.833333333333333,5.6,6.333333333333333,14,14,14.5,5.666666666666667,5.6,5.833333333333333,5.6,5.6,6.333333333333333,99.86233250310639,100,37
"m9b-islands-256-1",256,"walkDistance",1.2,1.375,0.6,0.6,0.5666666666666667,0.7333333333333333,0.7,1.2,1.375,0.6,0.6,0.5,0.535,0.7333333333333333,0.5666666666666667,99.86233250310639,100,37
"m9b-islands-256-1",256,"landRegions",1.1333333333333333,1.3333333333333333,1.2,1.3333333333333333,1.3333333333333333,1.4,1.1333333333333333,1.3333333333333333,1.0333333333333334,1.2,1.3333333333333333,1.2,1.4,1.2,1.3333333333333333,99.86233250310639,100,37
"m9b-islands-256-1",256,"walkRegions",2.75,3,2.066666666666667,2.3333333333333335,2.6,3.1,2.75,2.6,3,2.066666666666667,2.066666666666667,2.3333333333333335,2.1,2.6,3.1,99.86233250310639,100,37
"m9b-islands-256-1",256,"components",2.8,3.5,1.7333333333333334,1.9333333333333333,1.6,1.6666666666666667,2.625,2.8,3.5,1.7333333333333334,1.6666666666666667,1.9333333333333333,1.6666666666666667,1.6,1.4666666666666666,99.86233250310639,100,37
"m9b-islands-256-1",256,"damSites",73,79,14.5,14.666666666666666,15.333333333333334,15.666666666666666,72,79,73,14.5,14.666666666666666,14,15.666666666666666,15.333333333333334,14,99.86233250310639,100,37
"m9b-islands-256-1",256,"roomMap",177,179,69,73,44,50,179,177,175,62,69,73,42,44,50,99.86233250310639,100,37
"m9b-islands-256-1",256,"checks",1244,1482,1110,1129,1194,1196,1244,1113,1482,996,1129,1110,1042,1194,1196,99.86233250310639,100,37
"m9b-islands-256-1",256,"measures",29,37,20.5,21.666666666666668,16.5,24,29,23.5,37,20.5,21.666666666666668,19.333333333333332,14,16.5,24,99.86233250310639,100,37
"m9b-islands-256-1",256,"outcomes",29,62,30,34,32,40,62,26,29,30,26,34,32,40,26.5,99.86233250310639,100,37
"m9b-islands-256-1",256,"m9bMeasures",3,10.333333333333334,2.6,3.2666666666666666,2.966666666666667,12,10.333333333333334,2.4,3,3.2666666666666666,2.6,2.1,2.2666666666666666,12,2.966666666666667,99.86233250310639,100,37
