"theme","seed","functionName","samples","percent"
"any",1,"pathField",579,9.68389362769694
"any",1,"substep",491,8.212075597926075
"any",1,"walkRegions",342,5.720020070245861
"any",1,"minFilter",309,5.168088309081786
"any",1,"placeSlopes",241,4.030774376986118
"any",1,"drainage",237,3.9638735574510786
"any",1,"fallsOf",220,3.679545074427162
"any",1,"pickStart",194,3.244689747449406
"any",1,"satOf",150,2.5087807325639737
"any",1,"thumbnailRgba",126,2.107375815353738
"riverValley",1,"substep",3638,50.85266983505731
"riverValley",1,"pathField",224,3.131115459882583
"riverValley",1,"pickStart",213,2.9773553256919207
"riverValley",1,"placeSlopes",199,2.781660609449259
"riverValley",1,"riseSpots",185,2.585965893206598
"riverValley",1,"drainage",170,2.3762929829466035
"riverValley",1,"minFilter",137,1.9150125803746156
"riverValley",1,"",133,1.8590998043052838
"riverValley",1,"roomMap",122,1.7053396701146213
"riverValley",1,"probe",102,1.425775789767962
"canyon",1,"substep",1443,23.690691183713675
"canyon",1,"damWalls",637,10.458052864882614
"canyon",1,"drainage",554,9.095386636020358
"canyon",1,"tileHash01",259,4.2521753406665574
"canyon",1,"fbm",207,3.39845673945165
"canyon",1,"probe",168,2.7581677885404696
"canyon",1,"stamp",157,2.577573469052701
"canyon",1,"",149,2.4462321457888687
"canyon",1,"minFilter",127,2.085043506813331
"canyon",1,"trace",98,1.6089312099819406
"highlands",1,"substep",737,22.07908927501498
"highlands",1,"pickStart",259,7.759137207908927
"highlands",1,"roomMap",209,6.261234272019173
"highlands",1,"ownSquares",127,3.804673457159976
"highlands",1,"tileHash01",125,3.744757339724386
"highlands",1,"drainage",121,3.6249251048532054
"highlands",1,"",106,3.1755542240862793
"highlands",1,"spillLevels",106,3.1755542240862793
"highlands",1,"placeSlopes",84,2.516476932294787
"highlands",1,"fbm",82,2.456560814859197
"lakeBasin",1,"substep",1385,30.6619437679876
"lakeBasin",1,"damCandidate",268,5.933141465574496
"lakeBasin",1,"probe",233,5.158290901040513
"lakeBasin",1,"tileHash01",169,3.741421297321231
"lakeBasin",1,"drainage",151,3.3429267212751825
"lakeBasin",1,"placeSlopes",149,3.298649546158955
"lakeBasin",1,"",136,3.0108479079034756
"lakeBasin",1,"spillLevels",110,2.4352446313925173
"lakeBasin",1,"fbm",107,2.3688288687181758
"lakeBasin",1,"outlets",98,2.1695815806951515
"delta",1,"substep",1528,38.372677046710194
"delta",1,"roomMap",281,7.0567553992968355
"delta",1,"damCandidate",242,6.077348066298343
"delta",1,"pathField",239,6.002009040683074
"delta",1,"ownSquares",124,3.11401305876444
"delta",1,"",99,2.4861878453038675
"delta",1,"spillLevels",97,2.4359618282270215
"delta",1,"pickStart",89,2.235057759919638
"delta",1,"probe",76,1.9085886489201407
"delta",1,"roomFor",70,1.7579105976896032
"islands",1,"substep",7958,76.55603655603656
"islands",1,"probe",274,2.635882635882636
"islands",1,"pickStart",186,1.7893217893217894
"islands",1,"leveeStorage",174,1.673881673881674
"islands",1,"",164,1.5776815776815776
"islands",1,"spillLevels",96,0.9235209235209235
"islands",1,"dflt",93,0.8946608946608947
"islands",1,"attemptOnce",88,0.8465608465608465
"islands",1,"pathField",87,0.836940836940837
"islands",1,"tileHash01",59,0.5675805675805676
