case,function,calls,self_ms,total_ms
any,spec/schema.ts:typeOk,37,0.045,0.045
any,spec/schema.ts:checkSchema,1,0.440,0.485
any,math/hash.ts:murmur3,10870,1.971,1.971
any,land/genome.ts:randomPart,30,0.131,0.131
any,land/genome.ts:drawWoods,1,0.049,0.054
any,land/intentions.ts:drawIntentions,1,0.077,0.077
any,land/intentions.ts:nudgeFor,1,0.001,0.001
any,land/genome.ts:drawGenome,1,1.089,1.372
any,land/genome.ts:leanGenome,1,0.048,0.051
any,math/noise.ts:valueNoise,9694142,816.807,816.807
any,math/detmath.ts:sinDet,67399,3.846,3.846
any,land/field.ts:addPart,31,600.518,1341.108
any,math/polyline.ts:polyDist,263936,16.272,16.272
any,land/field.ts:uplift,1,38.813,1425.854
any,land/field.ts:caprock,1,19.306,29.785
any,land/drainage.ts:drainage,50,396.563,396.563
any,land/field.ts:erodeHard,1,30.904,256.911
any,land/field.ts:minFilter,1,5.734,5.734
any,math/grid.ts:levelRegions,147,122.487,122.487
any,land/levels.ts:mergeSmallRegions,2,13.088,19.823
any,features/raster/terrain.ts:integrityLevel,586764,49.094,49.094
any,land/levels.ts:cleanPitsAndSpikes,2,15.158,36.517
any,land/levels.ts:snapLevels,1,29.917,76.235
any,gen/generate.ts:specFor,1,0.082,0.082
any,land/levels.ts:relaxEdges,2,0.412,0.412
any,math/detmath.ts:expDet,1675,0.269,0.269
any,math/grid.ts:distanceFrom,45,30.795,30.795
any,land/hydro.ts:smoothPath,14,1.746,1.746
any,land/hydro.ts:pointAt,3724,4.187,4.187
any,land/hydro.ts:meanderPath,7,2.141,4.221
any,water/sourceGroups.ts:cleanCount,50,0.203,0.203
any,features/raster/terrain.ts:mouthRowAt,14,0.583,0.768
any,land/hydro.ts:stamp,7,9.322,9.322
any,land/hydro.ts:planHydro,1,68.452,170.976
any,gen/generate.ts:mouthBanks,1,0.039,0.039
any,analysis/regions.ts:landRegions,12,17.265,17.265
any,land/levels.ts:rampPath,1,1.387,1.387
any,land/levels.ts:naturalRamps,1,2.720,6.433
any,features/raster/terrain.ts:mouthTilesBy,49,0.491,1.908
any,land/levels.ts:unreachedLakes,1,3.623,11.483
any,land/wind.ts:windOnce,13,1.021,1.068
any,land/wind.ts:windRoute,13,0.205,1.272
any,land/levels.ts:carveOutlets,2,11.456,32.217
any,land/levels.ts:widenOutlets,1,2.222,10.156
any,gen/generate.ts:plannedWater,3,16.663,24.053
any,water/edgeLip.ts:edgeLip,1,0.527,0.527
any,analysis/straight.ts:broadWater,4,4.898,10.556
any,analysis/straight.ts:bankContours,4,8.425,8.425
any,analysis/straight.ts:runEnd,4891,2.781,2.781
any,analysis/straight.ts:canalOf,4,5.471,5.471
any,analysis/straight.ts:straightness,4,1.361,28.595
any,gen/generate.ts:lowerShelves,1,3.276,17.057
any,land/courses.ts:courseCells,14,0.654,0.654
any,land/courses.ts:blockedCourses,1,1.283,26.373
any,land/courses.ts:closeSideEdges,1,1.415,11.274
any,gen/generate.ts:planLandStage,1,10.195,329.558
any,gen/readback.ts:outlineOf,7,0.627,0.627
any,gen/readback.ts:lakeFeatures,1,0.570,1.202
any,gen/weir.ts:planWeir,1,0.007,0.007
any,land/courses.ts:drownedHeads,1,0.059,7.188
any,gen/generate.ts:springsInFlow,1,0.485,0.485
any,resources/badwater.ts:badwaterBudget,1,0.056,0.061
any,gen/generate.ts:spreadWidth,708,0.522,0.522
any,analysis/ridge.ts:damWalls,6,102.436,102.436
any,land/sheets.ts:shallowSheet,1,3.133,3.133
any,land/sheets.ts:lakeRise,1,0.083,0.083
any,analysis/regions.ts:components,10,8.378,8.378
any,analysis/story.ts:wetSystems,4,1.567,5.143
any,analysis/story.ts:joinedOverPlugs,2,0.002,0.002
any,analysis/story.ts:courseTiles,14,0.423,0.423
any,analysis/story.ts:waterStory,2,6.245,11.644
any,analysis/signature.ts:samples,16,0.348,0.348
any,analysis/signature.ts:surfaceNear,2972,1.638,1.638
any,features/geometry.ts:polygonMask,56,7.327,7.327
any,analysis/signature.ts:signatureOf,2,67.169,73.332
any,gen/outcomes.ts:outcomesOf,2,0.841,85.816
any,sim/moisture.ts:clusterSaturation,12,6.402,6.402
any,sim/moisture.ts:moisture,1,14.851,16.280
any,sim/model.ts:waterModel,10,4.804,4.804
any,sim/prefill.ts:spillLevels,17,135.452,135.452
any,sim/drought.ts:droughtStorage,11,14.115,109.067
any,analysis/vertical.ts:fallsOf,4,8.350,8.350
any,gen/intentions.ts:settlerView,2,39.608,47.576
any,gen/settler.ts:shoreWalkFrom,2,14.265,14.265
any,gen/settler.ts:pumpShores,127,148.584,148.584
any,gen/settler.ts:shoreWalkAny,4,12.535,24.678
any,gen/settler.ts:prepareStart,2,11.759,64.461
any,land/intentions.ts:startPreference,515,0.087,0.087
any,features/slopes.ts:placeSlopes,138,601.149,715.200
any,analysis/walk.ts:walkDistance,142,53.746,53.746
any,gen/settler.ts:startWalks,134,17.468,853.063
any,gen/settler.ts:pickStart,5,75.387,928.538
any,analysis/edges.ts:edgeWalls,2,1.249,1.249
any,validate/playability.ts:nearWater,14,8.246,8.246
any,land/minePads.ts:levelSquares,6,15.121,15.121
any,land/minePads.ts:ownSquares,5,37.079,60.406
any,land/minePads.ts:minePads,4,9.160,51.201
any,land/hazards.ts:ditchRoute,4,6.597,11.904
any,land/hazards.ts:straightStretch,3,0.211,0.211
any,features/route.ts:channelTiles,32,0.490,0.490
any,validate/playability.ts:basinLeak,5,0.363,0.463
any,land/hazards.ts:planBadwater,1,56.649,88.858
any,gen/generate.ts:standingSteps,7,0.018,0.018
any,features/target.ts:sharedFields,6,0.034,0.034
any,features/geometry.ts:pathField,7,92.927,92.927
any,features/build.ts:terrainStage,6,50.461,171.124
any,features/raster/terrain.ts:springTiles,42,0.889,0.889
any,water/sourceGroups.ts:groundOf,36,3.668,3.668
any,water/sourceGroups.ts:flowAt,36,0.042,0.042
any,water/sourceGroups.ts:shareEqually,42,0.115,0.115
any,water/sourceGroups.ts:placeRow,36,1.059,1.245
any,water/sourceGroups.ts:placeSourceGroup,36,0.375,5.289
any,math/hash.ts:guidFrom,2399,5.324,6.652
any,water/sourceGroups.ts:groupIds,36,0.153,0.286
any,features/raster/terrain.ts:lakeSpringTile,42,0.014,0.014
any,format/footprints.ts:worldBlocks,3612,2.723,2.723
any,features/setpieces/badwaterBasin.ts:basinTiles,24,0.188,0.188
any,features/edits.ts:applyEntityEdits,7,1.330,1.330
any,features/build.ts:run,6,914.849,1382.021
any,format/entities.ts:placementOf,6494,0.986,0.986
any,sim/prefill.ts:flowThrough,2,4.151,20.798
any,sim/prefill.ts:prefill,2,4.851,25.649
any,analysis/sources.ts:sourcesInFlow,4,29.450,58.276
any,validate/playability.ts:rulesFor,2,0.099,0.099
any,sim/water.ts:composeKept,4,0.008,0.008
any,sim/prefill.ts:canonicalRun,1,7.589,15.760
any,sim/fed.ts:fedTiles,1,0.754,0.754
any,sim/fed.ts:withoutUnfed,1,0.866,1.620
any,sim/prefill.ts:keepSealed,1,0.003,0.003
any,sim/columns.ts:waterColumns,6,10.441,10.441
any,sim/columns.ts:terrainColumns,6,5.023,5.023
any,sim/soil3d.ts:spreadGraph,12,53.387,53.387
any,sim/soil3d.ts:runWater,12,6.960,6.960
any,sim/soil3d.ts:settleTicks,12,82.182,82.182
any,sim/soil3d.ts:moisture3dGame,6,67.901,182.711
any,sim/soil3d.ts:contamination3dGame,6,62.726,90.445
any,sim/soil.ts:gameSoil,6,6.039,300.979
any,gen/extras.ts:objectKeepOff,3,5.160,10.495
any,land/minePads.ts:roomMap,1,16.260,21.609
any,features/build.ts:landformTargets,4,0.030,0.030
any,features/slopes.ts:stepsFrom,4,7.323,7.323
any,analysis/walk.ts:walkWorld,11,1.991,2.613
any,analysis/walk.ts:tileShoreWalk,77150,4.766,4.766
any,analysis/walk.ts:startWaterShore,2,4.248,7.947
any,gen/extras.ts:extraCounts,1,0.014,0.014
any,analysis/regions.ts:walkRegions,8,14.513,14.513
any,features/objects.ts:fitProblems,11,0.087,0.087
any,resources/baseline.ts:pickMineSite,3,18.791,18.864
any,gen/extras.ts:thornBelt,5,0.195,0.195
any,gen/extras.ts:planExtras,1,17.674,48.908
any,features/objects.ts:placementsOf,112,0.344,0.353
any,features/objects.ts:rasterizeObjects,28,0.295,0.695
any,validate/playability.ts:colonyReach,2,0.710,6.385
any,validate/playability.ts:minesOutOfReach,2,0.197,0.226
any,gen/extras.ts:districtCandidates,1,4.027,7.007
any,resources/baseline.ts:woodPerTree,3,0.033,0.033
any,gen/resources.ts:nearStartTargets,2,0.066,0.092
any,gen/extras.ts:riseSpots,1,17.184,19.175
any,resources/budget.ts:resourceBudget,1,0.127,0.131
any,gen/blobs.ts:growBlob,60,3.900,3.900
any,gen/blobs.ts:punchHoles,13,0.282,0.282
any,resources/baseline.ts:ruinColumns,39,1.504,1.566
any,resources/baseline.ts:planRuinFields,1,14.156,15.999
any,gen/blobs.ts:pickSeeds,46,10.174,10.174
any,resources/baseline.ts:thinCluster,47,1.058,1.058
any,resources/baseline.ts:planPatches,2,21.695,25.395
any,resources/baseline.ts:planGroves,2,21.114,30.257
any,gen/resources.ts:startLayout,1,1.343,1.475
any,gen/resources.ts:placeKinds,1,2.772,2.772
any,gen/resources.ts:besideTiles,15,4.135,4.135
any,gen/resources.ts:floorWood,1,0.134,0.145
any,gen/resources.ts:planResources,1,62.254,146.674
any,format/entities.ts:bush,289,0.152,0.152
any,features/raster/resources.ts:rasterizeBerries,9,0.375,1.249
any,format/entities.ts:tree,1218,0.381,0.381
any,features/raster/resources.ts:rasterizeForest,38,1.323,4.846
any,features/raster/resources.ts:rasterizeRuins,13,0.588,2.044
any,format/world.ts:emptySimulationSingletons,1,0.052,0.052
any,format/json.ts:formatFloat,32505,7.203,7.203
any,format/world.ts:outflowToken,5808,6.607,9.658
any,format/world.ts:settledSimulationSingletons,1,13.414,27.066
any,gen/pack.ts:worldOf,1,3.080,30.145
any,gen/pack.ts:description,1,0.945,0.945
any,render/shade.ts:shadeTiles,1,4.798,4.798
any,render/shade.ts:thumbnailRgba,1,14.312,19.110
any,validate/checks.ts:jpegSize,1,0.006,0.006
any,validate/checks.ts:checkFile,1,9.900,9.905
any,validate/checks.ts:checkEntities,1,11.609,13.128
any,validate/checks.ts:checkEdgeWall,1,0.062,0.653
any,validate/checks.ts:checkTerrain,1,4.628,5.281
any,validate/checks.ts:checkSlopes,1,0.131,0.131
any,validate/checks.ts:checkStart,1,0.094,0.099
any,validate/playability.ts:checkOutflow,1,5.232,6.140
any,validate/playability.ts:checkSourcesInFlow,1,0.028,14.071
any,validate/playability.ts:checkContained,1,0.035,0.205
any,sim/soil3d.ts:columnSaturation,2,6.321,6.321
any,validate/playability.ts:checkMines,1,0.126,0.275
any,validate/playability.ts:startPlanting,1,0.012,0.012
any,analysis/damsites.ts:damCandidate,7248,50.606,50.606
any,analysis/damsites.ts:damSites,1,1.942,52.549
any,analysis/storage.ts:runningFlow,1,0.454,0.707
any,analysis/storage.ts:leveeStorage,1,1.270,1.270
any,validate/playability.ts:checkExtras,1,0.286,0.711
any,validate/playability.ts:checkStart,1,30.860,187.916
any,validate/playability.ts:checkPlayability,1,2.918,248.226
any,validate/checks.ts:checkDamWall,1,0.031,20.977
any,analysis/mechanics.ts:mechanicsOf,1,1.139,1.145
any,validate/checks.ts:validateMap,1,7.386,306.629
any,gen/intentions.ts:finalCtx,2,0.931,31.297
any,land/intentions.ts:resample,7,0.303,0.303
any,land/intentions.ts:checkIntention,5,20.438,21.490
any,gen/intentions.ts:finalChecks,1,2.059,26.822
any,gen/intentions.ts:foundIntention,1,0.102,28.126
any,format/json.ts:stringify,2,7.830,8.040
any,format/world.ts:encodeWorld,1,5.800,13.709
any,format/timber.ts:setZipTimes,1,0.010,0.010
any,format/timber.ts:writeTimber,1,102.900,116.749
any,format/base64.ts:toBase64,1,1.008,1.008
any,gen/generate.ts:fieldData,1,0.086,1.095
any,gen/generate.ts:attemptOnce,1,70.434,4118.151
any,gen/generate.ts:playFacts,1,0.678,0.678
any,gen/names.ts:landNoun,1,0.002,0.002
any,gen/names.ts:compass,1,0.002,0.002
any,gen/names.ts:playHint,1,0.025,0.026
any,gen/names.ts:mapWords,1,0.160,0.189
any,gen/generate.ts:generate,1,7.545,5958.335
riverValley,spec/schema.ts:typeOk,57,0.033,0.033
riverValley,spec/schema.ts:checkSchema,6,0.258,0.291
riverValley,math/hash.ts:murmur3,14761,1.394,1.394
riverValley,land/genome.ts:randomPart,14,0.025,0.025
riverValley,land/genome.ts:drawWoods,1,0.032,0.034
riverValley,land/intentions.ts:drawIntentions,1,0.058,0.058
riverValley,land/intentions.ts:nudgeFor,2,0.002,0.002
riverValley,land/genome.ts:drawGenome,1,0.424,0.547
riverValley,land/genome.ts:leanGenome,1,0.030,0.033
riverValley,math/noise.ts:valueNoise,4878063,366.303,366.303
riverValley,math/detmath.ts:sinDet,68729,3.189,3.189
riverValley,math/polyline.ts:polyDist,199424,13.793,13.793
riverValley,land/field.ts:addPart,15,182.972,420.754
riverValley,land/field.ts:uplift,1,31.886,497.296
riverValley,land/field.ts:caprock,1,16.969,26.194
riverValley,land/drainage.ts:drainage,52,350.203,350.203
riverValley,land/field.ts:erodeHard,1,15.969,133.905
riverValley,land/field.ts:minFilter,1,6.707,6.707
riverValley,math/grid.ts:levelRegions,56,52.765,52.765
riverValley,land/levels.ts:mergeSmallRegions,3,5.230,17.652
riverValley,features/raster/terrain.ts:integrityLevel,1238044,108.080,108.080
riverValley,land/levels.ts:cleanPitsAndSpikes,5,26.090,71.557
riverValley,land/levels.ts:snapLevels,1,35.699,83.120
riverValley,gen/generate.ts:specFor,2,0.066,0.066
riverValley,land/levels.ts:relaxEdges,4,0.331,0.331
riverValley,math/detmath.ts:expDet,2153,0.892,0.892
riverValley,math/grid.ts:distanceFrom,53,27.505,27.505
riverValley,land/hydro.ts:smoothPath,18,1.446,1.446
riverValley,land/hydro.ts:pointAt,8218,8.230,8.230
riverValley,land/hydro.ts:meanderPath,9,2.114,4.878
riverValley,water/sourceGroups.ts:cleanCount,73,0.271,0.271
riverValley,features/raster/terrain.ts:mouthRowAt,25,0.611,0.790
riverValley,land/hydro.ts:stamp,9,38.152,38.152
riverValley,land/hydro.ts:planHydro,2,126.206,310.335
riverValley,gen/generate.ts:mouthBanks,2,0.045,0.045
riverValley,analysis/regions.ts:landRegions,19,19.223,19.223
riverValley,land/levels.ts:rampPath,14,10.323,10.323
riverValley,land/levels.ts:cutRamp,9,0.305,0.305
riverValley,land/levels.ts:naturalRamps,2,11.993,30.996
riverValley,features/raster/terrain.ts:mouthTilesBy,59,0.516,3.839
riverValley,land/levels.ts:unreachedLakes,2,4.116,15.470
riverValley,land/levels.ts:carveOutlets,4,13.406,43.506
riverValley,land/wind.ts:windOnce,34,1.454,1.554
riverValley,land/wind.ts:windRoute,29,0.116,1.670
riverValley,land/levels.ts:widenOutlets,2,2.229,13.673
riverValley,gen/generate.ts:plannedWater,4,7.289,14.762
riverValley,water/edgeLip.ts:edgeLip,2,0.657,0.657
riverValley,analysis/straight.ts:broadWater,5,4.889,9.145
riverValley,analysis/straight.ts:bankContours,5,5.469,5.469
riverValley,analysis/straight.ts:runEnd,4045,1.165,1.165
riverValley,analysis/straight.ts:canalOf,5,1.303,1.303
riverValley,analysis/straight.ts:straightness,5,0.355,17.437
riverValley,gen/generate.ts:lowerShelves,2,3.313,24.109
riverValley,land/courses.ts:courseCells,14,0.351,0.351
riverValley,land/courses.ts:blockedCourses,2,1.322,37.889
riverValley,land/courses.ts:closeBackEdges,1,0.049,0.295
riverValley,gen/generate.ts:planLandStage,2,7.874,585.496
riverValley,gen/readback.ts:outlineOf,6,0.760,0.760
riverValley,gen/readback.ts:lakeFeatures,2,0.309,1.072
riverValley,gen/weir.ts:planWeir,2,0.010,0.010
riverValley,gen/generate.ts:standingSteps,14,0.238,0.238
riverValley,format/base64.ts:toBase64,2,3.217,3.217
riverValley,gen/generate.ts:fieldData,2,0.102,3.319
riverValley,gen/generate.ts:attemptOnce,2,60.787,9079.447
riverValley,land/courses.ts:closeSideEdges,1,2.307,9.510
riverValley,land/courses.ts:drownedHeads,1,0.034,6.289
riverValley,gen/generate.ts:springsInFlow,1,0.304,0.304
riverValley,resources/badwater.ts:badwaterBudget,1,0.025,0.026
riverValley,gen/generate.ts:spreadWidth,628,0.592,0.592
riverValley,analysis/ridge.ts:damWalls,6,106.760,106.760
riverValley,land/sheets.ts:shallowSheet,1,3.752,3.752
riverValley,land/sheets.ts:lakeRise,1,0.016,0.016
riverValley,analysis/regions.ts:components,10,12.306,12.306
riverValley,analysis/story.ts:wetSystems,4,1.328,4.768
riverValley,analysis/story.ts:joinedOverPlugs,2,0.003,0.003
riverValley,analysis/story.ts:courseTiles,10,0.342,0.342
riverValley,analysis/story.ts:waterStory,2,4.956,9.629
riverValley,analysis/signature.ts:samples,12,0.367,0.367
riverValley,analysis/signature.ts:surfaceNear,2888,1.799,1.799
riverValley,features/geometry.ts:polygonMask,27,9.666,9.666
riverValley,analysis/signature.ts:signatureOf,2,86.020,91.496
riverValley,gen/outcomes.ts:outcomesOf,2,0.139,101.264
riverValley,sim/moisture.ts:clusterSaturation,12,3.145,3.145
riverValley,sim/moisture.ts:moisture,1,11.456,12.550
riverValley,sim/model.ts:waterModel,16,4.184,4.184
riverValley,sim/prefill.ts:spillLevels,18,139.348,139.348
riverValley,sim/drought.ts:droughtStorage,11,8.657,93.314
riverValley,analysis/vertical.ts:fallsOf,4,8.169,8.169
riverValley,gen/intentions.ts:settlerView,2,39.510,49.012
riverValley,gen/settler.ts:shoreWalkFrom,2,25.713,25.713
riverValley,gen/settler.ts:pumpShores,12,28.835,28.835
riverValley,gen/settler.ts:shoreWalkAny,4,12.260,30.823
riverValley,gen/settler.ts:prepareStart,2,17.544,82.827
riverValley,land/intentions.ts:startPreference,16160,1.014,1.014
riverValley,features/slopes.ts:placeSlopes,40,246.371,300.398
riverValley,analysis/walk.ts:walkDistance,39,31.835,31.835
riverValley,gen/settler.ts:startWalks,30,3.520,177.967
riverValley,gen/settler.ts:pickStart,5,96.287,275.268
riverValley,analysis/edges.ts:edgeWalls,2,0.537,0.537
riverValley,validate/playability.ts:nearWater,15,6.766,6.766
riverValley,land/minePads.ts:levelSquares,6,23.217,23.217
riverValley,land/minePads.ts:ownSquares,5,166.491,194.842
riverValley,land/minePads.ts:minePads,4,10.768,144.038
riverValley,land/hazards.ts:ditchRoute,4,14.735,27.574
riverValley,land/hazards.ts:straightStretch,4,0.574,0.574
riverValley,features/route.ts:channelTiles,33,0.766,0.766
riverValley,validate/playability.ts:basinLeak,5,0.128,0.284
riverValley,land/hazards.ts:planBadwater,1,98.407,141.557
riverValley,features/target.ts:sharedFields,12,1.864,1.864
riverValley,features/geometry.ts:pathField,5,92.735,92.735
riverValley,features/build.ts:terrainStage,12,103.177,258.524
riverValley,features/raster/terrain.ts:springTiles,60,1.349,1.349
riverValley,water/sourceGroups.ts:groundOf,48,3.909,3.909
riverValley,water/sourceGroups.ts:flowAt,48,0.041,0.041
riverValley,water/sourceGroups.ts:shareEqually,60,0.201,0.201
riverValley,water/sourceGroups.ts:placeRow,48,0.587,0.880
riverValley,water/sourceGroups.ts:placeSourceGroup,48,0.123,4.912
riverValley,math/hash.ts:guidFrom,3367,8.055,9.265
riverValley,water/sourceGroups.ts:groupIds,48,0.142,0.388
riverValley,features/raster/terrain.ts:lakeSpringTile,36,0.015,0.015
riverValley,format/footprints.ts:worldBlocks,6305,2.597,2.597
riverValley,features/setpieces/badwaterBasin.ts:basinTiles,24,0.178,0.178
riverValley,features/edits.ts:applyEntityEdits,13,1.861,1.861
riverValley,features/build.ts:run,12,5660.747,6513.861
riverValley,format/entities.ts:placementOf,6472,0.865,0.865
riverValley,sim/prefill.ts:flowThrough,3,12.982,36.392
riverValley,sim/prefill.ts:prefill,3,8.631,45.023
riverValley,analysis/sources.ts:sourcesInFlow,4,35.089,68.422
riverValley,validate/playability.ts:rulesFor,2,0.061,0.061
riverValley,sim/water.ts:composeKept,10,0.026,0.026
riverValley,sim/prefill.ts:canonicalRun,2,10.138,37.078
riverValley,sim/fed.ts:fedTiles,2,2.495,2.495
riverValley,sim/fed.ts:withoutUnfed,2,9.537,12.031
riverValley,sim/prefill.ts:keepSealed,2,0.009,0.009
riverValley,sim/columns.ts:waterColumns,12,16.138,16.138
riverValley,sim/columns.ts:terrainColumns,12,6.232,6.232
riverValley,sim/soil3d.ts:spreadGraph,24,95.590,95.590
riverValley,sim/soil3d.ts:runWater,24,15.054,15.054
riverValley,sim/soil3d.ts:settleTicks,24,151.285,151.285
riverValley,sim/soil3d.ts:moisture3dGame,12,56.719,269.210
riverValley,sim/soil3d.ts:contamination3dGame,12,89.740,139.178
riverValley,sim/soil.ts:gameSoil,12,1.812,440.705
riverValley,gen/extras.ts:objectKeepOff,3,4.680,11.271
riverValley,land/minePads.ts:roomMap,1,42.549,51.015
riverValley,features/build.ts:landformTargets,10,0.099,0.099
riverValley,features/slopes.ts:stepsFrom,10,22.627,22.627
riverValley,analysis/walk.ts:walkWorld,19,3.167,3.591
riverValley,analysis/walk.ts:tileShoreWalk,83932,5.471,5.471
riverValley,analysis/walk.ts:startWaterShore,2,5.337,9.105
riverValley,gen/extras.ts:extraCounts,1,0.019,0.019
riverValley,analysis/regions.ts:walkRegions,14,31.332,31.332
riverValley,features/objects.ts:fitProblems,9,0.086,0.086
riverValley,resources/baseline.ts:pickMineSite,3,32.598,32.698
riverValley,gen/extras.ts:thornBelt,7,1.844,1.844
riverValley,gen/extras.ts:planExtras,1,21.238,78.248
riverValley,features/objects.ts:placementsOf,315,0.773,0.787
riverValley,features/objects.ts:rasterizeObjects,97,0.890,3.021
riverValley,validate/playability.ts:colonyReach,2,2.067,6.828
riverValley,validate/playability.ts:minesOutOfReach,2,0.072,0.086
riverValley,gen/extras.ts:districtCandidates,2,10.559,18.499
riverValley,features/setpieces/secondDistrict.ts:pumpableWithin,5,0.246,0.246
riverValley,features/setpieces/secondDistrict.ts:planDistrict,5,0.485,4.717
riverValley,features/setpieces/index.ts:planSetPiece,5,0.247,5.113
riverValley,gen/generate.ts:walkableFromStart,5,0.066,7.662
riverValley,gen/extras.ts:neckCut,1,19.571,19.814
riverValley,resources/baseline.ts:woodPerTree,3,0.030,0.030
riverValley,gen/resources.ts:nearStartTargets,2,0.058,0.077
riverValley,gen/extras.ts:riseSpots,1,18.492,20.392
riverValley,resources/baseline.ts:ruinColumns,23,0.969,1.007
riverValley,resources/budget.ts:resourceBudget,1,0.320,0.323
riverValley,gen/blobs.ts:growBlob,47,5.291,5.291
riverValley,gen/blobs.ts:punchHoles,7,0.170,0.170
riverValley,resources/baseline.ts:planRuinFields,1,10.589,12.080
riverValley,gen/blobs.ts:pickSeeds,38,11.262,11.262
riverValley,resources/baseline.ts:thinCluster,40,0.897,0.897
riverValley,resources/baseline.ts:planPatches,2,22.066,26.867
riverValley,resources/baseline.ts:planGroves,2,14.231,25.303
riverValley,gen/resources.ts:startLayout,1,1.210,2.022
riverValley,gen/resources.ts:placeKinds,1,1.696,1.696
riverValley,gen/resources.ts:besideTiles,5,2.449,2.449
riverValley,gen/resources.ts:floorWood,1,0.131,0.137
riverValley,gen/resources.ts:planResources,1,33.207,108.089
riverValley,format/entities.ts:bush,289,0.203,0.203
riverValley,features/raster/resources.ts:rasterizeBerries,10,0.475,1.572
riverValley,format/entities.ts:tree,1216,0.383,0.383
riverValley,features/raster/resources.ts:rasterizeForest,29,1.183,4.858
riverValley,features/raster/resources.ts:rasterizeRuins,8,0.357,1.432
riverValley,format/world.ts:emptySimulationSingletons,1,0.021,0.021
riverValley,format/json.ts:formatFloat,44436,9.115,9.115
riverValley,format/world.ts:outflowToken,9199,11.605,16.197
riverValley,format/world.ts:settledSimulationSingletons,1,11.856,32.434
riverValley,gen/pack.ts:worldOf,1,1.687,34.122
riverValley,gen/pack.ts:description,1,0.908,0.908
riverValley,render/shade.ts:shadeTiles,1,3.219,3.219
riverValley,render/shade.ts:thumbnailRgba,1,12.135,15.354
riverValley,validate/checks.ts:jpegSize,1,0.008,0.008
riverValley,validate/checks.ts:checkFile,1,8.895,8.903
riverValley,validate/checks.ts:checkEntities,1,11.300,12.136
riverValley,validate/checks.ts:checkEdgeWall,1,0.034,0.193
riverValley,validate/checks.ts:checkTerrain,1,6.780,6.973
riverValley,validate/checks.ts:checkSlopes,1,0.136,0.136
riverValley,validate/checks.ts:checkStart,1,0.048,0.053
riverValley,validate/playability.ts:checkOutflow,1,2.255,9.156
riverValley,validate/playability.ts:checkSourcesInFlow,1,0.037,17.534
riverValley,validate/playability.ts:checkContained,1,0.023,0.069
riverValley,sim/soil3d.ts:columnSaturation,2,8.135,8.135
riverValley,validate/playability.ts:checkMines,1,0.042,0.074
riverValley,validate/playability.ts:startPlanting,1,0.006,0.006
riverValley,analysis/damsites.ts:damCandidate,1524,56.010,56.010
riverValley,analysis/damsites.ts:damSites,1,1.053,57.063
riverValley,analysis/storage.ts:runningFlow,1,0.617,0.927
riverValley,analysis/storage.ts:leveeStorage,1,34.080,34.080
riverValley,validate/playability.ts:checkExtras,1,0.098,0.408
riverValley,validate/playability.ts:checkStart,1,13.396,177.759
riverValley,validate/playability.ts:checkPlayability,1,0.918,239.942
riverValley,validate/checks.ts:checkDamWall,1,0.040,28.698
riverValley,analysis/mechanics.ts:mechanicsOf,1,1.003,1.010
riverValley,validate/checks.ts:validateMap,1,8.752,307.025
riverValley,gen/intentions.ts:finalCtx,2,0.449,24.635
riverValley,land/intentions.ts:resample,1,0.050,0.050
riverValley,land/intentions.ts:simplify,1,0.214,0.214
riverValley,land/intentions.ts:checkIntention,2,0.295,0.559
riverValley,gen/intentions.ts:finalChecks,1,0.030,25.225
riverValley,format/json.ts:stringify,2,9.556,9.718
riverValley,format/world.ts:encodeWorld,1,4.938,14.638
riverValley,format/timber.ts:setZipTimes,1,0.012,0.012
riverValley,format/timber.ts:writeTimber,1,114.999,129.667
riverValley,gen/generate.ts:playFacts,1,0.994,0.994
riverValley,gen/names.ts:landNoun,1,0.002,0.002
riverValley,gen/names.ts:compass,1,0.002,0.002
riverValley,gen/names.ts:playHint,1,0.006,0.008
riverValley,gen/names.ts:mapWords,1,0.734,0.745
riverValley,gen/generate.ts:generate,1,3.792,9880.040
canyon,spec/schema.ts:typeOk,53,0.020,0.020
canyon,spec/schema.ts:checkSchema,5,0.214,0.234
canyon,math/hash.ts:murmur3,11143,1.220,1.220
canyon,land/genome.ts:randomPart,72,0.141,0.141
canyon,land/genome.ts:drawWoods,3,0.044,0.044
canyon,land/intentions.ts:drawIntentions,3,0.064,0.064
canyon,land/intentions.ts:nudgeFor,4,0.005,0.005
canyon,land/genome.ts:drawGenome,3,0.796,1.052
canyon,land/genome.ts:leanGenome,3,0.056,0.057
canyon,math/noise.ts:valueNoise,20094756,1830.876,1830.876
canyon,land/field.ts:addPart,76,1207.684,2754.393
canyon,math/detmath.ts:sinDet,397222,21.524,21.524
canyon,math/polyline.ts:polyDist,986368,66.869,66.869
canyon,land/field.ts:uplift,3,132.820,3064.604
canyon,land/field.ts:caprock,3,62.627,98.019
canyon,land/drainage.ts:drainage,135,1199.897,1199.897
canyon,land/field.ts:erodeHard,3,162.786,896.906
canyon,land/field.ts:minFilter,3,56.760,56.760
canyon,math/grid.ts:levelRegions,53,44.776,44.776
canyon,land/levels.ts:mergeSmallRegions,6,12.296,26.615
canyon,features/raster/terrain.ts:integrityLevel,1623100,171.833,171.833
canyon,land/levels.ts:cleanPitsAndSpikes,9,64.107,182.465
canyon,land/levels.ts:snapLevels,3,138.905,306.446
canyon,gen/generate.ts:specFor,3,0.176,0.176
canyon,land/levels.ts:relaxEdges,6,0.473,0.473
canyon,math/detmath.ts:expDet,1831,0.328,0.328
canyon,math/grid.ts:distanceFrom,61,33.421,33.421
canyon,land/hydro.ts:smoothPath,34,5.843,5.843
canyon,land/hydro.ts:pointAt,14848,23.363,23.363
canyon,land/hydro.ts:meanderPath,17,4.074,7.737
canyon,land/hydro.ts:stamp,20,21.316,21.316
canyon,land/hydro.ts:planHydro,3,581.988,848.248
canyon,gen/generate.ts:mouthBanks,3,0.040,0.040
canyon,analysis/regions.ts:landRegions,32,34.000,34.000
canyon,land/levels.ts:rampPath,36,59.969,59.969
canyon,land/levels.ts:cutRamp,30,0.369,0.369
canyon,land/levels.ts:naturalRamps,3,31.729,111.615
canyon,features/raster/terrain.ts:mouthTilesBy,98,0.771,7.037
canyon,land/levels.ts:unreachedLakes,3,2.664,23.677
canyon,land/levels.ts:carveOutlets,6,8.594,52.936
canyon,land/levels.ts:widenOutlets,3,13.874,51.533
canyon,gen/generate.ts:plannedWater,9,23.365,46.848
canyon,analysis/straight.ts:broadWater,10,3.827,12.852
canyon,analysis/straight.ts:bankContours,10,8.739,8.739
canyon,analysis/straight.ts:runEnd,10544,2.572,2.572
canyon,analysis/straight.ts:canalOf,10,3.969,3.969
canyon,analysis/straight.ts:straightness,10,0.947,29.080
canyon,gen/generate.ts:lowerShelves,3,5.229,33.868
canyon,land/courses.ts:courseCells,32,1.163,1.163
canyon,land/courses.ts:blockedCourses,3,3.928,71.620
canyon,land/courses.ts:closeSideEdges,3,4.038,28.785
canyon,gen/generate.ts:planLandStage,3,14.047,1406.905
canyon,gen/readback.ts:outlineOf,12,0.451,0.451
canyon,gen/readback.ts:lakeFeatures,3,0.721,1.178
canyon,gen/weir.ts:planWeir,3,0.017,0.017
canyon,land/courses.ts:drownedHeads,3,0.070,23.190
canyon,gen/generate.ts:springsInFlow,3,1.452,1.452
canyon,resources/badwater.ts:badwaterBudget,3,0.120,0.123
canyon,gen/generate.ts:spreadWidth,2113,1.074,1.074
canyon,analysis/ridge.ts:damWalls,8,197.087,197.087
canyon,land/sheets.ts:shallowSheet,3,16.779,16.779
canyon,land/sheets.ts:lakeRise,3,0.078,0.078
canyon,analysis/regions.ts:components,14,4.628,4.628
canyon,analysis/story.ts:wetSystems,8,0.817,3.208
canyon,analysis/story.ts:joinedOverPlugs,4,0.006,0.006
canyon,analysis/story.ts:courseTiles,22,1.104,1.104
canyon,analysis/story.ts:waterStory,4,7.335,13.177
canyon,analysis/signature.ts:samples,26,1.135,1.135
canyon,analysis/signature.ts:surfaceNear,7358,1.595,1.595
canyon,features/geometry.ts:polygonMask,47,3.856,3.856
canyon,analysis/signature.ts:signatureOf,4,190.038,196.412
canyon,gen/outcomes.ts:outcomesOf,4,0.243,209.832
canyon,gen/generate.ts:standingSteps,13,0.132,0.132
canyon,format/base64.ts:toBase64,3,3.700,3.700
canyon,gen/generate.ts:fieldData,3,0.145,3.845
canyon,gen/generate.ts:attemptOnce,3,88.118,6556.309
canyon,water/sourceGroups.ts:cleanCount,75,0.308,0.308
canyon,features/raster/terrain.ts:mouthRowAt,25,0.640,0.838
canyon,land/wind.ts:windOnce,19,0.557,0.628
canyon,land/wind.ts:windRoute,16,0.045,0.673
canyon,water/edgeLip.ts:edgeLip,2,0.174,0.174
canyon,sim/moisture.ts:clusterSaturation,11,2.642,2.642
canyon,sim/moisture.ts:moisture,1,21.848,22.291
canyon,sim/model.ts:waterModel,14,9.502,9.502
canyon,sim/prefill.ts:spillLevels,16,128.175,128.175
canyon,sim/drought.ts:droughtStorage,10,9.519,95.300
canyon,analysis/vertical.ts:fallsOf,3,2.307,2.307
canyon,gen/intentions.ts:settlerView,2,25.421,30.637
canyon,gen/settler.ts:shoreWalkFrom,2,25.888,25.888
canyon,gen/settler.ts:pumpShores,8,18.112,18.112
canyon,gen/settler.ts:shoreWalkAny,4,2.676,14.931
canyon,gen/settler.ts:prepareStart,2,8.773,55.808
canyon,land/intentions.ts:startPreference,3083,12.186,12.186
canyon,features/slopes.ts:placeSlopes,29,180.427,223.826
canyon,analysis/walk.ts:walkDistance,28,19.206,19.206
canyon,gen/settler.ts:startWalks,21,1.459,143.245
canyon,gen/settler.ts:pickStart,5,62.463,217.894
canyon,analysis/edges.ts:edgeWalls,2,0.281,0.281
canyon,validate/playability.ts:nearWater,14,7.847,7.847
canyon,land/minePads.ts:levelSquares,6,27.753,27.753
canyon,land/minePads.ts:ownSquares,5,48.424,85.823
canyon,land/minePads.ts:minePads,4,8.801,83.171
canyon,land/hazards.ts:ditchRoute,2,0.358,0.911
canyon,land/hazards.ts:straightStretch,2,0.004,0.004
canyon,features/route.ts:channelTiles,25,0.106,0.106
canyon,validate/playability.ts:basinLeak,3,0.051,0.062
canyon,land/hazards.ts:planBadwater,1,132.783,166.080
canyon,features/target.ts:sharedFields,10,0.048,0.048
canyon,features/geometry.ts:pathField,6,101.522,101.522
canyon,features/build.ts:terrainStage,10,100.823,255.820
canyon,features/raster/terrain.ts:springTiles,60,1.335,1.335
canyon,water/sourceGroups.ts:groundOf,50,2.400,2.400
canyon,water/sourceGroups.ts:flowAt,50,0.040,0.040
canyon,water/sourceGroups.ts:shareEqually,60,0.168,0.168
canyon,water/sourceGroups.ts:placeRow,50,0.730,1.020
canyon,water/sourceGroups.ts:placeSourceGroup,50,0.109,3.529
canyon,math/hash.ts:guidFrom,2471,6.289,7.284
canyon,water/sourceGroups.ts:groupIds,50,0.131,0.289
canyon,features/raster/terrain.ts:lakeSpringTile,50,0.018,0.018
canyon,format/footprints.ts:worldBlocks,3629,1.452,1.452
canyon,features/setpieces/badwaterBasin.ts:basinTiles,20,0.065,0.065
canyon,features/edits.ts:applyEntityEdits,11,2.143,2.143
canyon,features/build.ts:run,10,2140.697,2856.840
canyon,format/entities.ts:placementOf,5757,0.906,0.906
canyon,sim/prefill.ts:flowThrough,2,4.900,19.890
canyon,sim/prefill.ts:prefill,2,6.663,26.553
canyon,analysis/sources.ts:sourcesInFlow,4,30.667,60.269
canyon,validate/playability.ts:rulesFor,2,0.084,0.084
canyon,sim/water.ts:composeKept,8,0.013,0.013
canyon,sim/prefill.ts:canonicalRun,1,3.170,12.785
canyon,sim/fed.ts:fedTiles,1,1.355,1.355
canyon,sim/fed.ts:withoutUnfed,1,1.549,2.904
canyon,sim/prefill.ts:keepSealed,1,0.003,0.003
canyon,sim/columns.ts:waterColumns,10,16.172,16.172
canyon,sim/columns.ts:terrainColumns,10,5.289,5.289
canyon,sim/soil3d.ts:spreadGraph,20,97.353,97.353
canyon,sim/soil3d.ts:runWater,20,13.729,13.729
canyon,sim/soil3d.ts:settleTicks,20,141.696,141.696
canyon,sim/soil3d.ts:moisture3dGame,10,52.324,257.288
canyon,sim/soil3d.ts:contamination3dGame,10,65.446,113.259
canyon,sim/soil.ts:gameSoil,10,1.151,399.162
canyon,gen/extras.ts:objectKeepOff,3,3.760,5.716
canyon,land/minePads.ts:roomMap,1,40.472,46.268
canyon,features/build.ts:landformTargets,8,0.058,0.058
canyon,features/slopes.ts:stepsFrom,8,20.650,20.650
canyon,analysis/walk.ts:walkWorld,14,4.730,4.891
canyon,analysis/walk.ts:tileShoreWalk,79732,7.636,7.636
canyon,analysis/walk.ts:startWaterShore,2,7.621,11.202
canyon,gen/extras.ts:extraCounts,1,0.020,0.020
canyon,analysis/regions.ts:walkRegions,12,27.958,27.958
canyon,features/objects.ts:fitProblems,12,0.108,0.108
canyon,resources/baseline.ts:pickMineSite,3,35.210,35.284
canyon,gen/extras.ts:planExtras,1,17.625,70.037
canyon,features/objects.ts:placementsOf,240,0.245,0.245
canyon,features/objects.ts:rasterizeObjects,72,0.399,0.835
canyon,validate/playability.ts:colonyReach,2,1.311,7.691
canyon,validate/playability.ts:minesOutOfReach,2,0.114,0.125
canyon,gen/extras.ts:districtCandidates,1,7.321,11.374
canyon,features/setpieces/secondDistrict.ts:pumpableWithin,4,0.245,0.245
canyon,features/setpieces/secondDistrict.ts:planDistrict,4,0.167,5.982
canyon,features/setpieces/index.ts:planSetPiece,4,0.108,6.188
canyon,gen/generate.ts:walkableFromStart,4,0.061,8.363
canyon,resources/baseline.ts:woodPerTree,3,0.036,0.036
canyon,gen/resources.ts:nearStartTargets,2,0.043,0.072
canyon,gen/extras.ts:riseSpots,1,28.025,30.295
canyon,resources/budget.ts:resourceBudget,1,0.067,0.068
canyon,gen/blobs.ts:growBlob,35,9.420,9.420
canyon,gen/blobs.ts:punchHoles,9,1.468,1.468
canyon,resources/baseline.ts:ruinColumns,27,3.128,3.161
canyon,resources/baseline.ts:planRuinFields,1,27.957,32.048
canyon,gen/blobs.ts:pickSeeds,25,13.091,13.091
canyon,resources/baseline.ts:thinCluster,26,1.064,1.064
canyon,resources/baseline.ts:planPatches,2,13.009,20.206
canyon,resources/baseline.ts:planGroves,2,36.012,50.277
canyon,gen/resources.ts:startLayout,1,1.179,1.435
canyon,gen/resources.ts:placeKinds,1,7.182,7.182
canyon,gen/resources.ts:floorWood,1,0.086,0.089
canyon,gen/resources.ts:planResources,1,21.409,135.864
canyon,format/entities.ts:bush,289,0.111,0.111
canyon,features/raster/resources.ts:rasterizeBerries,7,0.384,1.275
canyon,format/entities.ts:tree,973,0.268,0.268
canyon,features/raster/resources.ts:rasterizeForest,18,1.237,4.064
canyon,features/raster/resources.ts:rasterizeRuins,9,0.371,3.945
canyon,format/world.ts:emptySimulationSingletons,1,0.028,0.028
canyon,format/json.ts:formatFloat,35054,12.758,12.758
canyon,format/world.ts:outflowToken,7098,13.265,18.757
canyon,format/world.ts:settledSimulationSingletons,1,17.598,43.468
canyon,gen/pack.ts:worldOf,1,5.476,48.944
canyon,gen/pack.ts:description,1,3.011,3.011
canyon,render/shade.ts:shadeTiles,1,12.138,12.138
canyon,render/shade.ts:thumbnailRgba,1,27.450,39.588
canyon,validate/checks.ts:jpegSize,1,0.008,0.008
canyon,validate/checks.ts:checkFile,1,10.998,11.007
canyon,validate/checks.ts:checkEntities,1,17.347,18.300
canyon,validate/checks.ts:checkEdgeWall,1,0.053,0.188
canyon,validate/checks.ts:checkTerrain,1,7.978,8.165
canyon,validate/checks.ts:checkSlopes,1,0.127,0.127
canyon,validate/checks.ts:checkStart,1,0.076,0.081
canyon,validate/playability.ts:checkOutflow,1,10.981,11.930
canyon,validate/playability.ts:checkSourcesInFlow,1,0.034,16.994
canyon,validate/playability.ts:checkContained,1,0.021,0.045
canyon,sim/soil3d.ts:columnSaturation,2,6.004,6.004
canyon,validate/playability.ts:checkMines,1,0.063,0.150
canyon,validate/playability.ts:startPlanting,1,0.008,0.008
canyon,analysis/damsites.ts:damCandidate,4788,128.672,128.672
canyon,analysis/damsites.ts:damSites,1,1.744,130.415
canyon,analysis/storage.ts:runningFlow,1,1.106,1.488
canyon,analysis/storage.ts:leveeStorage,1,2.579,2.579
canyon,validate/playability.ts:checkExtras,1,0.202,1.124
canyon,validate/playability.ts:checkStart,1,20.701,234.589
canyon,validate/playability.ts:checkPlayability,1,1.691,308.283
canyon,validate/checks.ts:checkDamWall,1,0.036,49.992
canyon,analysis/mechanics.ts:mechanicsOf,1,1.904,1.910
canyon,validate/checks.ts:validateMap,1,7.578,405.936
canyon,gen/intentions.ts:finalCtx,1,0.350,13.189
canyon,land/intentions.ts:checkIntention,1,10.526,10.526
canyon,gen/intentions.ts:finalChecks,1,0.033,23.749
canyon,format/json.ts:stringify,2,13.104,13.286
canyon,format/world.ts:encodeWorld,1,6.487,19.751
canyon,format/timber.ts:setZipTimes,1,0.016,0.016
canyon,format/timber.ts:writeTimber,1,186.742,206.531
canyon,gen/generate.ts:playFacts,1,2.242,2.242
canyon,gen/names.ts:landNoun,1,0.001,0.001
canyon,gen/names.ts:compass,1,0.003,0.003
canyon,gen/names.ts:playHint,1,0.043,0.046
canyon,gen/names.ts:mapWords,1,0.070,0.117
canyon,gen/generate.ts:generate,1,12.298,11035.922
highlands,spec/schema.ts:typeOk,45,0.011,0.011
highlands,spec/schema.ts:checkSchema,3,0.179,0.190
highlands,math/hash.ts:murmur3,10836,1.205,1.205
highlands,land/genome.ts:randomPart,28,0.026,0.026
highlands,land/genome.ts:drawWoods,1,0.009,0.009
highlands,land/intentions.ts:drawIntentions,1,0.020,0.020
highlands,land/intentions.ts:nudgeFor,1,0.001,0.001
highlands,math/detmath.ts:sinDet,66348,4.632,4.632
highlands,land/genome.ts:drawGenome,1,0.357,0.414
highlands,land/genome.ts:leanGenome,1,0.019,0.019
highlands,math/noise.ts:valueNoise,8318674,821.271,821.271
highlands,land/field.ts:addPart,31,580.643,1297.690
highlands,math/polyline.ts:polyDist,327680,22.870,22.870
highlands,land/field.ts:uplift,1,52.478,1416.301
highlands,land/field.ts:caprock,1,21.414,33.561
highlands,land/drainage.ts:drainage,31,261.561,261.561
highlands,land/field.ts:erodeHard,1,17.711,121.952
highlands,land/field.ts:minFilter,1,3.336,3.336
highlands,math/grid.ts:levelRegions,48,42.499,42.499
highlands,land/levels.ts:mergeSmallRegions,2,4.514,10.318
highlands,features/raster/terrain.ts:integrityLevel,911384,105.281,105.281
highlands,land/levels.ts:cleanPitsAndSpikes,4,28.588,85.981
highlands,land/levels.ts:snapLevels,1,47.188,114.235
highlands,gen/generate.ts:specFor,1,0.059,0.059
highlands,land/levels.ts:relaxEdges,2,0.231,0.231
highlands,math/detmath.ts:expDet,2311,1.307,1.307
highlands,math/grid.ts:distanceFrom,47,27.297,27.297
highlands,land/hydro.ts:smoothPath,12,0.318,0.318
highlands,land/hydro.ts:pointAt,3152,3.186,3.186
highlands,land/hydro.ts:meanderPath,6,2.193,3.202
highlands,land/hydro.ts:stamp,6,8.326,8.326
highlands,land/hydro.ts:planHydro,1,114.615,193.701
highlands,gen/generate.ts:mouthBanks,1,0.007,0.007
highlands,analysis/regions.ts:landRegions,15,17.940,17.940
highlands,land/levels.ts:rampPath,4,1.345,1.345
highlands,land/levels.ts:cutRamp,4,0.076,0.076
highlands,land/levels.ts:naturalRamps,1,3.975,10.185
highlands,features/raster/terrain.ts:mouthTilesBy,36,0.017,0.017
highlands,land/levels.ts:unreachedLakes,1,0.474,7.329
highlands,land/levels.ts:carveOutlets,2,1.538,16.792
highlands,land/wind.ts:windRoute,3,0.013,0.026
highlands,land/levels.ts:widenOutlets,1,0.458,9.462
highlands,gen/generate.ts:plannedWater,3,2.364,9.565
highlands,analysis/straight.ts:broadWater,4,4.247,7.352
highlands,analysis/straight.ts:bankContours,4,3.664,3.664
highlands,analysis/straight.ts:runEnd,4204,1.083,1.083
highlands,analysis/straight.ts:canalOf,4,3.185,3.185
highlands,analysis/straight.ts:straightness,4,0.394,15.678
highlands,gen/generate.ts:lowerShelves,1,0.530,10.103
highlands,land/courses.ts:courseCells,12,0.161,0.161
highlands,land/courses.ts:blockedCourses,1,0.524,24.460
highlands,land/courses.ts:closeSideEdges,1,0.695,8.183
highlands,gen/generate.ts:planLandStage,1,1.190,330.018
highlands,gen/readback.ts:outlineOf,3,0.105,0.105
highlands,gen/readback.ts:lakeFeatures,1,0.185,0.291
highlands,gen/weir.ts:planWeir,1,0.007,0.007
highlands,land/courses.ts:drownedHeads,1,0.018,8.368
highlands,gen/generate.ts:springsInFlow,1,0.476,0.476
highlands,resources/badwater.ts:badwaterBudget,1,0.041,0.042
highlands,gen/generate.ts:spreadWidth,668,0.152,0.152
highlands,analysis/ridge.ts:damWalls,6,85.042,85.042
highlands,land/sheets.ts:shallowSheet,1,2.235,2.235
highlands,land/sheets.ts:lakeRise,1,0.020,0.020
highlands,analysis/regions.ts:components,10,2.922,2.922
highlands,analysis/story.ts:wetSystems,4,0.359,1.415
highlands,analysis/story.ts:joinedOverPlugs,2,0.003,0.003
highlands,analysis/story.ts:courseTiles,12,0.123,0.123
highlands,analysis/story.ts:waterStory,2,1.039,3.103
highlands,analysis/signature.ts:samples,14,0.124,0.124
highlands,analysis/signature.ts:surfaceNear,2850,0.522,0.522
highlands,features/geometry.ts:polygonMask,24,4.161,4.161
highlands,analysis/signature.ts:signatureOf,2,84.159,86.382
highlands,gen/outcomes.ts:outcomesOf,2,0.550,90.035
highlands,sim/moisture.ts:clusterSaturation,12,2.566,2.566
highlands,sim/moisture.ts:moisture,1,16.124,16.429
highlands,sim/model.ts:waterModel,12,1.946,1.946
highlands,sim/prefill.ts:spillLevels,17,144.895,144.895
highlands,sim/drought.ts:droughtStorage,11,6.022,102.408
highlands,analysis/vertical.ts:fallsOf,4,1.643,1.643
highlands,gen/intentions.ts:settlerView,2,17.879,22.447
highlands,gen/settler.ts:shoreWalkFrom,2,8.245,8.245
highlands,gen/settler.ts:pumpShores,5,21.075,21.075
highlands,gen/settler.ts:shoreWalkAny,4,2.384,21.740
highlands,gen/settler.ts:prepareStart,2,9.392,47.226
highlands,land/intentions.ts:startPreference,1522,0.177,0.177
highlands,features/slopes.ts:placeSlopes,37,145.907,197.925
highlands,analysis/walk.ts:walkDistance,39,19.361,19.361
highlands,gen/settler.ts:startWalks,31,2.137,155.126
highlands,gen/settler.ts:pickStart,5,111.045,266.349
highlands,analysis/edges.ts:edgeWalls,2,0.270,0.270
highlands,validate/playability.ts:nearWater,14,6.291,6.291
highlands,land/minePads.ts:levelSquares,6,31.302,31.302
highlands,land/minePads.ts:ownSquares,5,188.689,222.289
highlands,land/minePads.ts:minePads,4,18.482,189.719
highlands,land/hazards.ts:ditchRoute,2,0.393,0.811
highlands,land/hazards.ts:straightStretch,2,0.003,0.003
highlands,features/route.ts:channelTiles,21,0.127,0.127
highlands,validate/playability.ts:basinLeak,3,0.046,0.061
highlands,land/wind.ts:windOnce,1,0.012,0.012
highlands,land/hazards.ts:planBadwater,1,117.109,134.447
highlands,gen/generate.ts:standingSteps,9,0.107,0.107
highlands,features/target.ts:sharedFields,8,0.047,0.047
highlands,features/geometry.ts:pathField,6,93.760,93.760
highlands,features/build.ts:terrainStage,8,85.835,227.483
highlands,features/raster/terrain.ts:springTiles,48,1.521,1.521
highlands,water/sourceGroups.ts:groundOf,48,2.835,2.835
highlands,water/sourceGroups.ts:cleanCount,48,0.141,0.141
highlands,water/sourceGroups.ts:flowAt,48,0.034,0.034
highlands,water/sourceGroups.ts:shareEqually,48,0.116,0.116
highlands,water/sourceGroups.ts:placeRow,48,0.658,0.961
highlands,water/sourceGroups.ts:placeSourceGroup,48,0.086,3.882
highlands,math/hash.ts:guidFrom,2444,6.104,7.143
highlands,water/sourceGroups.ts:groupIds,48,0.135,0.385
highlands,features/raster/terrain.ts:lakeSpringTile,24,0.011,0.011
highlands,format/footprints.ts:worldBlocks,4123,2.465,2.465
highlands,features/setpieces/badwaterBasin.ts:basinTiles,16,0.055,0.055
highlands,features/edits.ts:applyEntityEdits,9,1.399,1.399
highlands,features/build.ts:run,8,1028.586,1608.623
highlands,format/entities.ts:placementOf,5882,0.901,0.901
highlands,sim/prefill.ts:flowThrough,2,1.753,17.137
highlands,sim/prefill.ts:prefill,2,1.415,18.552
highlands,analysis/sources.ts:sourcesInFlow,4,24.453,59.839
highlands,validate/playability.ts:rulesFor,2,0.061,0.061
highlands,sim/water.ts:composeKept,6,0.017,0.017
highlands,sim/prefill.ts:canonicalRun,1,1.807,10.244
highlands,sim/fed.ts:fedTiles,1,0.593,0.593
highlands,sim/fed.ts:withoutUnfed,1,1.034,1.627
highlands,sim/prefill.ts:keepSealed,1,0.002,0.002
highlands,sim/columns.ts:waterColumns,8,14.312,14.312
highlands,sim/columns.ts:terrainColumns,8,5.862,5.862
highlands,sim/soil3d.ts:spreadGraph,16,90.957,90.957
highlands,sim/soil3d.ts:runWater,16,10.511,10.511
highlands,sim/soil3d.ts:settleTicks,16,94.356,94.356
highlands,sim/soil3d.ts:moisture3dGame,8,58.829,213.921
highlands,sim/soil3d.ts:contamination3dGame,8,59.385,100.116
highlands,sim/soil.ts:gameSoil,8,1.097,340.271
highlands,gen/extras.ts:objectKeepOff,3,3.104,5.894
highlands,land/minePads.ts:roomMap,1,50.932,62.154
highlands,features/build.ts:landformTargets,6,0.034,0.034
highlands,features/slopes.ts:stepsFrom,6,19.752,19.752
highlands,analysis/walk.ts:walkWorld,13,3.832,4.220
highlands,analysis/walk.ts:tileShoreWalk,72846,7.042,7.042
highlands,analysis/walk.ts:startWaterShore,2,3.765,6.068
highlands,gen/extras.ts:extraCounts,1,0.028,0.028
highlands,analysis/regions.ts:walkRegions,10,33.157,33.157
highlands,features/objects.ts:fitProblems,11,0.088,0.088
highlands,resources/baseline.ts:pickMineSite,3,37.991,38.281
highlands,gen/extras.ts:thornBelt,7,2.800,2.800
highlands,gen/extras.ts:planExtras,1,29.994,97.245
highlands,features/objects.ts:placementsOf,196,0.528,0.538
highlands,features/objects.ts:rasterizeObjects,56,0.508,1.627
highlands,validate/playability.ts:colonyReach,2,4.392,10.932
highlands,validate/playability.ts:minesOutOfReach,2,0.163,0.175
highlands,gen/extras.ts:districtCandidates,1,7.366,11.962
highlands,features/setpieces/secondDistrict.ts:pumpableWithin,2,0.119,0.119
highlands,features/setpieces/secondDistrict.ts:planDistrict,2,0.089,1.916
highlands,features/setpieces/index.ts:planSetPiece,2,0.039,1.996
highlands,gen/generate.ts:walkableFromStart,2,0.024,3.424
highlands,resources/baseline.ts:woodPerTree,3,0.019,0.019
highlands,gen/resources.ts:nearStartTargets,2,0.054,0.069
highlands,gen/extras.ts:riseSpots,1,28.843,32.079
highlands,resources/budget.ts:resourceBudget,1,0.076,0.077
highlands,gen/blobs.ts:growBlob,47,7.029,7.029
highlands,gen/blobs.ts:punchHoles,11,0.378,0.378
highlands,resources/baseline.ts:ruinColumns,33,7.118,7.188
highlands,resources/baseline.ts:planRuinFields,1,29.514,31.834
highlands,gen/blobs.ts:pickSeeds,35,16.242,16.242
highlands,resources/baseline.ts:thinCluster,36,1.140,1.140
highlands,resources/baseline.ts:planPatches,2,12.807,19.776
highlands,resources/baseline.ts:planGroves,2,26.192,41.065
highlands,gen/resources.ts:startLayout,1,1.071,2.267
highlands,gen/resources.ts:placeKinds,1,4.019,4.019
highlands,gen/resources.ts:besideTiles,7,5.857,5.857
highlands,gen/resources.ts:floorWood,1,0.116,0.121
highlands,gen/resources.ts:planResources,1,68.810,183.759
highlands,format/entities.ts:bush,287,0.124,0.124
highlands,features/raster/resources.ts:rasterizeBerries,7,0.321,1.217
highlands,format/entities.ts:tree,1010,0.493,0.493
highlands,features/raster/resources.ts:rasterizeForest,29,1.223,4.659
highlands,features/raster/resources.ts:rasterizeRuins,11,0.405,2.170
highlands,format/world.ts:emptySimulationSingletons,1,0.024,0.024
highlands,format/json.ts:formatFloat,17470,7.201,7.201
highlands,format/world.ts:outflowToken,3657,5.735,8.870
highlands,format/world.ts:settledSimulationSingletons,1,11.123,23.872
highlands,gen/pack.ts:worldOf,1,3.172,27.043
highlands,gen/pack.ts:description,1,1.557,1.557
highlands,render/shade.ts:shadeTiles,1,5.580,5.580
highlands,render/shade.ts:thumbnailRgba,1,18.376,23.956
highlands,validate/checks.ts:jpegSize,1,0.012,0.012
highlands,validate/checks.ts:checkFile,1,11.244,11.256
highlands,validate/checks.ts:checkEntities,1,20.041,20.914
highlands,validate/checks.ts:checkEdgeWall,1,0.058,0.154
highlands,validate/checks.ts:checkTerrain,1,5.725,5.879
highlands,validate/checks.ts:checkSlopes,1,0.127,0.127
highlands,validate/checks.ts:checkStart,1,0.065,0.069
highlands,validate/playability.ts:checkOutflow,1,4.756,5.431
highlands,validate/playability.ts:checkSourcesInFlow,1,0.028,14.642
highlands,validate/playability.ts:checkContained,1,0.025,0.052
highlands,sim/soil3d.ts:columnSaturation,2,4.963,4.963
highlands,validate/playability.ts:checkMines,1,0.109,0.242
highlands,validate/playability.ts:startPlanting,1,0.010,0.010
highlands,analysis/damsites.ts:damCandidate,5448,97.571,97.571
highlands,analysis/damsites.ts:damSites,1,1.427,98.998
highlands,analysis/storage.ts:runningFlow,1,1.060,1.482
highlands,validate/playability.ts:checkExtras,1,0.172,0.823
highlands,validate/playability.ts:checkStart,1,25.422,202.990
highlands,validate/playability.ts:checkPlayability,1,1.973,266.797
highlands,validate/checks.ts:checkDamWall,1,0.037,28.419
highlands,analysis/mechanics.ts:mechanicsOf,1,1.807,1.814
highlands,validate/checks.ts:validateMap,1,6.649,342.459
highlands,gen/intentions.ts:finalCtx,2,0.947,23.090
highlands,land/intentions.ts:levelLakes,2,7.505,7.505
highlands,land/intentions.ts:openWater,2,2.020,2.020
highlands,land/intentions.ts:checkIntention,8,90.985,100.811
highlands,gen/intentions.ts:finalChecks,1,0.028,19.155
highlands,land/intentions.ts:resample,6,0.167,0.167
highlands,land/intentions.ts:fallGroups,1,0.135,0.135
highlands,gen/intentions.ts:foundIntention,1,0.080,104.854
highlands,format/json.ts:stringify,2,11.832,12.043
highlands,format/world.ts:encodeWorld,1,6.185,18.208
highlands,format/timber.ts:setZipTimes,1,0.017,0.017
highlands,format/timber.ts:writeTimber,1,112.051,130.296
highlands,format/base64.ts:toBase64,1,0.777,0.777
highlands,gen/generate.ts:fieldData,1,0.063,0.840
highlands,gen/generate.ts:attemptOnce,1,76.959,4092.449
highlands,gen/generate.ts:playFacts,1,1.819,1.819
highlands,gen/names.ts:landNoun,1,0.001,0.001
highlands,gen/names.ts:playHint,1,0.001,0.001
highlands,gen/names.ts:mapWords,1,0.068,0.071
highlands,gen/generate.ts:generate,1,0.596,5830.107
lakeBasin,spec/schema.ts:typeOk,41,0.012,0.012
lakeBasin,spec/schema.ts:checkSchema,2,0.194,0.206
lakeBasin,math/hash.ts:murmur3,10395,0.898,0.898
lakeBasin,land/genome.ts:randomPart,28,0.065,0.065
lakeBasin,land/genome.ts:drawWoods,1,0.018,0.019
lakeBasin,land/intentions.ts:drawIntentions,1,0.030,0.030
lakeBasin,land/intentions.ts:nudgeFor,2,0.003,0.003
lakeBasin,land/genome.ts:drawGenome,1,0.478,0.595
lakeBasin,land/genome.ts:leanGenome,1,0.034,0.034
lakeBasin,land/lakeBasin.ts:shapeLakeBasin,1,0.087,0.087
lakeBasin,math/noise.ts:valueNoise,2848164,311.207,311.207
lakeBasin,math/detmath.ts:sinDet,3322,0.240,0.240
lakeBasin,land/field.ts:addPart,9,172.201,378.135
lakeBasin,math/polyline.ts:polyDist,265728,25.691,25.691
lakeBasin,land/field.ts:uplift,1,49.732,492.730
lakeBasin,land/field.ts:caprock,1,20.123,31.903
lakeBasin,land/drainage.ts:drainage,30,238.433,238.433
lakeBasin,land/field.ts:erodeHard,1,8.725,63.689
lakeBasin,land/field.ts:minFilter,1,2.409,2.409
lakeBasin,math/grid.ts:levelRegions,47,34.824,34.824
lakeBasin,land/levels.ts:mergeSmallRegions,2,3.195,8.104
lakeBasin,features/raster/terrain.ts:integrityLevel,652300,65.294,65.294
lakeBasin,land/levels.ts:cleanPitsAndSpikes,2,15.004,44.482
lakeBasin,land/levels.ts:snapLevels,1,37.163,88.707
lakeBasin,gen/generate.ts:specFor,1,0.062,0.062
lakeBasin,land/levels.ts:relaxEdges,2,0.224,0.224
lakeBasin,math/detmath.ts:expDet,1724,0.222,0.222
lakeBasin,land/hydro.ts:smoothPath,12,0.563,0.563
lakeBasin,land/hydro.ts:pointAt,5396,9.238,9.238
lakeBasin,land/hydro.ts:meanderPath,6,3.839,7.113
lakeBasin,water/sourceGroups.ts:cleanCount,58,0.178,0.178
lakeBasin,features/raster/terrain.ts:mouthRowAt,30,0.589,0.753
lakeBasin,land/hydro.ts:stamp,6,2.994,2.994
lakeBasin,land/hydro.ts:planHydro,1,91.559,190.412
lakeBasin,gen/generate.ts:mouthBanks,1,0.023,0.023
lakeBasin,analysis/regions.ts:landRegions,12,9.327,9.327
lakeBasin,land/levels.ts:rampPath,2,0.846,0.846
lakeBasin,land/levels.ts:naturalRamps,1,3.854,5.521
lakeBasin,features/raster/terrain.ts:mouthTilesBy,52,1.259,7.492
lakeBasin,land/levels.ts:unreachedLakes,1,12.790,21.592
lakeBasin,land/wind.ts:windOnce,29,1.265,1.408
lakeBasin,land/wind.ts:windRoute,16,0.080,1.488
lakeBasin,land/levels.ts:carveOutlets,2,23.816,47.200
lakeBasin,land/levels.ts:widenOutlets,1,21.744,45.565
lakeBasin,gen/generate.ts:plannedWater,3,3.868,11.928
lakeBasin,water/edgeLip.ts:edgeLip,2,0.564,0.564
lakeBasin,math/grid.ts:distanceFrom,46,23.495,23.495
lakeBasin,analysis/straight.ts:broadWater,4,1.471,5.168
lakeBasin,analysis/straight.ts:bankContours,4,5.960,5.960
lakeBasin,analysis/straight.ts:runEnd,6217,1.314,1.314
lakeBasin,analysis/straight.ts:canalOf,4,4.640,4.640
lakeBasin,analysis/straight.ts:straightness,4,0.385,17.468
lakeBasin,gen/generate.ts:lowerShelves,1,0.755,10.417
lakeBasin,land/courses.ts:courseCells,12,0.227,0.227
lakeBasin,land/courses.ts:blockedCourses,1,0.457,26.840
lakeBasin,land/courses.ts:closeSideEdges,1,0.747,9.346
lakeBasin,gen/generate.ts:planLandStage,1,2.863,388.422
lakeBasin,gen/readback.ts:outlineOf,4,0.170,0.170
lakeBasin,gen/readback.ts:lakeFeatures,1,0.771,0.943
lakeBasin,gen/weir.ts:planWeir,1,0.006,0.006
lakeBasin,land/courses.ts:drownedHeads,1,0.029,10.119
lakeBasin,gen/generate.ts:springsInFlow,1,0.984,0.984
lakeBasin,resources/badwater.ts:badwaterBudget,1,0.035,0.036
lakeBasin,gen/generate.ts:spreadWidth,1108,0.505,0.505
lakeBasin,analysis/ridge.ts:damWalls,6,166.866,166.866
lakeBasin,land/sheets.ts:shallowSheet,1,3.165,3.165
lakeBasin,land/sheets.ts:lakeRise,1,0.012,0.012
lakeBasin,analysis/regions.ts:components,10,3.829,3.829
lakeBasin,analysis/story.ts:wetSystems,4,0.458,1.976
lakeBasin,analysis/story.ts:joinedOverPlugs,2,0.002,0.002
lakeBasin,analysis/story.ts:courseTiles,12,0.150,0.150
lakeBasin,analysis/story.ts:waterStory,2,0.567,2.722
lakeBasin,analysis/signature.ts:samples,14,0.199,0.199
lakeBasin,analysis/signature.ts:surfaceNear,4674,0.786,0.786
lakeBasin,features/geometry.ts:polygonMask,32,14.759,14.759
lakeBasin,analysis/signature.ts:signatureOf,2,61.295,66.138
lakeBasin,gen/outcomes.ts:outcomesOf,2,0.174,69.034
lakeBasin,sim/moisture.ts:clusterSaturation,13,4.258,4.258
lakeBasin,sim/moisture.ts:moisture,1,12.490,12.981
lakeBasin,sim/model.ts:waterModel,11,0.774,0.774
lakeBasin,sim/prefill.ts:spillLevels,18,110.099,110.099
lakeBasin,sim/drought.ts:droughtStorage,12,6.941,84.564
lakeBasin,analysis/vertical.ts:fallsOf,5,3.169,3.169
lakeBasin,gen/intentions.ts:settlerView,2,16.057,20.798
lakeBasin,gen/settler.ts:shoreWalkFrom,2,13.597,13.597
lakeBasin,gen/settler.ts:pumpShores,17,29.143,29.143
lakeBasin,gen/settler.ts:shoreWalkAny,4,10.515,22.891
lakeBasin,gen/settler.ts:prepareStart,2,1.890,45.844
lakeBasin,land/intentions.ts:startPreference,27696,2.355,2.355
lakeBasin,features/slopes.ts:placeSlopes,38,164.090,206.302
lakeBasin,analysis/walk.ts:walkDistance,42,34.560,34.560
lakeBasin,gen/settler.ts:startWalks,33,2.756,176.659
lakeBasin,gen/settler.ts:pickStart,5,63.074,242.088
lakeBasin,analysis/edges.ts:edgeWalls,2,0.082,0.082
lakeBasin,validate/playability.ts:nearWater,14,6.003,6.003
lakeBasin,land/minePads.ts:levelSquares,6,29.401,29.401
lakeBasin,land/minePads.ts:ownSquares,5,96.562,127.626
lakeBasin,land/minePads.ts:minePads,4,9.822,115.106
lakeBasin,land/hazards.ts:ditchRoute,1,0.754,1.639
lakeBasin,land/hazards.ts:straightStretch,1,0.021,0.021
lakeBasin,features/route.ts:channelTiles,17,0.284,0.284
lakeBasin,validate/playability.ts:basinLeak,2,0.032,0.064
lakeBasin,land/hazards.ts:planBadwater,1,76.190,95.983
lakeBasin,gen/generate.ts:standingSteps,8,0.017,0.017
lakeBasin,features/target.ts:sharedFields,7,0.034,0.034
lakeBasin,features/geometry.ts:pathField,6,137.599,137.599
lakeBasin,features/build.ts:terrainStage,7,60.768,234.182
lakeBasin,features/raster/terrain.ts:springTiles,42,0.782,0.782
lakeBasin,water/sourceGroups.ts:groundOf,28,1.222,1.222
lakeBasin,water/sourceGroups.ts:flowAt,28,0.017,0.017
lakeBasin,water/sourceGroups.ts:shareEqually,42,0.105,0.105
lakeBasin,water/sourceGroups.ts:placeRow,28,0.262,0.374
lakeBasin,water/sourceGroups.ts:placeSourceGroup,28,0.049,1.645
lakeBasin,math/hash.ts:guidFrom,2349,3.806,4.570
lakeBasin,water/sourceGroups.ts:groupIds,28,0.056,0.130
lakeBasin,features/raster/terrain.ts:lakeSpringTile,28,0.011,0.011
lakeBasin,format/footprints.ts:worldBlocks,3121,0.782,0.782
lakeBasin,features/setpieces/badwaterBasin.ts:basinTiles,14,0.041,0.041
lakeBasin,features/edits.ts:applyEntityEdits,8,0.775,0.775
lakeBasin,features/build.ts:run,7,2504.029,3062.730
lakeBasin,format/entities.ts:placementOf,6233,0.583,0.583
lakeBasin,sim/prefill.ts:flowThrough,2,3.872,15.454
lakeBasin,sim/prefill.ts:prefill,2,0.983,16.437
lakeBasin,analysis/sources.ts:sourcesInFlow,4,22.804,47.465
lakeBasin,validate/playability.ts:rulesFor,2,0.060,0.060
lakeBasin,sim/water.ts:composeKept,5,0.006,0.006
lakeBasin,sim/prefill.ts:canonicalRun,1,1.475,10.240
lakeBasin,sim/fed.ts:fedTiles,1,2.291,2.291
lakeBasin,sim/fed.ts:withoutUnfed,1,2.034,4.325
lakeBasin,sim/prefill.ts:keepSealed,1,0.003,0.003
lakeBasin,sim/columns.ts:waterColumns,7,3.178,3.178
lakeBasin,sim/columns.ts:terrainColumns,7,2.819,2.819
lakeBasin,sim/soil3d.ts:spreadGraph,14,57.632,57.632
lakeBasin,sim/soil3d.ts:runWater,14,5.605,5.605
lakeBasin,sim/soil3d.ts:settleTicks,14,129.534,129.534
lakeBasin,sim/soil3d.ts:moisture3dGame,7,35.995,201.079
lakeBasin,sim/soil3d.ts:contamination3dGame,7,57.021,84.708
lakeBasin,sim/soil.ts:gameSoil,7,0.769,298.335
lakeBasin,gen/extras.ts:objectKeepOff,3,2.779,9.319
lakeBasin,land/minePads.ts:roomMap,1,76.112,85.458
lakeBasin,features/build.ts:landformTargets,5,0.018,0.018
lakeBasin,features/slopes.ts:stepsFrom,5,14.774,14.774
lakeBasin,analysis/walk.ts:walkWorld,13,2.313,2.414
lakeBasin,analysis/walk.ts:tileShoreWalk,93024,5.281,5.281
lakeBasin,analysis/walk.ts:startWaterShore,2,4.925,7.822
lakeBasin,gen/extras.ts:extraCounts,1,0.016,0.016
lakeBasin,analysis/regions.ts:walkRegions,9,21.001,21.001
lakeBasin,features/objects.ts:fitProblems,11,0.074,0.074
lakeBasin,resources/baseline.ts:pickMineSite,3,22.745,22.788
lakeBasin,gen/extras.ts:planExtras,1,14.128,55.411
lakeBasin,features/objects.ts:placementsOf,121,0.085,0.085
lakeBasin,features/objects.ts:rasterizeObjects,33,0.204,0.358
lakeBasin,validate/playability.ts:colonyReach,2,2.390,7.451
lakeBasin,validate/playability.ts:minesOutOfReach,2,0.081,0.091
lakeBasin,gen/extras.ts:districtCandidates,1,6.619,12.034
lakeBasin,features/setpieces/secondDistrict.ts:pumpableWithin,1,0.051,0.051
lakeBasin,features/setpieces/secondDistrict.ts:planDistrict,1,0.010,0.576
lakeBasin,features/setpieces/index.ts:planSetPiece,1,0.008,0.605
lakeBasin,gen/generate.ts:walkableFromStart,1,0.007,1.132
lakeBasin,resources/baseline.ts:woodPerTree,3,0.011,0.011
lakeBasin,gen/resources.ts:nearStartTargets,2,0.029,0.035
lakeBasin,gen/extras.ts:riseSpots,1,17.025,19.476
lakeBasin,resources/baseline.ts:ruinColumns,23,0.907,0.932
lakeBasin,resources/budget.ts:resourceBudget,1,0.046,0.047
lakeBasin,gen/blobs.ts:growBlob,49,5.185,5.185
lakeBasin,gen/blobs.ts:punchHoles,7,0.202,0.202
lakeBasin,resources/baseline.ts:planRuinFields,1,10.742,11.972
lakeBasin,gen/blobs.ts:pickSeeds,38,14.264,14.264
lakeBasin,resources/baseline.ts:thinCluster,42,0.827,0.827
lakeBasin,resources/baseline.ts:planPatches,2,13.734,20.168
lakeBasin,resources/baseline.ts:planGroves,2,14.513,25.611
lakeBasin,gen/resources.ts:startLayout,1,1.370,1.547
lakeBasin,gen/resources.ts:placeKinds,1,4.242,4.242
lakeBasin,gen/resources.ts:besideTiles,6,3.546,3.546
lakeBasin,gen/resources.ts:floorWood,1,0.082,0.087
lakeBasin,gen/resources.ts:planResources,1,43.007,114.440
lakeBasin,format/entities.ts:bush,289,0.081,0.081
lakeBasin,features/raster/resources.ts:rasterizeBerries,10,0.225,0.863
lakeBasin,format/entities.ts:tree,1216,0.350,0.350
lakeBasin,features/raster/resources.ts:rasterizeForest,32,0.804,3.205
lakeBasin,features/raster/resources.ts:rasterizeRuins,8,0.250,1.463
lakeBasin,format/world.ts:emptySimulationSingletons,1,0.019,0.019
lakeBasin,format/json.ts:formatFloat,71813,11.532,11.532
lakeBasin,format/world.ts:outflowToken,13744,10.655,16.114
lakeBasin,format/world.ts:settledSimulationSingletons,1,16.500,38.580
lakeBasin,gen/pack.ts:worldOf,1,2.129,40.709
lakeBasin,gen/pack.ts:description,1,0.681,0.681
lakeBasin,render/shade.ts:shadeTiles,1,5.858,5.858
lakeBasin,render/shade.ts:thumbnailRgba,1,16.471,22.329
lakeBasin,validate/checks.ts:jpegSize,1,0.011,0.011
lakeBasin,validate/checks.ts:checkFile,1,7.886,7.897
lakeBasin,validate/checks.ts:checkEntities,1,14.490,15.146
lakeBasin,validate/checks.ts:checkEdgeWall,1,0.029,0.062
lakeBasin,validate/checks.ts:checkTerrain,1,5.486,5.548
lakeBasin,validate/checks.ts:checkSlopes,1,0.077,0.077
lakeBasin,validate/checks.ts:checkStart,1,0.040,0.042
lakeBasin,validate/playability.ts:checkOutflow,1,4.753,9.487
lakeBasin,validate/playability.ts:checkSourcesInFlow,1,0.028,11.663
lakeBasin,validate/playability.ts:checkContained,1,0.021,0.059
lakeBasin,sim/soil3d.ts:columnSaturation,2,5.782,5.782
lakeBasin,validate/playability.ts:checkMines,1,0.047,0.099
lakeBasin,validate/playability.ts:startPlanting,1,0.007,0.007
lakeBasin,analysis/damsites.ts:damCandidate,20436,175.338,175.338
lakeBasin,analysis/damsites.ts:damSites,1,2.256,177.594
lakeBasin,analysis/storage.ts:runningFlow,1,0.621,1.028
lakeBasin,validate/playability.ts:checkExtras,1,0.101,0.413
lakeBasin,validate/playability.ts:checkStart,1,12.507,241.872
lakeBasin,validate/playability.ts:checkPlayability,1,0.976,305.586
lakeBasin,validate/checks.ts:checkDamWall,1,0.029,30.476
lakeBasin,analysis/mechanics.ts:mechanicsOf,1,0.906,0.911
lakeBasin,validate/checks.ts:validateMap,1,4.218,370.181
lakeBasin,gen/intentions.ts:finalCtx,3,0.684,39.274
lakeBasin,land/intentions.ts:levelLakes,3,18.172,18.172
lakeBasin,land/intentions.ts:checkIntention,12,62.746,82.241
lakeBasin,land/intentions.ts:resample,27,0.668,0.668
lakeBasin,gen/intentions.ts:finalChecks,1,0.048,62.864
lakeBasin,land/intentions.ts:valleyWidth,1,0.452,0.484
lakeBasin,land/intentions.ts:fallGroups,1,0.003,0.003
lakeBasin,land/intentions.ts:simplify,3,0.200,0.200
lakeBasin,gen/intentions.ts:foundIntention,1,0.035,58.733
lakeBasin,format/json.ts:stringify,2,7.547,7.673
lakeBasin,format/world.ts:encodeWorld,1,4.115,11.772
lakeBasin,format/timber.ts:setZipTimes,1,0.007,0.007
lakeBasin,format/timber.ts:writeTimber,1,133.084,144.879
lakeBasin,format/base64.ts:toBase64,1,0.384,0.384
lakeBasin,gen/generate.ts:fieldData,1,0.019,0.404
lakeBasin,gen/generate.ts:attemptOnce,1,56.021,5391.463
lakeBasin,gen/generate.ts:playFacts,1,1.317,1.317
lakeBasin,gen/names.ts:landNoun,1,0.001,0.001
lakeBasin,gen/names.ts:compass,1,0.002,0.002
lakeBasin,gen/names.ts:playHint,1,0.058,0.059
lakeBasin,gen/names.ts:mapWords,1,0.058,0.119
lakeBasin,gen/generate.ts:generate,1,1.177,6095.297
delta,spec/schema.ts:typeOk,53,0.014,0.014
delta,spec/schema.ts:checkSchema,5,0.159,0.173
delta,math/hash.ts:murmur3,11550,1.075,1.075
delta,land/genome.ts:randomPart,16,0.013,0.013
delta,land/genome.ts:drawWoods,1,0.009,0.009
delta,land/intentions.ts:drawIntentions,1,0.014,0.014
delta,land/intentions.ts:nudgeFor,2,0.002,0.002
delta,land/genome.ts:drawGenome,1,0.138,0.176
delta,land/genome.ts:leanGenome,1,0.024,0.024
delta,math/noise.ts:valueNoise,4823395,433.209,433.209
delta,math/detmath.ts:sinDet,3435,0.213,0.213
delta,land/field.ts:addPart,17,248.734,566.030
delta,math/polyline.ts:polyDist,331008,30.384,30.384
delta,land/field.ts:uplift,1,32.648,643.222
delta,land/field.ts:caprock,1,23.015,37.218
delta,land/drainage.ts:drainage,50,366.942,366.942
delta,land/field.ts:erodeHard,1,16.199,116.627
delta,land/field.ts:minFilter,1,2.404,2.404
delta,math/grid.ts:levelRegions,157,125.313,125.313
delta,land/levels.ts:mergeSmallRegions,3,4.184,10.752
delta,features/raster/terrain.ts:integrityLevel,1042456,90.431,90.431
delta,land/levels.ts:cleanPitsAndSpikes,4,22.693,66.286
delta,land/levels.ts:snapLevels,1,41.942,94.371
delta,gen/generate.ts:specFor,2,0.119,0.119
delta,land/levels.ts:relaxEdges,4,0.260,0.260
delta,math/detmath.ts:expDet,1299,0.188,0.188
delta,land/hydro.ts:smoothPath,34,0.743,0.743
delta,land/hydro.ts:pointAt,15199,19.548,19.548
delta,land/hydro.ts:meanderPath,17,4.385,7.990
delta,water/sourceGroups.ts:cleanCount,65,0.113,0.113
delta,features/raster/terrain.ts:mouthRowAt,25,0.548,0.645
delta,land/hydro.ts:stamp,27,17.354,17.354
delta,land/hydro.ts:planHydro,2,154.331,339.956
delta,gen/generate.ts:mouthBanks,2,0.017,0.017
delta,analysis/regions.ts:landRegions,12,8.476,8.476
delta,land/levels.ts:rampPath,15,9.932,9.932
delta,land/levels.ts:naturalRamps,2,5.970,17.226
delta,features/raster/terrain.ts:mouthTilesBy,71,0.468,5.967
delta,land/levels.ts:unreachedLakes,2,4.688,18.843
delta,land/levels.ts:carveOutlets,4,8.707,37.593
delta,land/wind.ts:windRoute,13,0.027,0.229
delta,land/wind.ts:windOnce,13,0.178,0.201
delta,land/levels.ts:widenOutlets,2,0.600,14.384
delta,gen/generate.ts:plannedWater,4,9.043,15.635
delta,water/edgeLip.ts:edgeLip,2,0.213,0.213
delta,math/grid.ts:distanceFrom,52,23.306,23.306
delta,analysis/straight.ts:broadWater,5,1.397,5.145
delta,analysis/straight.ts:bankContours,5,4.568,4.568
delta,analysis/straight.ts:runEnd,5575,1.125,1.125
delta,analysis/straight.ts:canalOf,5,2.303,2.303
delta,analysis/straight.ts:straightness,5,0.354,13.496
delta,gen/generate.ts:lowerShelves,2,0.914,17.327
delta,land/courses.ts:courseCells,20,0.330,0.330
delta,land/courses.ts:blockedCourses,3,3.988,62.660
delta,land/courses.ts:closeBackEdges,2,0.119,0.943
delta,gen/generate.ts:planLandStage,2,11.445,580.645
delta,gen/readback.ts:outlineOf,16,0.300,0.300
delta,gen/readback.ts:lakeFeatures,2,0.558,0.864
delta,gen/weir.ts:planWeir,2,0.010,0.011
delta,gen/plug.ts:planPlug,2,0.028,0.028
delta,gen/generate.ts:standingSteps,12,0.022,0.022
delta,format/base64.ts:toBase64,2,1.994,1.994
delta,gen/generate.ts:fieldData,2,0.050,2.044
delta,gen/generate.ts:attemptOnce,2,65.115,5698.419
delta,land/courses.ts:closeSideEdges,1,0.169,6.443
delta,land/courses.ts:drownedHeads,1,0.015,7.519
delta,gen/generate.ts:springsInFlow,1,0.272,0.272
delta,resources/badwater.ts:badwaterBudget,1,0.027,0.028
delta,gen/generate.ts:spreadWidth,715,0.176,0.176
delta,analysis/ridge.ts:damWalls,6,180.737,180.737
delta,land/sheets.ts:shallowSheet,1,4.477,4.477
delta,land/sheets.ts:lakeRise,1,0.011,0.011
delta,analysis/regions.ts:components,10,3.605,3.605
delta,analysis/story.ts:wetSystems,4,0.528,1.995
delta,analysis/story.ts:joinedOverPlugs,2,0.002,0.002
delta,analysis/story.ts:courseTiles,10,0.166,0.166
delta,analysis/story.ts:waterStory,2,5.564,8.262
delta,analysis/signature.ts:samples,12,0.169,0.169
delta,analysis/signature.ts:surfaceNear,3344,0.675,0.675
delta,features/geometry.ts:polygonMask,40,2.593,2.593
delta,analysis/signature.ts:signatureOf,2,23.833,25.988
delta,gen/outcomes.ts:outcomesOf,2,0.093,34.343
delta,sim/moisture.ts:clusterSaturation,13,2.566,2.566
delta,sim/moisture.ts:moisture,1,3.851,4.069
delta,sim/model.ts:waterModel,14,0.881,0.881
delta,sim/prefill.ts:spillLevels,18,129.002,129.002
delta,sim/drought.ts:droughtStorage,12,5.158,95.770
delta,analysis/vertical.ts:fallsOf,5,2.351,2.351
delta,gen/intentions.ts:settlerView,2,12.053,15.227
delta,gen/settler.ts:shoreWalkFrom,2,5.664,5.664
delta,gen/settler.ts:pumpShores,84,110.098,110.098
delta,gen/settler.ts:shoreWalkAny,4,4.311,7.722
delta,gen/settler.ts:prepareStart,2,9.024,27.816
delta,land/intentions.ts:startPreference,690,0.047,0.047
delta,features/slopes.ts:placeSlopes,141,549.186,680.191
delta,analysis/walk.ts:walkDistance,142,31.917,31.917
delta,gen/settler.ts:startWalks,133,12.761,762.922
delta,gen/settler.ts:pickStart,5,33.299,807.795
delta,gen/settler.ts:bankStart,2,10.331,11.527
delta,analysis/edges.ts:edgeWalls,2,0.101,0.101
delta,validate/playability.ts:nearWater,12,4.497,4.497
delta,land/minePads.ts:levelSquares,5,15.359,15.359
delta,land/minePads.ts:ownSquares,4,51.498,69.799
delta,land/minePads.ts:minePads,3,9.035,58.659
delta,land/hazards.ts:ditchRoute,1,1.194,2.548
delta,land/hazards.ts:straightStretch,1,0.005,0.005
delta,features/route.ts:channelTiles,23,0.241,0.241
delta,validate/playability.ts:basinLeak,2,0.025,0.043
delta,land/hazards.ts:planBadwater,1,26.579,43.836
delta,features/target.ts:sharedFields,10,0.043,0.043
delta,features/geometry.ts:pathField,5,48.756,48.756
delta,features/build.ts:terrainStage,10,78.889,174.482
delta,features/raster/terrain.ts:springTiles,50,1.090,1.090
delta,water/sourceGroups.ts:groundOf,40,1.415,1.415
delta,water/sourceGroups.ts:flowAt,40,0.022,0.022
delta,water/sourceGroups.ts:shareEqually,50,0.116,0.116
delta,water/sourceGroups.ts:placeRow,40,0.363,0.494
delta,water/sourceGroups.ts:placeSourceGroup,40,0.058,1.967
delta,math/hash.ts:guidFrom,2562,5.209,6.115
delta,water/sourceGroups.ts:groupIds,40,0.077,0.213
delta,features/raster/terrain.ts:lakeSpringTile,50,0.015,0.015
delta,format/footprints.ts:worldBlocks,3513,1.160,1.160
delta,features/setpieces/badwaterBasin.ts:basinTiles,20,0.058,0.058
delta,features/edits.ts:applyEntityEdits,11,1.470,1.470
delta,features/build.ts:run,10,1885.023,2412.038
delta,format/entities.ts:placementOf,6324,0.779,0.779
delta,sim/prefill.ts:flowThrough,2,6.290,18.527
delta,sim/prefill.ts:prefill,2,1.488,20.015
delta,analysis/sources.ts:sourcesInFlow,4,15.838,44.339
delta,validate/playability.ts:rulesFor,2,0.057,0.057
delta,sim/water.ts:composeKept,8,0.011,0.011
delta,sim/prefill.ts:canonicalRun,1,3.113,14.351
delta,sim/fed.ts:fedTiles,1,1.989,1.989
delta,sim/fed.ts:withoutUnfed,1,0.507,2.496
delta,sim/prefill.ts:keepSealed,1,0.004,0.004
delta,sim/columns.ts:waterColumns,10,4.957,4.957
delta,sim/columns.ts:terrainColumns,10,4.041,4.041
delta,sim/soil3d.ts:spreadGraph,20,78.763,78.763
delta,sim/soil3d.ts:runWater,20,8.653,8.653
delta,sim/soil3d.ts:settleTicks,20,95.599,95.599
delta,sim/soil3d.ts:moisture3dGame,10,47.009,197.598
delta,sim/soil3d.ts:contamination3dGame,10,93.317,125.744
delta,sim/soil.ts:gameSoil,10,1.136,340.544
delta,gen/extras.ts:objectKeepOff,3,2.311,4.149
delta,land/minePads.ts:roomMap,1,14.915,20.364
delta,features/build.ts:landformTargets,8,0.033,0.033
delta,features/slopes.ts:stepsFrom,8,17.132,17.132
delta,analysis/walk.ts:walkWorld,16,2.079,2.219
delta,analysis/walk.ts:tileShoreWalk,84198,6.419,6.419
delta,analysis/walk.ts:startWaterShore,2,5.384,8.340
delta,gen/extras.ts:extraCounts,1,0.015,0.015
delta,analysis/regions.ts:walkRegions,12,26.088,26.088
delta,features/objects.ts:fitProblems,9,0.049,0.049
delta,resources/baseline.ts:pickMineSite,3,16.015,16.054
delta,gen/extras.ts:planExtras,1,11.875,44.832
delta,features/objects.ts:placementsOf,180,0.128,0.128
delta,features/objects.ts:rasterizeObjects,54,0.307,0.540
delta,validate/playability.ts:colonyReach,2,1.961,6.633
delta,validate/playability.ts:minesOutOfReach,2,0.108,0.119
delta,gen/extras.ts:districtCandidates,1,3.719,9.554
delta,features/setpieces/secondDistrict.ts:pumpableWithin,4,0.147,0.147
delta,features/setpieces/secondDistrict.ts:planDistrict,4,0.042,3.081
delta,features/setpieces/index.ts:planSetPiece,4,0.026,3.181
delta,gen/generate.ts:walkableFromStart,4,0.022,5.220
delta,resources/baseline.ts:woodPerTree,3,0.015,0.015
delta,gen/resources.ts:nearStartTargets,2,0.027,0.037
delta,gen/extras.ts:riseSpots,1,20.030,22.406
delta,resources/budget.ts:resourceBudget,1,0.068,0.070
delta,gen/blobs.ts:growBlob,57,5.521,5.521
delta,gen/blobs.ts:punchHoles,8,0.282,0.282
delta,resources/baseline.ts:ruinColumns,24,1.098,1.126
delta,resources/baseline.ts:planRuinFields,1,10.971,12.508
delta,gen/blobs.ts:pickSeeds,46,12.337,12.337
delta,resources/baseline.ts:thinCluster,49,1.167,1.167
delta,resources/baseline.ts:planPatches,2,13.118,19.153
delta,resources/baseline.ts:planGroves,2,29.300,40.956
delta,gen/resources.ts:startLayout,1,1.186,1.319
delta,gen/resources.ts:placeKinds,1,2.207,2.207
delta,gen/resources.ts:besideTiles,4,4.695,4.695
delta,gen/resources.ts:floorWood,1,0.142,0.150
delta,gen/resources.ts:planResources,1,47.415,131.071
delta,format/entities.ts:bush,289,0.118,0.118
delta,features/raster/resources.ts:rasterizeBerries,10,0.340,1.244
delta,format/entities.ts:tree,1351,0.556,0.556
delta,features/raster/resources.ts:rasterizeForest,38,1.406,5.271
delta,features/raster/resources.ts:rasterizeRuins,8,0.197,1.116
delta,format/world.ts:emptySimulationSingletons,1,0.023,0.023
delta,format/json.ts:formatFloat,40920,12.919,12.919
delta,format/world.ts:outflowToken,9331,11.902,18.462
delta,format/world.ts:settledSimulationSingletons,1,16.983,41.624
delta,gen/pack.ts:worldOf,1,2.687,44.311
delta,gen/pack.ts:description,1,1.591,1.591
delta,render/shade.ts:shadeTiles,1,7.584,7.584
delta,render/shade.ts:thumbnailRgba,1,15.634,23.218
delta,validate/checks.ts:jpegSize,1,0.005,0.005
delta,validate/checks.ts:checkFile,1,10.596,10.601
delta,validate/checks.ts:checkEntities,1,17.916,18.804
delta,validate/checks.ts:checkEdgeWall,1,0.051,0.116
delta,validate/checks.ts:checkTerrain,1,9.510,9.626
delta,validate/checks.ts:checkSlopes,1,0.192,0.192
delta,validate/checks.ts:checkStart,1,0.092,0.099
delta,validate/playability.ts:checkOutflow,1,4.399,5.189
delta,validate/playability.ts:checkSourcesInFlow,1,0.046,14.111
delta,validate/playability.ts:checkContained,1,0.024,0.053
delta,sim/soil3d.ts:columnSaturation,2,7.068,7.068
delta,validate/playability.ts:checkMines,1,0.045,0.139
delta,validate/playability.ts:startPlanting,1,0.012,0.012
delta,analysis/damsites.ts:damCandidate,20280,548.156,548.156
delta,analysis/damsites.ts:damSites,1,4.277,552.433
delta,analysis/storage.ts:runningFlow,1,0.663,0.952
delta,validate/playability.ts:checkExtras,1,0.113,0.533
delta,validate/playability.ts:checkStart,1,15.935,631.961
delta,validate/playability.ts:checkPlayability,1,1.773,712.880
delta,validate/checks.ts:checkDamWall,1,0.037,38.815
delta,analysis/mechanics.ts:mechanicsOf,1,0.998,1.003
delta,validate/checks.ts:validateMap,1,6.207,798.687
delta,gen/intentions.ts:finalCtx,3,1.011,33.088
delta,land/intentions.ts:resample,9,0.164,0.164
delta,land/intentions.ts:checkIntention,5,33.986,51.290
delta,land/intentions.ts:levelLakes,2,12.662,12.662
delta,gen/intentions.ts:finalChecks,1,0.052,33.091
delta,land/intentions.ts:bodies,1,3.930,3.930
delta,gen/intentions.ts:foundIntention,1,0.038,51.377
delta,format/json.ts:stringify,2,11.805,12.009
delta,format/world.ts:encodeWorld,1,5.325,17.315
delta,format/timber.ts:setZipTimes,1,0.008,0.008
delta,format/timber.ts:writeTimber,1,143.973,161.314
delta,gen/generate.ts:playFacts,1,1.425,1.425
delta,gen/names.ts:landNoun,1,0.001,0.001
delta,gen/names.ts:playHint,1,0.001,0.001
delta,gen/names.ts:mapWords,1,0.056,0.058
delta,gen/generate.ts:generate,1,0.660,6618.560
islands,spec/schema.ts:typeOk,41,0.012,0.012
islands,spec/schema.ts:checkSchema,2,0.223,0.235
islands,math/hash.ts:murmur3,10719,1.001,1.001
islands,land/genome.ts:randomPart,15,0.016,0.016
islands,math/detmath.ts:expDet,2327,0.242,0.242
islands,math/detmath.ts:sinDet,68027,3.735,3.735
islands,land/genome.ts:addSea,1,0.759,0.763
islands,land/genome.ts:drawWoods,1,0.017,0.018
islands,land/intentions.ts:drawIntentions,1,0.018,0.018
islands,land/intentions.ts:nudgeFor,1,0.001,0.001
islands,land/genome.ts:drawGenome,1,1.040,1.856
islands,land/genome.ts:leanGenome,1,0.025,0.025
islands,math/noise.ts:valueNoise,17061981,1544.591,1544.591
islands,land/field.ts:addPart,36,864.448,2047.851
islands,math/polyline.ts:polyDist,458752,34.554,34.554
islands,land/field.ts:rimKeep,65536,29.252,62.641
islands,land/field.ts:uplift,1,68.602,2206.566
islands,land/field.ts:caprock,1,21.968,33.929
islands,land/drainage.ts:drainage,44,365.631,365.631
islands,land/field.ts:erodeHard,1,14.333,105.548
islands,land/field.ts:minFilter,1,2.976,2.976
islands,math/grid.ts:levelRegions,48,38.253,38.253
islands,land/levels.ts:mergeSmallRegions,2,3.513,7.924
islands,features/raster/terrain.ts:integrityLevel,717836,54.587,54.587
islands,land/levels.ts:cleanPitsAndSpikes,2,13.527,38.893
islands,land/levels.ts:snapLevels,1,54.655,119.655
islands,gen/generate.ts:specFor,1,0.055,0.055
islands,land/levels.ts:relaxEdges,2,0.194,0.194
islands,land/hydro.ts:smoothPath,14,0.440,0.440
islands,land/hydro.ts:pointAt,4730,5.222,5.222
islands,land/hydro.ts:meanderPath,7,2.135,4.444
islands,land/hydro.ts:stamp,7,5.918,5.918
islands,land/hydro.ts:planHydro,1,88.986,171.257
islands,gen/generate.ts:mouthBanks,1,0.010,0.010
islands,analysis/regions.ts:landRegions,12,7.068,7.068
islands,land/levels.ts:rampPath,2,0.515,0.515
islands,land/levels.ts:naturalRamps,1,2.253,3.470
islands,features/raster/terrain.ts:mouthTilesBy,49,0.012,0.012
islands,land/levels.ts:unreachedLakes,1,3.110,9.924
islands,land/wind.ts:windOnce,20,0.883,0.975
islands,land/wind.ts:windRoute,14,0.079,1.054
islands,land/levels.ts:carveOutlets,2,35.715,55.279
islands,land/levels.ts:widenOutlets,1,89.570,175.748
islands,land/islands.ts:seaLevel,8,15.844,73.236
islands,land/islands.ts:masses,8,37.507,37.507
islands,land/islands.ts:standIslandsClear,1,2.197,52.532
islands,gen/generate.ts:plannedWater,3,9.052,19.461
islands,gen/generate.ts:raiseSeaShelves,1,2.720,11.707
islands,land/courses.ts:courseCells,14,0.214,0.214
islands,land/courses.ts:blockedCourses,1,3.700,20.103
islands,land/courses.ts:closeSideEdges,1,0.205,8.004
islands,gen/generate.ts:planLandStage,1,10.028,540.439
islands,gen/readback.ts:outlineOf,3,0.234,0.234
islands,gen/readback.ts:lakeFeatures,1,1.266,1.501
islands,gen/weir.ts:planWeir,1,0.009,0.009
islands,land/courses.ts:drownedHeads,1,0.015,8.573
islands,gen/generate.ts:springsInFlow,1,2.088,2.088
islands,resources/badwater.ts:badwaterBudget,1,0.043,0.044
islands,gen/generate.ts:spreadWidth,960,0.459,0.459
islands,math/grid.ts:distanceFrom,46,20.606,20.606
islands,analysis/straight.ts:broadWater,3,1.481,4.532
islands,analysis/straight.ts:bankContours,3,4.946,4.946
islands,analysis/straight.ts:runEnd,4947,1.249,1.249
islands,analysis/straight.ts:canalOf,3,1.474,1.474
islands,analysis/straight.ts:straightness,3,0.349,12.550
islands,analysis/ridge.ts:damWalls,6,319.860,319.860
islands,land/sheets.ts:shallowSheet,1,6.144,6.144
islands,land/sheets.ts:lakeRise,1,0.015,0.015
islands,analysis/regions.ts:components,10,5.048,5.048
islands,analysis/story.ts:wetSystems,4,1.145,3.811
islands,analysis/story.ts:joinedOverPlugs,2,0.002,0.002
islands,analysis/story.ts:courseTiles,14,0.174,0.174
islands,analysis/story.ts:waterStory,2,1.575,4.894
islands,analysis/signature.ts:samples,16,0.198,0.198
islands,analysis/signature.ts:surfaceNear,3960,0.616,0.616
islands,features/geometry.ts:polygonMask,24,18.004,18.004
islands,analysis/signature.ts:signatureOf,2,24.007,30.954
islands,gen/outcomes.ts:outcomesOf,2,0.115,35.963
islands,sim/moisture.ts:clusterSaturation,12,5.228,5.228
islands,sim/moisture.ts:moisture,1,10.457,11.252
islands,gen/generate.ts:islandStarts,7,34.700,95.109
islands,sim/model.ts:waterModel,13,0.751,0.751
islands,sim/prefill.ts:spillLevels,19,108.290,108.290
islands,sim/drought.ts:droughtStorage,11,8.339,78.702
islands,analysis/vertical.ts:fallsOf,4,4.372,4.372
islands,gen/intentions.ts:settlerView,2,23.965,29.530
islands,gen/settler.ts:shoreWalkFrom,2,13.689,13.689
islands,gen/settler.ts:pumpShores,16,17.101,17.101
islands,gen/settler.ts:shoreWalkAny,4,12.420,16.389
islands,gen/settler.ts:prepareStart,2,2.188,38.720
islands,land/intentions.ts:startPreference,11517,0.962,0.962
islands,features/slopes.ts:placeSlopes,38,143.834,185.205
islands,analysis/walk.ts:walkDistance,41,19.703,19.703
islands,gen/settler.ts:startWalks,33,3.239,180.950
islands,gen/settler.ts:pickStart,5,74.915,256.828
islands,analysis/edges.ts:edgeWalls,2,0.084,0.084
islands,validate/playability.ts:nearWater,14,5.661,5.661
islands,land/minePads.ts:levelSquares,6,10.468,10.468
islands,land/minePads.ts:ownSquares,5,133.788,152.849
islands,land/minePads.ts:minePads,4,11.776,146.272
islands,land/hazards.ts:ditchRoute,44,192.161,427.446
islands,land/hazards.ts:straightStretch,3,0.099,0.099
islands,features/route.ts:channelTiles,23,0.366,0.366
islands,validate/playability.ts:basinLeak,4,0.045,0.095
islands,land/hazards.ts:planBadwater,2,45.840,506.167
islands,gen/generate.ts:standingSteps,9,0.013,0.013
islands,features/target.ts:sharedFields,8,0.033,0.033
islands,features/geometry.ts:pathField,7,71.611,71.611
islands,features/build.ts:terrainStage,8,52.429,153.260
islands,features/raster/terrain.ts:springTiles,56,1.298,1.298
islands,water/sourceGroups.ts:groundOf,56,1.935,1.935
islands,water/sourceGroups.ts:cleanCount,56,0.059,0.059
islands,water/sourceGroups.ts:flowAt,56,0.020,0.020
islands,water/sourceGroups.ts:shareEqually,56,0.072,0.072
islands,water/sourceGroups.ts:placeRow,56,0.386,0.544
islands,water/sourceGroups.ts:placeSourceGroup,56,0.054,2.533
islands,math/hash.ts:guidFrom,2403,3.332,4.191
islands,water/sourceGroups.ts:groupIds,56,0.094,0.311
islands,features/raster/terrain.ts:lakeSpringTile,24,0.006,0.006
islands,format/footprints.ts:worldBlocks,3183,0.768,0.768
islands,features/setpieces/badwaterBasin.ts:basinTiles,16,0.040,0.040
islands,features/edits.ts:applyEntityEdits,9,0.721,0.721
islands,features/build.ts:run,8,4657.761,5024.350
islands,format/entities.ts:placementOf,6373,0.444,0.444
islands,sim/prefill.ts:flowThrough,3,15.057,30.050
islands,sim/prefill.ts:prefill,3,1.949,31.999
islands,analysis/sources.ts:sourcesInFlow,5,34.183,61.550
islands,validate/playability.ts:rulesFor,2,0.031,0.031
islands,sim/water.ts:composeKept,5,0.005,0.005
islands,sim/prefill.ts:canonicalRun,1,1.433,11.727
islands,sim/fed.ts:fedTiles,1,0.682,0.682
islands,sim/fed.ts:withoutUnfed,1,2.195,2.877
islands,sim/prefill.ts:keepSealed,1,0.005,0.005
islands,sim/columns.ts:waterColumns,7,2.161,2.161
islands,sim/columns.ts:terrainColumns,7,2.115,2.115
islands,sim/soil3d.ts:spreadGraph,14,42.499,42.499
islands,sim/soil3d.ts:runWater,14,5.430,5.430
islands,sim/soil3d.ts:settleTicks,14,86.248,86.248
islands,sim/soil3d.ts:moisture3dGame,7,12.548,126.672
islands,sim/soil3d.ts:contamination3dGame,7,45.726,65.779
islands,sim/soil.ts:gameSoil,7,0.568,204.416
islands,gen/extras.ts:objectKeepOff,3,2.187,9.180
islands,land/minePads.ts:roomMap,1,22.479,24.516
islands,features/build.ts:landformTargets,5,0.013,0.013
islands,features/slopes.ts:stepsFrom,5,10.352,10.352
islands,analysis/walk.ts:walkWorld,12,1.644,1.710
islands,analysis/walk.ts:tileShoreWalk,112822,6.395,6.395
islands,analysis/walk.ts:startWaterShore,2,6.063,10.060
islands,gen/extras.ts:extraCounts,1,0.009,0.009
islands,analysis/regions.ts:walkRegions,9,17.312,17.312
islands,features/objects.ts:fitProblems,11,0.040,0.040
islands,resources/baseline.ts:pickMineSite,3,13.194,13.222
islands,gen/extras.ts:planExtras,1,13.268,42.506
islands,features/objects.ts:placementsOf,121,0.055,0.055
islands,features/objects.ts:rasterizeObjects,33,0.134,0.233
islands,validate/playability.ts:colonyReach,2,1.608,4.730
islands,validate/playability.ts:minesOutOfReach,2,0.066,0.073
islands,gen/extras.ts:districtCandidates,1,5.195,9.513
islands,features/setpieces/secondDistrict.ts:pumpableWithin,1,0.028,0.028
islands,features/setpieces/secondDistrict.ts:planDistrict,1,0.010,0.633
islands,features/setpieces/index.ts:planSetPiece,1,0.007,0.657
islands,gen/generate.ts:walkableFromStart,1,0.004,1.390
islands,resources/baseline.ts:woodPerTree,3,0.007,0.007
islands,gen/resources.ts:nearStartTargets,2,0.006,0.011
islands,gen/extras.ts:riseSpots,1,12.403,15.931
islands,resources/budget.ts:resourceBudget,1,0.054,0.055
islands,gen/blobs.ts:growBlob,47,4.467,4.467
islands,gen/blobs.ts:punchHoles,9,0.190,0.190
islands,resources/baseline.ts:ruinColumns,27,1.329,1.352
islands,resources/baseline.ts:planRuinFields,1,11.613,12.809
islands,gen/blobs.ts:pickSeeds,33,12.169,12.169
islands,resources/baseline.ts:thinCluster,37,0.720,0.720
islands,resources/baseline.ts:planPatches,2,9.248,13.902
islands,resources/baseline.ts:planGroves,2,9.963,20.165
islands,gen/resources.ts:startLayout,1,0.693,0.890
islands,gen/resources.ts:placeKinds,1,3.233,3.233
islands,gen/resources.ts:besideTiles,3,3.241,3.241
islands,gen/resources.ts:floorWood,1,0.057,0.061
islands,gen/resources.ts:planResources,1,29.415,88.099
islands,format/entities.ts:bush,289,0.065,0.065
islands,features/raster/resources.ts:rasterizeBerries,9,0.173,0.680
islands,format/entities.ts:tree,1216,0.322,0.322
islands,features/raster/resources.ts:rasterizeForest,28,0.695,3.251
islands,features/raster/resources.ts:rasterizeRuins,9,0.201,1.126
islands,format/world.ts:emptySimulationSingletons,1,0.016,0.016
islands,format/json.ts:formatFloat,106779,15.679,15.679
islands,format/world.ts:outflowToken,23645,15.659,23.456
islands,format/world.ts:settledSimulationSingletons,1,20.514,51.682
islands,gen/pack.ts:worldOf,1,1.665,53.348
islands,gen/pack.ts:description,1,0.739,0.739
islands,render/shade.ts:shadeTiles,1,4.693,4.693
islands,render/shade.ts:thumbnailRgba,1,10.193,14.886
islands,validate/checks.ts:jpegSize,1,0.003,0.003
islands,validate/checks.ts:checkFile,1,8.019,8.022
islands,validate/checks.ts:checkEntities,1,10.309,10.772
islands,validate/checks.ts:checkEdgeWall,1,0.029,0.060
islands,validate/checks.ts:checkTerrain,1,4.596,4.657
islands,validate/checks.ts:checkSlopes,1,0.052,0.052
islands,validate/checks.ts:checkStart,1,0.048,0.050
islands,validate/playability.ts:checkOutflow,1,2.928,7.146
islands,validate/playability.ts:checkSourcesInFlow,1,0.014,12.620
islands,validate/playability.ts:checkContained,1,0.011,0.037
islands,sim/soil3d.ts:columnSaturation,2,7.120,7.120
islands,validate/playability.ts:checkMines,1,0.034,0.083
islands,validate/playability.ts:startPlanting,1,0.007,0.007
islands,analysis/damsites.ts:damCandidate,18336,149.770,149.770
islands,analysis/damsites.ts:damSites,1,1.800,151.571
islands,analysis/storage.ts:runningFlow,1,0.562,1.007
islands,validate/playability.ts:checkExtras,1,0.073,0.358
islands,validate/playability.ts:checkStart,1,8.655,211.301
islands,validate/playability.ts:checkPlayability,1,1.024,259.346
islands,validate/checks.ts:checkDamWall,1,0.032,49.918
islands,analysis/mechanics.ts:mechanicsOf,1,0.876,0.880
islands,validate/checks.ts:validateMap,1,4.564,338.514
islands,gen/intentions.ts:finalCtx,2,0.386,17.241
islands,land/intentions.ts:levelLakes,1,8.674,8.674
islands,land/intentions.ts:resample,7,0.116,0.116
islands,land/intentions.ts:checkIntention,5,10.599,19.388
islands,gen/intentions.ts:finalChecks,1,0.028,17.685
islands,gen/intentions.ts:foundIntention,1,0.021,18.993
islands,format/json.ts:stringify,2,9.129,9.315
islands,format/world.ts:encodeWorld,1,3.685,12.984
islands,format/timber.ts:setZipTimes,1,0.005,0.005
islands,format/timber.ts:writeTimber,1,104.217,117.223
islands,format/base64.ts:toBase64,1,0.344,0.344
islands,gen/generate.ts:fieldData,1,0.013,0.357
islands,gen/generate.ts:attemptOnce,1,51.177,7953.148
islands,gen/generate.ts:playFacts,1,1.165,1.165
islands,gen/names.ts:landNoun,1,0.001,0.001
islands,gen/names.ts:compass,1,0.002,0.002
islands,gen/names.ts:playHint,1,0.169,0.171
islands,gen/names.ts:mapWords,1,0.060,0.232
islands,gen/generate.ts:generate,1,0.696,10441.583
extreme,spec/schema.ts:typeOk,37,0.005,0.005
extreme,spec/schema.ts:checkSchema,1,0.092,0.097
extreme,math/hash.ts:murmur3,2982,0.520,0.520
extreme,land/genome.ts:randomPart,39,0.046,0.046
extreme,math/detmath.ts:expDet,60,0.027,0.027
extreme,math/detmath.ts:sinDet,464325,23.504,23.504
extreme,land/genome.ts:addSea,1,0.057,0.059
extreme,land/genome.ts:drawWoods,2,0.022,0.022
extreme,land/intentions.ts:drawIntentions,2,0.072,0.072
extreme,land/intentions.ts:nudgeFor,3,0.003,0.003
extreme,land/genome.ts:drawGenome,2,0.410,0.601
extreme,land/genome.ts:leanGenome,2,0.124,0.136
extreme,math/noise.ts:valueNoise,23426898,1986.309,1986.309
extreme,land/field.ts:addPart,62,1255.770,2900.466
extreme,math/polyline.ts:polyDist,542208,55.527,55.527
extreme,land/field.ts:rimKeep,65536,23.696,51.581
extreme,land/field.ts:uplift,2,100.496,3136.896
extreme,land/field.ts:caprock,2,40.228,63.380
extreme,land/drainage.ts:drainage,200,1591.715,1591.715
extreme,land/field.ts:erodeHard,2,53.983,444.838
extreme,land/field.ts:minFilter,2,9.040,9.040
extreme,land/levels.ts:readable,2,16.618,16.618
extreme,math/grid.ts:levelRegions,296,195.513,195.513
extreme,land/levels.ts:mergeSmallRegions,6,5.502,16.092
extreme,features/raster/terrain.ts:integrityLevel,2154528,186.803,186.803
extreme,land/levels.ts:cleanPitsAndSpikes,8,36.934,102.541
extreme,land/levels.ts:snapLevels,2,96.144,198.299
extreme,gen/generate.ts:specFor,27,1.150,1.150
extreme,land/levels.ts:relaxEdges,8,0.683,0.683
extreme,land/hydro.ts:smoothPath,46,3.606,3.606
extreme,land/hydro.ts:pointAt,22904,32.745,32.745
extreme,land/hydro.ts:meanderPath,23,6.881,14.517
extreme,water/sourceGroups.ts:cleanCount,178,0.448,0.448
extreme,features/raster/terrain.ts:mouthRowAt,128,2.578,3.030
extreme,land/hydro.ts:stamp,26,86.981,86.981
extreme,land/hydro.ts:planHydro,4,328.126,833.306
extreme,gen/generate.ts:mouthBanks,4,0.080,0.080
extreme,analysis/regions.ts:landRegions,87,72.149,72.149
extreme,land/levels.ts:naturalRamps,4,40.545,58.098
extreme,features/raster/terrain.ts:mouthTilesBy,229,3.535,32.939
extreme,land/levels.ts:unreachedLakes,4,3.404,34.214
extreme,land/wind.ts:windRoute,32,0.158,1.450
extreme,land/levels.ts:carveOutlets,8,38.887,102.641
extreme,land/wind.ts:windOnce,32,1.165,1.292
extreme,land/levels.ts:widenOutlets,4,61.382,138.625
extreme,land/islands.ts:seaLevel,2,4.643,23.904
extreme,land/islands.ts:standIslandsClear,2,0.044,23.948
extreme,gen/generate.ts:plannedWater,82,129.289,498.311
extreme,water/edgeLip.ts:edgeLip,8,1.577,1.577
extreme,gen/generate.ts:raiseSeaShelves,2,19.442,38.037
extreme,land/courses.ts:courseCells,73,1.326,1.326
extreme,land/courses.ts:blockedCourses,9,10.153,304.504
extreme,land/courses.ts:closeBackEdges,5,0.165,6.085
extreme,land/courses.ts:closeSideEdges,4,0.775,35.772
extreme,gen/generate.ts:planLandStage,4,28.419,1779.649
extreme,gen/readback.ts:outlineOf,16,1.409,1.409
extreme,gen/readback.ts:lakeFeatures,4,3.549,4.967
extreme,features/geometry.ts:pathField,24,435.314,435.314
extreme,gen/weir.ts:tributaries,18,0.448,172.150
extreme,gen/weir.ts:weirAt,790,11.582,11.582
extreme,gen/weir.ts:planWeir,4,10.095,385.734
extreme,land/courses.ts:drownedHeads,4,0.148,36.660
extreme,gen/generate.ts:springsInFlow,4,4.894,4.894
extreme,resources/badwater.ts:badwaterBudget,27,0.724,0.760
extreme,gen/generate.ts:spreadWidth,36596,10.192,10.192
extreme,math/grid.ts:distanceFrom,1070,523.586,523.586
extreme,analysis/straight.ts:broadWater,10,3.796,12.854
extreme,analysis/straight.ts:bankContours,10,7.902,7.902
extreme,analysis/straight.ts:runEnd,8661,1.900,1.900
extreme,analysis/straight.ts:canalOf,10,1.335,1.335
extreme,analysis/straight.ts:straightness,10,0.698,24.690
extreme,analysis/ridge.ts:damWalls,32,1662.511,1662.511
extreme,gen/generate.ts:standingSteps,52,0.476,0.476
extreme,format/base64.ts:toBase64,27,14.862,14.862
extreme,gen/generate.ts:fieldData,27,0.557,15.419
extreme,gen/generate.ts:attemptOnce,27,789.821,22079.849
extreme,land/levels.ts:rampPath,10,9.823,9.823
extreme,land/sheets.ts:shallowSheet,3,11.918,11.918
extreme,land/sheets.ts:lakeRise,3,0.051,0.051
extreme,analysis/regions.ts:components,54,33.173,33.173
extreme,analysis/story.ts:wetSystems,6,0.709,3.030
extreme,analysis/story.ts:joinedOverPlugs,3,0.008,0.008
extreme,analysis/story.ts:courseTiles,15,0.645,0.645
extreme,analysis/story.ts:waterStory,3,6.530,10.785
extreme,analysis/signature.ts:samples,18,0.289,0.289
extreme,analysis/signature.ts:surfaceNear,5214,0.907,0.907
extreme,features/geometry.ts:polygonMask,204,19.045,19.045
extreme,analysis/signature.ts:signatureOf,3,38.741,49.013
extreme,gen/outcomes.ts:outcomesOf,3,0.091,59.888
extreme,land/levels.ts:cutRamp,6,0.062,0.062
extreme,gen/generate.ts:lowerShelves,2,2.650,20.910
extreme,sim/moisture.ts:clusterSaturation,291,63.747,63.747
extreme,sim/moisture.ts:moisture,49,291.015,313.603
extreme,sim/model.ts:waterModel,147,10.922,10.922
extreme,sim/prefill.ts:spillLevels,292,1889.689,1889.689
extreme,sim/drought.ts:droughtStorage,242,134.556,1737.991
extreme,analysis/vertical.ts:fallsOf,121,122.347,122.347
extreme,gen/intentions.ts:settlerView,121,874.996,1173.493
extreme,gen/settler.ts:shoreWalkFrom,121,404.413,404.413
extreme,gen/settler.ts:pumpShores,242,252.950,252.950
extreme,gen/settler.ts:shoreWalkAny,242,116.198,369.148
extreme,gen/settler.ts:prepareStart,121,98.527,1243.710
extreme,gen/settler.ts:bankStart,1,5.449,6.021
extreme,gen/settler.ts:pickStart,124,625.152,1715.168
extreme,land/intentions.ts:startPreference,164618,458.775,458.775
extreme,features/slopes.ts:placeSlopes,162,455.170,564.520
extreme,analysis/walk.ts:walkDistance,162,50.610,50.610
extreme,gen/settler.ts:startWalks,162,10.090,625.219
extreme,analysis/edges.ts:edgeWalls,25,7.039,7.039
extreme,validate/playability.ts:nearWater,56,25.667,25.667
extreme,land/minePads.ts:levelSquares,28,58.255,58.255
extreme,land/minePads.ts:ownSquares,4,10.039,36.767
extreme,land/minePads.ts:minePads,4,4.641,41.408
extreme,land/hazards.ts:ditchRoute,4,18.202,40.686
extreme,land/hazards.ts:straightStretch,1,0.051,0.051
extreme,features/route.ts:channelTiles,52,1.644,1.644
extreme,validate/playability.ts:basinLeak,1,0.023,0.043
extreme,land/hazards.ts:planBadwater,1,115.804,176.808
extreme,features/target.ts:sharedFields,25,0.179,0.179
extreme,features/build.ts:terrainStage,25,185.478,378.381
extreme,features/raster/terrain.ts:springTiles,100,2.986,2.986
extreme,water/sourceGroups.ts:groundOf,50,1.998,1.998
extreme,water/sourceGroups.ts:flowAt,50,0.058,0.058
extreme,water/sourceGroups.ts:shareEqually,100,0.167,0.167
extreme,water/sourceGroups.ts:placeRow,50,0.803,1.049
extreme,water/sourceGroups.ts:placeSourceGroup,50,0.177,3.225
extreme,math/hash.ts:guidFrom,450,1.144,1.342
extreme,water/sourceGroups.ts:groupIds,50,0.270,0.834
extreme,features/raster/terrain.ts:lakeSpringTile,100,0.046,0.046
extreme,format/footprints.ts:worldBlocks,1332,0.300,0.300
extreme,features/setpieces/badwaterBasin.ts:basinTiles,50,0.258,0.258
extreme,features/edits.ts:applyEntityEdits,25,0.180,0.180
extreme,features/build.ts:run,25,4931.464,5968.536
extreme,format/entities.ts:placementOf,1746,0.301,0.301
extreme,sim/prefill.ts:flowThrough,2,5.182,19.415
extreme,sim/prefill.ts:prefill,2,1.152,20.568
extreme,analysis/sources.ts:sourcesInFlow,48,165.082,478.262
extreme,validate/playability.ts:rulesFor,48,0.329,0.329
extreme,sim/water.ts:composeKept,24,0.034,0.034
extreme,sim/prefill.ts:canonicalRun,1,1.753,11.607
extreme,sim/fed.ts:fedTiles,1,1.311,1.311
extreme,sim/fed.ts:withoutUnfed,1,1.228,2.539
extreme,sim/prefill.ts:keepSealed,1,0.004,0.004
extreme,sim/columns.ts:waterColumns,48,20.405,20.405
extreme,sim/columns.ts:terrainColumns,48,24.767,24.767
extreme,sim/soil3d.ts:spreadGraph,96,398.649,398.649
extreme,sim/soil3d.ts:runWater,96,42.041,42.041
extreme,sim/soil3d.ts:settleTicks,96,538.866,538.866
extreme,sim/soil3d.ts:moisture3dGame,48,129.181,807.400
extreme,sim/soil3d.ts:contamination3dGame,48,291.822,593.159
extreme,sim/soil.ts:gameSoil,48,4.661,1519.220
extreme,gen/extras.ts:objectKeepOff,24,20.194,36.236
extreme,land/minePads.ts:roomMap,24,241.831,313.767
extreme,gen/settler.ts:dryStart,48,85.850,108.929
extreme,format/world.ts:emptySimulationSingletons,24,0.246,0.246
extreme,format/json.ts:formatFloat,2740416,546.197,546.197
extreme,format/world.ts:outflowToken,608448,537.883,810.749
extreme,format/world.ts:settledSimulationSingletons,24,578.560,1662.887
extreme,gen/pack.ts:worldOf,24,45.605,1708.492
extreme,gen/pack.ts:description,24,9.989,9.989
extreme,render/shade.ts:shadeTiles,24,40.041,40.041
extreme,render/shade.ts:thumbnailRgba,24,206.939,246.980
extreme,validate/checks.ts:jpegSize,24,0.096,0.096
extreme,validate/checks.ts:checkFile,24,221.644,221.740
extreme,validate/checks.ts:checkEntities,24,39.623,39.871
extreme,validate/checks.ts:checkEdgeWall,24,0.405,7.405
extreme,validate/checks.ts:checkTerrain,24,100.685,108.090
extreme,validate/checks.ts:checkSlopes,24,0.124,0.124
extreme,validate/checks.ts:checkStart,24,0.079,0.079
extreme,analysis/walk.ts:walkWorld,24,0.306,0.306
extreme,validate/playability.ts:checkOutflow,24,30.914,52.765
extreme,validate/playability.ts:checkSourcesInFlow,24,0.283,244.442
extreme,validate/playability.ts:checkContained,24,0.345,0.345
extreme,sim/soil3d.ts:columnSaturation,24,68.827,68.827
extreme,validate/playability.ts:checkMines,24,0.186,0.186
extreme,validate/playability.ts:checkPlayability,24,13.640,1214.360
extreme,validate/checks.ts:checkDamWall,24,0.659,1402.356
extreme,analysis/mechanics.ts:mechanicsOf,24,5.674,5.674
extreme,validate/checks.ts:validateMap,24,108.133,3100.677
extreme,gen/generate.ts:generate,1,3.995,25937.132
