"theme","size","reason","attempts","seeds","median","worst","total"
"any",96,"one place for a start",4,2,156.64374999981374,226.15840000007302,1910.6167999999598
"any",96,"no start",7,2,134.2335000000894,273.2565000001341,3102.8958999998868
"any",96,"no room for the mine sites",3,3,161.92019999958575,206.29899999964982,1486.9646000014618
"any",96,"water story (planned)",4,3,168.1050500003621,226.8135000001639,1901.9734999984503
"any",96,"a river's water leaves its course",2,2,137.99844999983907,165.7752999998629,747.8925999999046
"any",96,"a river's head under a lake",1,1,85.75499999988824,103.70920000039041,258.4583000000566
"any",96,"a sea over its shelf",1,1,274.652499999851,300.192300000228,805.5938000008464
"any",96,"source in a flow",1,1,158.58430000022054,161.11259999964386,475.507500000298
"riverValley",96,"promise (planned)",1,1,194.7567999996245,238.90989999938756,562.7856999989599
"riverValley",96,"a river's water leaves its course",12,3,75.3081499999389,163.84920000005513,3261.359800000675
"riverValley",96,"water story (planned)",4,3,74.99800000013784,146.4194000000134,1009.649299999699
"riverValley",96,"no start",2,2,184.78439999977127,257.2017999999225,1129.9383000005037
"riverValley",96,"one place for a start",1,1,140.26180000044405,152.03199999965727,431.3101999992505
"canyon",96,"promise (planned)",12,4,157.17559999972582,231.61120000015944,5172.943300001323
"canyon",96,"water story (planned)",3,3,137.50669999979436,240.3762999996543,1389.0186000000685
"canyon",96,"a river's head under a lake",3,1,65.2933999998495,146.47240000031888,772.2694000005722
"canyon",96,"no start",22,3,112.97410000022501,247.65650000050664,8347.024199998006
"canyon",96,"a river's water leaves its course",2,1,102.17510000010952,137.07139999978244,607.7583000008017
"canyon",96,"one place for a start",5,3,137.4401000002399,163.18539999984205,2022.1302000004798
"canyon",96,"no room for the mine sites",8,2,159.0297999996692,279.7525000004098,4531.422199999914
"canyon",96,"source in a flow",1,1,183.72360000014305,189.9536999994889,554.3861999996006
"highlands",96,"no rivers",1,1,120.80640000011772,126.10040000081062,329.5851000007242
"highlands",96,"promise (planned)",23,5,152.85800000000745,268.2319000000134,10016.163199997507
"highlands",96,"no start",28,4,119.5987999998033,218.7995999995619,10603.658699995838
"highlands",96,"one place for a start",4,3,148.03149999957532,209.1544000003487,1749.992200001143
"highlands",96,"a river's water leaves its course",6,3,78.36425000010058,151.85410000011325,1477.4217000016943
"highlands",96,"water story (planned)",4,3,122.9378499998711,196.11649999953806,1421.4605000000447
"highlands",96,"terrain.dam_wall",1,1,169.72620000038296,172.89350000023842,502.94050000049174
"highlands",96,"ruler-straight channel",1,1,151.24650000035763,157.629800000228,455.1632000012323
"lakeBasin",96,"promise (planned)",10,3,143.8957499996759,191.06559999939054,4307.862699999474
"lakeBasin",96,"a river's water leaves its course",4,2,93.07584999967366,189.73259999975562,1205.1577999992296
"lakeBasin",96,"no room for the mine sites",1,1,190.41430000029504,226.4368000002578,602.1523000001907
"lakeBasin",96,"a river's head under a lake",2,1,97.58044999977574,142.1535000000149,588.1067000003532
"lakeBasin",96,"no start",4,1,116.78200000012293,173.84640000015497,1461.0095999995247
"lakeBasin",96,"no rivers",1,1,103.89850000012666,122.49550000019372,324.94700000062585
"delta",96,"a river's head under a lake",6,2,35.94829999981448,90.17480000015348,802.1943999994546
"delta",96,"no place for badwater",1,1,208.10080000013113,214.942300000228,611.7585000004619
"islands",96,"no room for the mine sites",1,1,239.15859999973327,255.77759999968112,680.5420999992639
"any",128,"water story (planned)",1,1,325.4115999992937,364.5579000003636,1011.6935000000522
"any",128,"one place for a start",1,1,446.30169999971986,452.7853999994695,1268.5759999994189
"any",128,"no start",3,2,340.39109999965876,464.7613000003621,2865.544799999334
"any",128,"source in a flow",1,1,325.5252999998629,362.6775000002235,1004.4579999996349
"any",128,"a river's water leaves its course",1,1,390.5763999996707,420.0038999998942,1193.253800000064
"any",128,"a sea over its shelf",1,1,145.60539999976754,148.69180000014603,425.6284999996424
"riverValley",128,"water story (planned)",5,2,241.7036999994889,351.907300000079,3678.067299997434
"riverValley",128,"a river's water leaves its course",6,2,166.82784999953583,309.18800000008196,3362.7929999995977
"riverValley",128,"a river's head under a lake",3,1,157.80389999970794,262.3662999998778,1548.5617999993265
"riverValley",128,"one place for a start",2,1,256.31995000038296,430.62619999982417,1609.2959000011906
"riverValley",128,"no start",2,2,221.86879999982193,396.98689999990165,1392.303499999456
"riverValley",128,"source in a flow",2,1,203.34355000033975,305.26640000008047,1328.0894000008702
"riverValley",128,"no rivers",1,1,230.13350000046194,280.224100000225,706.4561000009999
"canyon",128,"promise (planned)",12,4,296.1983500001952,465.5447000004351,10156.180400000885
"canyon",128,"water story (planned)",4,2,306.00474999984726,433.2361000003293,3776.4904000004753
"canyon",128,"no start",15,4,268.5880999993533,521.0351999998093,12078.737599995919
"canyon",128,"no rivers",1,1,283.06749999988824,297.91769999917597,860.3087999988347
"canyon",128,"ruler-straight channel",1,1,265.4346000002697,266.0978000005707,792.7432000013068
"canyon",128,"one place for a start",4,1,208.29964999994263,406.2314999997616,2744.4327000007033
"canyon",128,"no room for the mine sites",2,1,410.0215000002645,494.9504999993369,2335.1339999996126
"canyon",128,"a river's head under a lake",1,1,83.14620000030845,98.93960000015795,250.85500000044703
"highlands",128,"promise (planned)",26,5,242.6738500003703,593.1510000005364,18783.190800000913
"highlands",128,"no start",34,5,193.35960000008345,457.6458000000566,21933.914899999276
"highlands",128,"one place for a start",11,3,246.98230000026524,428.69709999952465,8739.2173999995
"highlands",128,"a river's water leaves its course",5,3,209.21769999992102,288.7017000000924,3016.441100000404
"highlands",128,"water story (planned)",4,3,255.47624999983236,340.5077999997884,2760.4842000016943
"highlands",128,"a river's head under a lake",3,2,227.84210000000894,296.55520000029355,1906.2985999984667
"highlands",128,"ruler-straight channel",2,2,212.68690000008792,279.8951000003144,1357.3252000007778
"lakeBasin",128,"a river's water leaves its course",13,3,171.550199999474,290.83920000027865,7121.879899999127
"lakeBasin",128,"no start",3,2,283.5828999998048,463.13229999970645,2753.560999999754
"lakeBasin",128,"a river's head under a lake",1,1,118.43580000009388,119.3461999995634,317.45039999950677
"lakeBasin",128,"one place for a start",1,1,249.90689999982715,261.0622000005096,678.7154000010341
"lakeBasin",128,"promise (planned)",9,3,257.28029999975115,385.89489999972284,6658.96190000046
"lakeBasin",128,"water story (planned)",1,1,273.2717999992892,390.7658999999985,918.5965999998152
"lakeBasin",128,"terrain.dam_wall",1,1,450.7478000000119,566.5509000001475,1420.5801999997348
"delta",128,"a river's head under a lake",6,2,81.26264999993145,139.93219999969006,1470.3736999994144
"any",256,"a river's water leaves its course",10,5,1044.8798500000266,2775.1805999999633,33113.6390000002
"any",256,"a sea over its shelf",4,4,2241.030350000132,3882.9328999994323,25940.381599999033
"any",256,"no start",4,3,970.3271500000264,2660.2749000000767,15557.5531999995
"any",256,"water story (planned)",5,3,1386.1155000000726,2048.607299999916,19063.665599999717
"any",256,"ruler-straight channel",1,1,2012.1769000000786,2083.9883000000846,6074.8320000001695
"any",256,"a river's head under a lake",2,2,1671.3290500000585,4691.314100000076,11945.752300000051
"any",256,"one place for a start",1,1,2949.9224999998696,3814.1436000000685,9413.204700000118
"any",256,"terrain.dam_wall",1,1,2652.093499999959,4935.4272000002675,10238.082700000145
"any",256,"source in a flow",2,1,1080.3920499999076,2204.0782000003383,6704.116100000218
"riverValley",256,"a river's water leaves its course",18,7,1125.2926000000152,5546.3957000002265,73605.14800000178
"riverValley",256,"ruler-straight channel",2,2,1920.4997500000172,5514.168900000164,17304.63240000012
"riverValley",256,"water story (planned)",5,3,1934.250299999956,6257.208699999843,33267.95309999958
"riverValley",256,"terrain.dam_wall",1,1,3616.3588000000454,7458.724799999967,14058.604700000025
"canyon",256,"promise (planned)",23,12,1830.1083999997936,13209.740699999966,172441.98510000113
"canyon",256,"no start",24,9,1264.4002999999793,11133.286700000055,140099.53910000104
"canyon",256,"water story (planned)",5,3,1833.5354999999981,5508.813500000164,34509.34759999957
"canyon",256,"a river's water leaves its course",3,3,1651.8961000000127,3541.3274000003003,18234.842700000037
"canyon",256,"a river's head under a lake",1,1,350.1926000000094,389.921800000011,1043.443600000057
"canyon",256,"no room for the mine sites",1,1,2167.5928999999887,2306.0447000000277,6523.821799999976
"canyon",256,"terrain.dam_wall",5,4,2003.4704999998212,15961.418900000048,65707.1472
"canyon",256,"one place for a start",6,3,2283.053200000082,9380.744399999967,49694.95559999987
"canyon",256,"ruler-straight channel",2,2,1386.6150999999372,6160.898999999976,11619.135899999877
"canyon",256,"no rivers",1,1,3299.7357999999076,4193.4210999999195,10513.310599999502
"highlands",256,"a river's water leaves its course",7,3,1000.0625,3526.4379999996163,25910.965299999516
"highlands",256,"water story (planned)",5,4,1512.6463999999687,3896.2392000001855,27984.69950000022
"highlands",256,"promise (planned)",26,13,1729.6614500000142,5496.161900000181,166983.95500000071
"highlands",256,"one place for a start",4,3,1623.5144499999005,3429.467100000009,23368.963699999964
"highlands",256,"no start",7,4,1378.6433999999426,3463.498800000176,30566.435599999502
"highlands",256,"terrain.dam_wall",1,1,1147.6806999999098,1953.6419999999925,4233.21120000002
"lakeBasin",256,"a river's water leaves its course",34,11,1195.9416999999667,7054.384100000025,137441.41969999863
"lakeBasin",256,"promise (planned)",28,12,1582.520349999977,4639.229500000016,132144.5095000011
"lakeBasin",256,"no place for badwater",1,1,4399.907699999865,4461.7974000000395,13207.09169999999
"lakeBasin",256,"source in a flow",1,1,2839.438099999912,3900.7953999997117,9331.94169999985
"lakeBasin",256,"one place for a start",1,1,2450.6360999997705,2706.44430000009,7260.953300000168
"lakeBasin",256,"no start",3,2,2684.1365999998525,4970.4555000001565,25366.363200000953
"lakeBasin",256,"no rivers",1,1,1626.8063000002876,2376.808399999514,5412.203300000168
"delta",256,"no place for badwater",7,6,2073.714499999769,13667.408499999903,60356.576199999836
"delta",256,"a river's head under a lake",3,1,348.78129999991506,527.0547000002116,3180.4552000002004
"islands",256,"no start",2,2,1337.1954999999143,3144.3297999999486,10198.542600000277
